:020000040800F2
:100000000040022019470008810500088505000806
:1000100000000000000000000000000000000000E0
:10002000000000000000000000000000950500082E
:100030000000000000000000970500089905000876
:100040006947000800000000694700086947000888
:1000500069470008694700086947000869470008C0
:1000600069470008A1050008B1050008C905000896
:100070006947000869470008694700080000000058
:1000800069470008D9050008694700086947000862
:100090006947000869470008694700086947000880
:1000A000694700086947000869470008E905000832
:1000B000F90500086947000810B5064C2378002BA5
:1000C00007D1054B002B02D0044800E000BF0123FC
:1000D000237010BDA0000020000000003C57000865
:1000E000044B10B5002B03D00349044800E000BFC7
:1000F00010BDC04600000000A40000203C570008CE
:1001000002B4714649084900095649008E4402BCB0
:100110007047C04602B4714649084900095C49006D
:100120008E4402BC7047C04603B471464908400083
:100130004900095E49008E4403BC70470022430811
:100140008B4274D303098B425FD3030A8B4244D39F
:10015000030B8B4228D3030C8B420DD3FF220902E1
:1001600012BA030C8B4202D31212090265D0030BA0
:100170008B4219D300E0090AC30B8B4201D3CB0396
:10018000C01A5241830B8B4201D38B03C01A5241D8
:10019000430B8B4201D34B03C01A5241030B8B42DA
:1001A00001D30B03C01A5241C30A8B4201D3CB02C5
:1001B000C01A5241830A8B4201D38B02C01A5241AA
:1001C000430A8B4201D34B02C01A5241030A8B42AD
:1001D00001D30B02C01A5241CDD2C3098B4201D3C5
:1001E000CB01C01A524183098B4201D38B01C01A43
:1001F000524143098B4201D34B01C01A52410309BA
:100200008B4201D30B01C01A5241C3088B4201D368
:10021000CB00C01A524183088B4201D38B00C01A15
:10022000524143088B4201D34B00C01A5241411A3C
:1002300000D20146524110467047FFE701B5002049
:1002400000F0F0F802BDC0460029F7D076E770470D
:1002500003460B437FD4002243088B4274D3030927
:100260008B425FD3030A8B4244D3030B8B4228D3C8
:10027000030C8B420DD3FF22090212BA030C8B42EE
:1002800002D31212090265D0030B8B4219D300E08E
:10029000090AC30B8B4201D3CB03C01A5241830B13
:1002A0008B4201D38B03C01A5241430B8B4201D3C3
:1002B0004B03C01A5241030B8B4201D30B03C01AEC
:1002C0005241C30A8B4201D3CB02C01A5241830A66
:1002D0008B4201D38B02C01A5241430A8B4201D395
:1002E0004B02C01A5241030A8B4201D30B02C01ABF
:1002F0005241CDD2C3098B4201D3CB01C01A524126
:1003000083098B4201D38B01C01A524143098B42AE
:1003100001D34B01C01A524103098B4201D30B0197
:10032000C01A5241C3088B4201D3CB00C01A5241BC
:1003300083088B4201D38B00C01A524143088B4281
:1003400001D34B00C01A5241411A00D2014652411A
:10035000104670475DE0CA0F00D04942031000D339
:100360004042534000229C4603098B422DD3030A8E
:100370008B4212D3FC22890112BA030A8B420CD39E
:10038000890192118B4208D3890192118B4204D3C7
:1003900089013AD0921100E08909C3098B4201D347
:1003A000CB01C01A524183098B4201D38B01C01A81
:1003B000524143098B4201D34B01C01A52410309F8
:1003C0008B4201D30B01C01A5241C3088B4201D3A7
:1003D000CB00C01A524183088B4201D38B00C01A54
:1003E0005241D9D243088B4201D34B00C01A52412B
:1003F000411A00D20146634652415B10104601D3B8
:100400004042002B00D54942704763465B1000D341
:10041000404201B5002000F005F802BD0029F8D0E7
:1004200016E770477047C04607B5064B019018683D
:10043000002800D104480A23012201A903F0C5F8CD
:1004400001980EBDA0B4002054030020044B0268A4
:1004500010B59A4202D1034801F04CFE10BDC046CF
:1004600000100040E400002030B5102593B0382281
:10047000002104A804F0BAFB2A000021684604F019
:10048000B5FB8020800001F03DFE0923049380230A
:100490005B020224059301230A931B190C9380230A
:1004A0009B020F9380239B041093802304A8DB05F9
:1004B0000B940D950E95119301F050FE002801D07C
:1004C00072B6FEE70723029003902100684600936E
:1004D000019402F0ABF8002801D072B6FEE713B029
:1004E00030BD000010B501F0DFF8FFF7BDFF00F0F0
:1004F000EDF800F023F900F073F900F0D1F900F005
:1005000005FA00F041F900F081F9164804F058FAB4
:10051000154802F02FFA00F071FF144803F0ACFB0D
:10052000041E05D02100124804F0E4F972B6FEE77B
:1005300003F0B2FE002811D1033000F089FF00283B
:1005400006D003F0DBFB011E02D00A4804F0D2F90A
:10055000094804F035FA00F0B1FFFCE7200003F091
:1005600081FEF5E768570008F4000020785E000877
:100570007457000891570008AA57000872B6FEE7A2
:10058000FEE7000010B5024804F01AFAFEE7C04684
:10059000B75700087047704710B501F099F810BDC3
:1005A00010B5024801F068FB10BDC0466002002093
:1005B00010B5034801F060FB024801F05DFB10BD7F
:1005C000000200204001002010B5024801F054FB59
:1005D00010BDC046A001002010B5024802F004FA88
:1005E00010BDC046F400002010B5024802F048FCDF
:1005F00010BDC0465403002010B5024802F040FC74
:1006000010BDC046C002002007B501210A4BC02022
:100610001A6CC0000A431A641A6C0A4080210092C6
:10062000009ADA6B49050A43DA63DB6B0B400193EE
:10063000019B01F071F807BD00100240704770B5D2
:100640000E0014000025A54201DB200070BD00E073
:1006500000BF70550135F6E770B50E001400002597
:10066000A54201DB200070BD705DFFF7DDFE0135A6
:10067000F6E701204042704780239B0100204B6039
:100680007047012070470020704700000B490C4A5A
:100690000300521A0B4910B50868002801D10A4816
:1006A00008600868C318934206D904F0F5FA0C23D1
:1006B00003600120404210BD0B60FCE70008000011
:1006C00000400220BC000020F8B7002070B588B0C0
:1006D0001422002103A804F089FA20210124802695
:1006E000144B154D5A6BB6000A435A635A6B2800D7
:1006F0000A400092009A5A6B183922435A635A6B87
:1007000022400192019A5A6B0A435A635B6B0022A2
:100710000B4002933100029B01F0B4FC002328003F
:10072000059303A9033303960494069301F0F2FBA7
:1007300008B070BD00100240000C005007B5012148
:10074000104B09209A6B0A439A6300229B6B0B4063
:1007500001931100019B00F0EBFF092001F012F85A
:1007600000220A20110000F0E3FF0A2001F00AF83D
:1007700000220B20110000F0DBFF0B2001F002F83B
:1007800007BDC046001002400848094B10B5036081
:1007900000238380436183610133036201F05AF8CF
:1007A000002801D0FFF7EAFE10BDC046C0000020BF
:1007B00000300240084B026882B09A4209D1802181
:1007C000064B49019A6B0A439A639B6B0B4001935A
:1007D000019B02B07047C04600300240001002404A
:1007E0000748084B10B5036003234360064BC36002
:1007F000836001F04DFC002801D0FFF7BFFE10BD63
:10080000E400002000300040B80B000030B585B097
:100810000C22002101A804F0E9F90F4C0F4B002530
:1008200023600F4B200063600E4BA560E3608023C4
:10083000A36102F0D5F9A84201D0FFF79FFE200086
:1008400001A90195039502F0F5F9002801D0FFF701
:1008500095FE05B030BDC046F400002000100040F9
:10086000FF180000E703000007B50B4B02689A422F
:1008700010D11021094B1120DA6B0A43DA630022F0
:10088000DB6B0B4001931100019B00F051FF112025
:1008900000F078FF07BDC046001000400010024085
:1008A00010B5184B184C0C222360E1235B026360E7
:1008B00000232000A360E36023616261A361E36120
:1008C00023626362A36202F04FFF002801D0FFF7AA
:1008D00055FE0021200003F01BF8002801D0FFF78F
:1008E0004DFE0021200003F033F8002801D0FFF76F
:1008F00045FE200002F0EEFF002801D0FFF73EFE8B
:1009000010BDC046003801405403002010B5184BFC
:10091000184C0C222360E1231B036360002320009A
:10092000A360E36023616261A361E36123626362A8
:10093000A36202F019FF002801D0FFF71FFE00217B
:10094000200002F0E5FF002801D0FFF717FE00218C
:10095000200002F0FDFF002801D0FFF70FFE20006D
:1009600002F0B8FF002801D0FFF708FE10BDC04616
:1009700000440040C002002070B5050094B014226D
:10098000002104A804F032F92C22002109A804F067
:100990002DF92B68654A934262D1012309A8099376
:1009A00001F002FF002801D0FFF7E8FD8021604B35
:1009B000C9011A6CA0200A431A641A6C00260A4066
:1009C0000092009A0122596BC005114359635B6B79
:1009D00004A913400193019BC023DB00049302236D
:1009E00005939B1807930696089201F093FA514CD1
:1009F000514B20002360322363604E33A660E660D3
:100A000023616661A661E661266201F013F8B042D7
:100A100001D0FFF7B3FD2B1DDC67A562474B484CA7
:100A20008022236033236360233BA36000232000E4
:100A3000E36022616361A361E361236200F0FAFF76
:100A4000002801D0FFF79AFD00221B201100EC675F
:100A5000A56200F06DFE1B2000F094FE14B070BD86
:100A6000384A9342FAD1022309A8099301F09CFE67
:100A7000002801D0FFF782FD80212D4B8902DA6B1F
:100A8000A0200A43DA63DA6B00260A400292029A37
:100A90000122596BC005114359635B6B04A91340D4
:100AA0000393039B0C2304930A3B05939B18079322
:100AB0000696089201F02EFA234C244B2000236066
:100AC000342363604C33236180239B01A660E6607E
:100AD0006661A661E661236200F0ACFFB04201D01E
:100AE000FFF74CFD2B1DDC67A562194B194C8022CA
:100AF000236035236360253BA3600023E3606361CB
:100B0000A361E361802320009B012261236200F046
:100B100091FF002801D0FFF731FD00221C201100B9
:100B2000EC67A56200F004FE1C2095E70038014048
:100B30000010024060020020080002401C00024039
:100B40000002002000440040A001002044000240B8
:100B500030000240400100200121134B70B5021EFD
:100B60001960124C1249134B1348144D13D10B60EA
:100B700020606A80124A2468012514600024114A0A
:100B80001470114A1560114A14600A689A4207D11C
:100B900002F0DEF870BD0022086023602A80E9E7D9
:100BA0008242F7D11800F3E74C04002050040020E3
:100BB0005404002054030020C002002058040020E8
:100BC000A0B400203D040020400400203804002090
:100BD00013B56B46DC1D432323700B4B1B68002BA6
:100BE0000CD1012221000948323302F0EEFC084802
:100BF00032230122210002F0E8FC03E0054B1868D3
:100C00000028F5D113BDC0464C0400205403002039
:100C1000C00200205404002007B56A460B00D11D15
:100C20000B70002803D03223012202F0CEFC07BD56
:100C300010B5034B15211868FFF7EEFF10BDC04635
:100C40005404002010B5034B06211868FFF7E4FF99
:100C500010BDC04654040020074B02001B68012051
:100C6000002B08D0054B06481B68002A00D0054819
:100C7000181A4342584170474C0400205404002085
:100C800054030020C002002070B580220024164BBF
:100C90002100920115481C805C8003F0A7FFFF2211
:100CA000134B21001C60134B13481C70134B1A701C
:100CB000134BC73A1C6003F099FF124B124D1C8076
:100CC000124B1C60124B1C60124B1C60124B1C70B0
:100CD000124B1C70124B1C702B68A34202D003F005
:100CE00083FA2C6070BDC046580400205C040020CC
:100CF000400400203D040020FE0300203C040020AE
:100D000038040020FC030020EC030020F80300203E
:100D1000F4030020F0030020EA030020E903002090
:100D2000E8030020802270B5120104000D0002F0DB
:100D300031FE002808D0200002F00AF880222900A5
:100D40002000120102F026FE70BD000000220D4BB3
:100D500070B51A600C4B0D4C1A600D4B20001C60D6
:100D60000C4B1C6001F0F4FF0B4D280001F0F0FF6C
:100D700020000A49FFF7D6FF28000949FFF7D2FFF4
:100D800070BDC0464C0400205404002054030020D1
:100D900050040020A0B40020C0020020A0AC00201D
:100DA000A0A4002070B5041E0FD000F09DFC4026CA
:100DB00005002368DB69334204D100F095FC401B39
:100DC0002828F6D90A2000F095FC70BD70B5041EE5
:100DD0000BD00825013D18212000EDB2FFF71CFFC4
:100DE000002DF7D12000FFF7DDFF70BD10B5024BDD
:100DF0001868FFF7EBFF10BD54040020144B0100EE
:100E000010B5180003F076FD124C2368002B03D0B8
:100E100003F0EAF9002323600024FFF735FF0E4BAF
:100E20000E4A1C600E4B1C600E4B1A6000F05CFCFE
:100E30000D4B18600D4B18600D4B1C700D4B1C704A
:100E40000D4B1C700D4B1C70FFF780FF10BDC04692
:100E5000C2570008EC0300204C040020540300207B
:100E600054040020A0B400204404002048040020C2
:100E70005E2400205F2400205D2400205C240020EC
:100E8000F0B5C24F95B002030090D719009BC04C3B
:100E90005D002B5B9C46002B1ED00023BD48FA5CF6
:100EA00099B2182A1AD80600D640320001263242DA
:100EB00014D0002918D1625B002A0DD0B64B1E68F1
:100EC000002E20D0009B002B17D1B449B44B0968E9
:100ED000994218D00023635315B0F0BD01339AB284
:100EE0009445DCD8013189B263465E1A320038007D
:100EF000791803F069FE6653DDE7009B012B02D1F0
:100F0000A649A84BE3E7397818291DD1013A93B2D5
:100F10000193A54B791C1B78002B05D0380003F0FA
:100F200053FE019B6353B1E7A04B38001E78013696
:100F3000F6B21E7003F048FE019B9D486353012EDC
:100F4000A4D9FFF75BFFA1E7984B01930023019819
:100F50000370042966D1551E2A003800791C03F05D
:100F600033FE009B5B00E5528F4B02931B7803938B
:100F7000002B00D08AE7002E00D187E7874C23683A
:100F8000002B00D182E78B4D2B68002B04D1FFF79B
:100F90004FFE01232B6079E7012B00DD76E702236A
:100FA0002B60FFF74FFE2068FFF7FCFEFFF710FEF7
:100FB0000F2000F09FFB00F0FDF90098FFF760FFA5
:100FC0004F212068FFF728FE2068FFF7EBFE019B0A
:100FD000039A1A700123029A137000F0EBF900983B
:100FE000FFF74EFF744C2368002B11D0734B1B6826
:100FF000002B0DD003F040F8011E0BD1704803F018
:10100000DFFC002003F02EF90023236002F076FEBF
:101010006C4896E76C4803F06DFC03F0E5F800239C
:101020002360F5E74B1E012B00D955E78023DB0039
:101030000293012901D180230293029B053303937C
:101040009A4200D248E77B7801930198BB78C31895
:10105000DBB2FF2B0ED0531E1A003800791C01930F
:1010600003F0B2FD019B6353002E00D10EE7FFF7A2
:10107000DFFD0BE7029BFC18E37820791B02184385
:10108000844600233800C5782D026B40082504955E
:101090001DB25B009BB2002D01DA4C4D6B40049DEC
:1010A000013D0495002DF3D101308442EBD19C45E4
:1010B0001AD0541E22003800791C03F085FD009AD6
:1010C000334B5200D452002E00D1DFE6FFF7B0FDC3
:1010D0003F4A13780133DBB21370142B00D8D5E6E6
:1010E000FFF784FE3B482CE7012921D1019B002B0F
:1010F0001ED1FB78002B1BD1304B1B68002B17D067
:101100002C4B1B68012B13DD002E02D10098FFF73A
:1011100023FDFFF797FD009B1D4C5E00355B039B95
:101120003800ED1A2A00F91803F04EFD3553ADE6EC
:10113000002E02D10098FFF70FFD274A019913787E
:101140008B4212D0254B1B788B42E2D0FFF770FD0B
:101150001F4A13780133DBB21370142BDBD9FFF76E
:1011600045FE1F48FFF74AFED5E700241D490E68DB
:10117000A64239D001231370184B019A0C601A70E3
:10118000FFF760FD124B1C70C5E7C0465C040020F1
:1011900058040020160000014C04002054040020D4
:1011A00054030020C0020020E9030020EA030020CD
:1011B000D357000838040020EC030020F803002077
:1011C000D757000800580008EC570008211000000D
:1011D000E8030020045800083D0400203C040020DF
:1011E0000858000840040020FB1C0593384B1B687E
:1011F000002B3ED1374B1D8838235C1B029BA4B2C9
:101200009B1BA34200DA9CB2334B2200E8180493E4
:10121000059B2D19991903F06CFD2E4BADB21D8065
:10122000372D20D93822049906A803F062FD06A8BC
:1012300002F0C2FD002803D01422284B1A7022E0CD
:101240000125274B382204991D6002F099FE0028E1
:10125000F2D138221E4B09991D60224B1A60089B5F
:10126000214A5B1813603619029BB6B2B342BDD84F
:1012700005E01D4B1B4A1B681068834207D2174CC0
:101280002378132B17D9FFF7B1FD18486AE71A1A0C
:101290008342F4D0029B9C1BA4B2A24200D294B21F
:1012A000059B2200991902F06BFE0028C4D10D4A5B
:1012B00013681B19D6E70E4B019A1A70019B0D4A51
:1012C00001331370FFF7BEFC0023237023E7C046F1
:1012D000F8030020FC030020FE030020E8030020A8
:1012E000EC030020F4030020F00300200C58000859
:1012F0003C0400203D040020F0B5224CA544224CC3
:10130000224B22781B789A4202D1214B9D44F0BD9A
:101310002278204953029B189B001F4AC91801A834
:1013200003F0E7FC0F2223780133134023706B4650
:101330001C792000FFF790FC0028E0D06B4680214C
:10134000164D6600DA88735B49019F188F420DD9EC
:10135000134B1868002803D11248002C00D1124802
:10136000FFF734FD1148FFF749FDC8E72003C01817
:101370000F4B02A9C01803F0BCFC20007753FFF705
:101380007FFDBCE7F4F7FFFF5E2400205F24002010
:101390000C0800006024002004080000580400200D
:1013A00054040020C00200205403002013580008F9
:1013B0005C04002010B50B4B1B78002B0FD00A4BA0
:1013C0001868002805D1094B09481B78002B00D16B
:1013D0000848FFF7FBFC0848FFF710FD10BDFFF7BA
:1013E0008BFFFBE75D240020540400205C240020D8
:1013F000C0020020540300201E5800080C4B0D4A68
:1014000010B51A60FFF740FC00230B4A13700B4A1B
:1014100013700B4A13700B4A137000F065F90A4BF6
:1014200018600A4B1860FFF791FCFFF7D1FB10BD65
:10143000A0B40020540300205F2400205E2400207C
:101440005D2400205C240020440400204804002087
:10145000F8B5041E16D00025FFF7BAFB00F044F9DA
:10146000124F386000F040F9060000F03DF9801B93
:1014700063280AD90135AC42EED100F035F90C4BA6
:101480003860186001204042F8BDFFF793FF094B18
:101490001868002808D1084A138852881343F3D1EA
:1014A000013000F027F9E0E70020EDE744040020D8
:1014B000480400204C0400205804002070B5FFF7B9
:1014C00079FF00F011F9164D04002B68C31AC72BE1
:1014D00006D9144B1B68002B01D1FFF779FB2C6058
:1014E000114B1B68E41A114B9C4218DD0D4B1B6815
:1014F000002B01D0FFF77AFC02F048FC00280BD04B
:101500000B4803F05DFABFF34F8F0A4B0A4ADA60CB
:10151000BFF34F8FC046FDE70848FFF76FFC70BD73
:10152000440400204C04002048040020B70B0000B5
:101530002858000800ED00E00400FA053C580008B7
:10154000F7B5324A0C00831A591E8B41DBB20500F5
:101550002F4E0093904200D12E4E80231B019C42BF
:1015600022D8002C16D0002301202B49F25C182A27
:1015700003D80F00D740074208D101339AB29442F2
:10158000F4D80098FFF768FB002808D000F0ACF80A
:10159000224B18600098FFF75FFB002806D131004E
:1015A0002800FFF7BFFB15E01C00DCE70F221C4FF3
:1015B0003B780133134001931A4B019A1B789A42EE
:1015C00009D1194B009A28001A700122174B1A7082
:1015D00001F0BEFBF7BD3978154B4A02521800994D
:1015E0009200D15439784A02521892009A185480C5
:1015F0003A7831005002801880000430C018220070
:1016000003F077FB019B3B70C9E7C0465403002001
:10161000A0A40020A0AC0020160000014804002077
:101620005F2400205E2400205C2400205D24002034
:10163000602400200F22036810B51A62034B04498E
:10164000984200D10349FFF76DFB10BD5403002001
:10165000A0A40020A0AC002070B5104B05001978A4
:10166000002901D1012070BDFA208000FEF766FD3F
:101670000B4C01002068FEF761FD00F08FF8041E9E
:10168000F0D1032DEED8020001202900404200F0E5
:101690004FF8044B20001D60E5E7C0460400002021
:1016A00000000020080000208023084A5B00116829
:1016B00010B50B4303201360FFF7CEFF041E03D1C8
:1016C000FEF7A2FF200010BD0124FBE7002002402E
:1016D000034A044B11681B785B1813607047C046BF
:1016E000A4B4002004000020014B18687047C046D5
:1016F000A4B4002070B50400FFF7F6FF0500631CDA
:1017000002D0044B1B78E418FFF7EEFF401BA04209
:10171000FAD370BD04000020034A044913680B404B
:10172000034313607047C04600000140FFF9FFFF0C
:1017300010B5FF2403220B0021000240D20091408B
:101740009B012340C943934000280ADBC0240B4A75
:10175000800880008018A40002590A4013430351F6
:1017600010BD0F2210400838054A800880008018FC
:10177000C26911401943C161F2E7C04600E100E0CF
:1017800000ED00E0002805DB1F2318401E3B8340CE
:10179000014A13607047C04600E100E08022431E0A
:1017A0005204012093420DD2C021074A07485360DA
:1017B000036A09061B021B0A0B430362002007236E
:1017C000906013607047C04610E000E000ED00E05C
:1017D0000B00F7B59608B600741805680194019CD3
:1017E000A3420BD1032714003C403A4203D0895D49
:1017F000012C10D1297003681868FEBD1C785F7831
:1018000024063F043C43DF783C439F7804333F0287
:101810003C432C60E3E75A7809020A432A80022CF1
:10182000E9D09B782B70E6E7F0B50D000026006844
:101830005408B44206D1D20702D5A400635A0380EB
:101840000068F0BD2B886F881B043B4303600136A2
:101850000435EEE710B5041E01D1012010BD437F11
:10186000DAB2002B02D10277FEF7A4FF02236377DE
:101870002379002B1CD118212368124A5A619A68D7
:101880008A439A6062792368002A19D1013A60215B
:101890001A619A6800208A4361690A4380219A602C
:1018A0009A688A43A1690A439A6001236377D5E75E
:1018B0002000E268A16800F04BF80028E2D0CCE7F5
:1018C0002269E4E7B71DC104022310B54377036A18
:1018D0000400022B14D0032B06D00020012B09D1C9
:1018E0002000FFF775FF05E0920003688A18914217
:1018F00003D118680123637710BD01C91860F6E7AA
:10190000FFF792FFF6E7022370B543770400036800
:1019100001209D6828439860206A022814D003287B
:1019200005D001280CD000200123637770BD920000
:101930008A18914201D11868F6E701C91860F8E7E2
:101940002000FFF745FFEFE72000FFF76DFFEBE713
:1019500030B501250400280029420FD01F23013B88
:1019600022D30800D8402842F9D0102A15D0102AD6
:1019700005D8002A08D00120082A12D030BD012045
:10198000182AFBD1062BF9D82068416118218368F9
:101990008B43134383600020F0E70120072BF3D92A
:1019A000ECE70F2BEAD8EFE70120102ADFD1E5E7BB
:1019B00070B5C46C056D6560446D002C02D0846DFB
:1019C000C56D65601C24456C066C25401B3CAC4015
:1019D0007460046863608368102B02D1A260E160C8
:1019E00070BDA160E260FBE770B50668446C05005D
:1019F000F0B214210838FEF7A1FB0A4BA408A4009A
:101A00009E420AD8084BE418084BAC64EB641F23D1
:101A100018401E3B83402B6570BD054B0730E41812
:101A2000F2E7C04607040240000802408008024076
:101A30001C080240F8B504000120002C4BD025689A
:101A40002B4B14219D4247D82A4BE818FEF776FB12
:101A5000294B800023640223A61D6064F3772B6862
:101A6000264AA76813402B60E36821693B430B4378
:101A700061692A680B43A16920000B43E1690B43AC
:101A8000216A0B4313432B60FFF7AEFF8023DB017A
:101A90009F4201D1002363607F236268A16C1340E1
:101AA0000B60206DE16C013A4860032A1BD8144A90
:101AB000144899180122013B9A40E2651300002264
:101AC00089006165A0650A60436000200123E0632E
:101AD0000534F377E077F8BD0B4BE818FEF72EFBE3
:101AE0000A4B8000B6E700236365A365E365ECE776
:101AF00007040240F8FFFDBF000002400F80FFFF17
:101B00003F82001040090240F8FBFDBF0004024084
:101B1000F7B5451D0193EE7F04000220012E33D05E
:101B20000138E877A71DFE7FB4466346F6B20096FB
:101B30000026834230D10130F8772568E6632868B3
:101B4000009B98432860019B2000FFF731FF236B27
:101B5000B3421AD00E232A6813432B60A36C1A6871
:101B6000D20304D58022196852000A431A60636DBB
:101B7000002B04D08022196852000A431A60012306
:101B800000202A6813432B60FEBD04222B68934378
:101B90002B602A680A23DFE78023E363EE77F3E70D
:101BA000F0B5002808D0841DE37F411D022B05D02D
:101BB0000423C3630023CB770120F0BD0E25026808
:101BC000866C13681C27AB43136033680E4D2B40A3
:101BD0003360012316689E431660426C066C3A40DF
:101BE0009340026D7360C36C5A60436D002B05D047
:101BF0001A682A401A60836DC26D5A600123002062
:101C0000E377C877D9E7C046FFFEFFFF70B5811DB7
:101C1000CB7F022B03D00423C363012070BD0E24AD
:101C200002681C261368856CA343136001231468A3
:101C30009C4314602A680F4C22402A60426C056C59
:101C400032409340026D6B60C36C5A60436D002B51
:101C500005D01A6822401A60836DC26D5A60012354
:101C60000022CB77431DDA77836B934200D09847ED
:101C70000020D3E7FFFEFFFFF8B51C260427426CC7
:101C8000016C32403E0096400D6803681C68354286
:101C90000DD03C420BD01A68920602D41A68BA439F
:101CA0001A60036B4E60002B1DD098471BE0022783
:101CB0003E009640354219D03C4217D01A68920631
:101CC00006D40A211A688A431A600939821DD1771D
:101CD000124A934208D9124B00225E60431DDA7704
:101CE000C36A9342E1D1F8BD0E4BF5E708263700F1
:101CF00097403D42F7D03442F5D00E251C68AC43E6
:101D00001C6001231C009440821D4C60C363D37788
:101D10000022431DDA77436BE3E7C04680000240B0
:101D20000004024000000240C06B70470020054BD9
:101D30005A69824205DA044A9A60044A9A605869EC
:101D4000C00F70470020024023016745AB89EFCDEB
:101D5000F8B50400FFF7C8FCC0270600BF02144D09
:101D60002B693B4216D12A69124B110012481940C7
:101D700028611A4217D18027FF022B6918003840CA
:101D80003B420FD0631CF8D0FFF7AEFC801BA04293
:101D9000F3D306E0631CE3D0FFF7A6FC801BA04250
:101DA000DDD30320F8BD054B01205960FAE7C0469A
:101DB00000200240FA830000FB830800A8B4002042
:101DC000F7B5174E0193337804000D0002200092FE
:101DD000012B1ED00123FA20337000238000736092
:101DE000FFF7B6FF002812D10E4F012C12D17B69EC
:101DF00023437B61009B2B60BFF36F8F019B6B6064
:101E0000FA208000FFF7A4FF7B69A3437B610023D6
:101E10003370FEBD2800009903F09EFCF0E7C04639
:101E2000A8B4002000200240FA2010B58000FFF77F
:101E30008FFF8022044B120659690A435A61586980
:101E4000C043C00F10BDC04600200240084A53697D
:101E500004280AD007480340802080010343C900BA
:101E60001943054B0B435361704704480340F6E7A1
:101E70000020024007E0FFFF0200010007C0FFFF53
:101E8000F7B5224F05003B7802240191012B1BD0AE
:101E90000123FA203B70002380007B60FFF758FF8E
:101EA000041E0FD12B68042B10D119496B684A69A5
:101EB000FA201A4380235B0213434B618000FFF733
:101EC00047FF040000233B702000FEBD0123019A60
:101ED0005B421360AE68AB68EA689B18B3420CD9EA
:101EE00068683100FFF7B2FFFA208000FFF730FF8B
:101EF000002808D00400019B1E600221044A536997
:101F00008B435361DEE70136E5E7C046A8B4002005
:101F1000002002400023F0B585B00A681400DC40C0
:101F200001D105B0F0BD012514009D402C40009466
:101F30002A4200D195E04A685F0094460322644635
:101F400022400324BC40E4430194541E012C2ED8AB
:101F50008668019C2640CC68BC4034438460446859
:101F60000126AC4325006446240934409C402C43A0
:101F70004460C568019C25408C68BC402C43C4600B
:101F8000022A16D107250F261D40AD00AE40DC0801
:101F9000A40004190294246A03962600039CA64315
:101FA00034000E69AE402643029C266201E0032AFB
:101FB000DFD1BA400468019D25402A43C024026055
:101FC0006246A40222424CD0274A03259C08A40062
:101FD000A4180F221D40ED00AA40A027266EFF0581
:101FE00096430022B84210D0204F0132B8420CD0A4
:101FF0001F4F0132B84208D01E4F0132B84204D000
:102000001D4A8218571EBA410432AA40674632431D
:102010002266154C009A2668009DD2433543FF0284
:1020200001D435001540674625606668009D35433C
:10203000BF0201D435001540674665600F4C009D16
:10204000E66F3543BF0301D4350015406746E567A9
:102050000B4C009EE56F2E43FF0301D415402E006C
:10206000E667013359E7C0460018024000040050FB
:1020700000080050000C005000F0FFAF08180240AC
:1020800004180240002A01D0816170478162FCE798
:1020900070B504000120002C16D02368124A0726D0
:1020A0001A60124A1A6062685A60A2689A60FFF762
:1020B0001BFB05002368DA68324206D11969E26821
:1020C00091420DD01A61002070BDFFF70DFB401B3F
:1020D0003128EFD92368DB683342EBD00320F3E7E4
:1020E000034A1A60EFE7C046CCCC0000555500000B
:1020F000AAAA00000368024A00201A607047C0467E
:10210000AAAA000010B5114C1149236802000B4027
:1021100003432360802300209B009A420ED10D4B85
:102120000D49186806235843FEF708F88022431C1F
:10213000D200616908001040114200D110BD002B8F
:1021400001D0013BF5E70320F8E7C04600700040EE
:10215000FFF9FFFF0000002040420F00F0B504002F
:1021600085B0002802D1012005B0F0BD0368DB076F
:1021700010D423689B075CD423681B0700D5C1E0FB
:1021800023685B0700D5F2E0E369002B00D079E11A
:102190000020E9E73822AF4DAB681340EA68102B06
:1021A00009D1D3439B0708D12B689B03E1D5636812
:1021B000002BDED1D7E7082BF6D0802263685202CD
:1021C000934211D12A6813432B60FFF78DFA8027C1
:1021D0000600BF022B683B42CBD1FFF785FA801B7C
:1021E0006428F7D90320BFE7A021C9028B4208D198
:1021F00080232968DB020B432B602B681A432A607B
:10220000E3E72A6894490A402A602A6893490A4009
:102210002A60002BD9D1FFF767FA80270600BF029A
:102220002B683B42A5D0FFF75FFA801B6428F7D9E3
:10223000D8E73822874DAB681340EA68102B28D1C5
:1022400003210A40022A26D12A68520503D5E268F2
:10225000002A00D187E7696862698148120201405B
:102260000A436A60002B0CD12B687E4A7E491340DA
:10227000226913432B602B687C4A9B045B0FDA4076
:102280000A607B4B1868FFF7E7F9002800D173E775
:1022900069E7002BD8D0E368002B20D02B68714A67
:1022A000802713402269FF0013432B6080232A6894
:1022B0005B0013432B60FFF717FA06002B683B42C5
:1022C00007D06A68636966491B020A4013436B6062
:1022D00052E7FFF709FA801B0228EFD982E72B6843
:1022E000644A802713402B60FFF7FEF90600FF00C9
:1022F0002B683B4200D13FE7FFF7F6F9801B02282D
:10230000F6D96FE73822534DAB681340182B08D12C
:102310002B6E9B0700D433E7A369002B00D02FE777
:1023200021E7A2690123002A10D02A6E0227134355
:102330002B66FFF7D9F906002B6E3B4200D01FE752
:10234000FFF7D2F9801B0228F6D94BE72A6E022745
:102350009A432A66FFF7C8F906002B6E3B4200D16C
:102360000EE7FFF7C1F9801B0228F6D93AE73822B9
:10237000384DAB681340202B08D1EB6D9B0700D480
:1023800002E7A368002B00D0FEE6ECE680220021E5
:10239000EB6B52050091134208D1EB6B1343EB63D7
:1023A000EB6B13400393039B012300938027324E72
:1023B0007F0033683B4215D0A368012B22D1EA6D20
:1023C0001343EB65FFF790F902270600EB6D3B42E4
:1023D00038D0009B012B00D0D6E6EB6B274A134088
:1023E000EB63D1E633683B433360FFF77DF901903F
:1023F00033683B42E0D1FFF777F9019BC01A02280E
:10240000F6D9EFE6EA6D052B05D1013B1343EB65E9
:10241000EA6D0123D4E701218A43EA65EA6D0331BD
:102420008A43EA65002BCDD1FFF75EF9022706004B
:10243000EB6D3B42CDD0FFF757F9114B801B984213
:10244000F6D9CFE6FFF750F90D4B801B9842BDD966
:10245000C8E6C04600100240FFFFFEFFFFFFFBFF83
:10246000FF80FFFFFFC7FFFF000000200024F400F3
:1024700008000020FFFEFFFF00700040FFFFFFEF9D
:10248000881300003821434DAA680A40102A53D00F
:10249000414A022B3AD12B68802713402B60FFF76B
:1024A00023F90600BF042B683B4229D1616A236AE5
:1024B000EA680B43394980260A401343E26AB604AE
:1024C0001343226B1343626B1343A26A120213433A
:1024D000EB6080232A685B0413432B608023EA6847
:1024E0005B051343EB60FFF7FFF804002B683342F2
:1024F00000D04DE6FFF7F8F8001B0228F6D971E688
:10250000FFF7F2F8801B0228CDD96BE62B688026F6
:1025100013402B60FFF7E8F80400B6042B68334241
:1025200004D1EB681E4A1340EB6031E6FFF7DCF89C
:10253000001B0228F2D955E6012B00D113E6032235
:10254000E868216A02408A4200D00CE67022616A83
:1025500002408A4200D006E6FE21A26AC90101407B
:102560001202914200D0FEE5F822E16A9203024095
:102570008A4200D0F7E5E022216B120502408A4230
:1025800000D0F0E5636B400F4007C01A431E98412E
:10259000C0B2E9E500100240FFFFFFFE8C80C111D0
:1025A000FCFFFEEE382370B51D4CA2681A4205D11F
:1025B00023681C489B045B0FD84070BDA2681A407A
:1025C000082A27D0A2681A40102A17D1E368E168C8
:1025D000DB43E5684906490F6F322D0A013115408A
:1025E0009B0709D11048FDF7A9FDE1686843490F31
:1025F0000131FDF7A3FDE0E70A48F4E7A2681A40BD
:10260000202A09D0A26800201340182BD5D1FA2027
:10261000C001D2E70448D0E780200002CDE7C046E1
:10262000001002400024F40000366E01F7B50400EB
:102630000D00002801D10120FEBD0727484E336858
:102640003B408B422AD3226893073BD4D20748D41D
:10265000072733683B40AB420AD93368BB432B435F
:102660003360FFF741F8019033683B40AB4268D1DB
:1026700023683C4D5B076CD4FFF794FFAB683A4985
:102680001B051B0F9B005B581F210B40D840374A8E
:10269000374B10601868FEF7DFFFCDE73368BB43A8
:1026A0000B433360FFF720F8019033683B40AB42A7
:1026B000C9D0FFF719F8019BC01A2E4B9842F4D9E4
:1026C0000320B9E72749530704D5E0238868DB01D5
:1026D00003438B608B6828480340A06803438B60EA
:1026E000B4E760681F4F032829D8FDF713FD2002C7
:1026F0001C243B689B039ED50722BB68934303437E
:10270000BB60FEF7F1FF01903823BA681A40636896
:10271000DB009A429CD0FEF7E7FF019BC01A154BE5
:102720009842F1D9CCE73B689B01E5D483E73B684D
:102730005B05E1D47FE73B6E9B07DDD47BE7FB6D58
:10274000FAE7FEF7D1FF019BC01A0A4B98428BD9DA
:10275000B6E7AB68094A1340E2681343AB608BE706
:102760000020024000100240F45D0008000000203C
:102770000800002088130000FFF0FFFFFF8FFFFF1D
:10278000064B07499B68074A5B045B0F9B005B583D
:102790001F2110680B40D8407047C046001002400F
:1027A000D45D000800000020F0B50368050085B086
:1027B00000209B0352D58022664C5205E36B0090AB
:1027C000134208D1E36B1343E363E36B13400393BA
:1027D000039B0123009380275F4E7F0033683B43B8
:1027E0003360FEF781FF019033683B4228D0E26DF1
:1027F000C02310009B00696A584E18401A4218D036
:10280000814216D08022E36DE06D1900520202432E
:10281000E265E26D524831400240E265E165DB0766
:1028200007D5FEF761FF07000222E36D134200D1D6
:1028300088E0E36D6A6A334013430020E36506E0F5
:10284000FEF752FF019BC01A0228CDD90320009B3E
:10285000012B03D1E36B434A1340E3632B68DA0790
:1028600006D503243B494A6DA2436C6822434A655E
:102870009A0706D50C2437494A6DA243AC68224317
:102880004A655A0706D5302432494A6DA243EC689E
:1028900022434A659A0606D52E49334C4A6D22409A
:1028A0002C6922434A655A0606D52A492F4C4A6D9F
:1028B00022406C6922434A655A040FD525492C6A87
:1028C0004A6D9200920822434A658022D2059442C2
:1028D00004D18022CC6852022243CA601A050DD569
:1028E00003261C49AC698A6DB24322438A65012CD8
:1028F00004D18022CC6852022243CA609A040DD5CA
:102900000C261449EC698A6DB24322438A65042C73
:1029100004D18022CC6852022243CA60802149043B
:102920000B420DD00B4AAC6A936D0F4D2B402343E5
:10293000936580239B019C4202D1D3681943D160E7
:1029400005B0F0BDFEF7D0FE094BC01B984200D881
:102950006AE77BE70010024000700040FFFCFFFFC9
:10296000FFFFFEFFFFFFFFEFFFCFFFFFFF3FFFFF78
:102970008813000001000300012010B53D310C78E0
:10298000E2B284421ED1001808701B68D968114356
:10299000D9600E498B4208D00D498B4205D00D49B4
:1029A0008B4202D00C498B420DD19A680B490A40E8
:1029B000062A06D007398A4203D0012219680A4341
:1029C0001A60002010BD1968F9E7C046002C0140CC
:1029D00000040040000800400040014007000100E2
:1029E00070477047704770470222036870B5DD6812
:1029F0001E69040016420DD015420BD0053A1A612B
:102A0000043202779B699B0700D17CE0FFF7E9FF66
:102A10000023237704231E4212D01D4210D005222A
:102A2000236852421A61073222779A69C0239B00B9
:102A300020001A4200D16CE0FFF7D3FF0023237778
:102A400008231E420FD01D420DD009222368524296
:102A50001A610D322277DB6920009B075FD0FFF7F8
:102A6000C0FF0023237710231E4211D01D420FD038
:102A70001122236852421A6119322277DA69C0237F
:102A80009B0020001A4250D0FFF7ABFF00232377B2
:102A900001231E4208D01D4206D002222368524262
:102AA00020001A61FDF7D2FC82239B011E4207D051
:102AB0002B0605D52368204A20001A6100F0F5F89E
:102AC000F30507D52B0605D523681C4A20001A619B
:102AD00000F0ECF840231E4208D01D4206D04122EF
:102AE0002368524220001A61FFF77DFF20231E4217
:102AF00008D01D4206D021222368524220001A61CC
:102B000000F0D2F870BDFFF76BFF2000FFF76AFFFF
:102B10007EE7FFF765FF2000FFF764FF8EE7FFF712
:102B20005FFF2000FFF75EFF9BE7FFF759FF2000E4
:102B3000FFF758FFAAE7C0467FDFFFFFFFFEFFFF5A
:102B400010B51F4C0368A04205D01E4A904202D027
:102B50001D4A904208D1702293434A6813431B4A8E
:102B60001A40CB6813430BE0194A9042F7D0194A38
:102B70009042F4D0184A9042F1D0184A9042EED0D8
:102B8000802293434A69134303608B68C3620B68D6
:102B90008362A04208D00F4B984205D00E4B98425A
:102BA00002D00E4B984201D10B69036301224261AE
:102BB0000369134202D003699343036110BDC04609
:102BC000002C01400004004000080040FFFCFFFF13
:102BD0000020004000400140004401400048014006
:102BE00070B504000120002C23D025003D352B7842
:102BF000DAB2002B05D123003C3320001A70FDF718
:102C000033FE02232B702068211DFFF799FF22005D
:102C1000012300204832137047340A3A137053706E
:102C20009370D370137153719371D37113722370B6
:102C30002B7070BDF0B5040002223C3425780300EF
:102C40001000012D25D01D003D352A701B68114E46
:102C50005A689868B34203D10F4F3A404F683A43DD
:102C60007027BA430F683A435A60B34208D00B4A00
:102C7000934205D00A4A934202D00A4A934204D1B1
:102C8000802290438A6810439860012300202B70B3
:102C90002070F0BD002C0140FFFF0FFF000400403A
:102CA0000008004000400140704770477047000036
:102CB00030B5EFF31084012282F31088C02501683B
:102CC0000B68AB430B6084F31088EFF3108182F341
:102CD00010880268044C93682340936081F3108845
:102CE00020238830036030BDFFFF7FFF30B5EFF356
:102CF0001084012282F310880168134D0B682B4069
:102D00000B6084F31088EFF3108182F3108802685F
:102D10000E4C93682340936081F31088C36E012B9F
:102D20000AD1EFF3108183F310881024026813682E
:102D3000A343136081F31088030020228C331A60B0
:102D40000023C366436730BDDFFEFFFFFEFFFFEFDA
:102D500070B50400EFF31080012282F3108821681F
:102D6000294D0B682B400B6080F31088EFF3108126
:102D700082F310882268254893680340936081F3AA
:102D80001088E36E012B0AD1EFF3108183F31088D2
:102D90001020226813688343136081F31088402158
:102DA00023689B680B421ED0EFF31080012383F34E
:102DB0001088250004CD93688B43936080F31088BE
:102DC000E86F00280FD000238363FEF7E9FE002898
:102DD00009D0E86FFEF7A8FF202804D11023903413
:102DE00023601D3870BD230000200F225E33188041
:102DF00023681A629969073A0A439A6123002022DC
:102E00008C331A60E066EDE7DFFEFFFFFEFFFFEFA9
:102E100070477047704770B5846A230088331A681A
:102E20005D6823689B681B0608D5212A06D123000C
:102E30000022563320001A80FFF73AFF23689B6870
:102E40005B0608D5222D06D1230000225E33200028
:102E50001A80FFF74BFF22001023903211682000E8
:102E60000B431360FEF7E6FB70BD806A002302008F
:102E700010B55E321380083A1380FEF7DBFB10BDFD
:102E8000F7B50168C14DCB6904000A6888682B4218
:102E900010D120252B4200D19BE0802676051540DD
:102EA0000640354300D194E0636F2000002B00D032
:102EB00085E085E0B64D05400095B64D009E154075
:102EC000354300D185E0250001269035334205D0F9
:102ED000D70503D50E622F683E432E60022633428B
:102EE0000CD0C7070AD527000E6290373E680197BD
:102EF000B446042667463E43019F3E6004263342A3
:102F00000CD0C7070AD527000E6290373E6801979C
:102F1000B446022667463E43019F3E600826B446FB
:102F2000334209D02027009E1740374304D066461D
:102F30000E622F683E432E6080263601334206D053
:102F4000570104D50E6220212E683143296029687B
:102F5000002935D020210B420AD080235B05114087
:102F60000340194304D0636F002B01D02000984721
:102F700022682B684027966828223E401340200094
:102F80001E4322D0FFF7B2FE23689B683B4218D055
:102F9000EFF31081012383F31088250004CD93689B
:102FA000BB43936081F31088E86F002809D07A4B07
:102FB0008363FEF72BFE002802D0E86F836B9847EF
:102FC000F7BD2000FEF736FBFAE7FEF733FB2E6075
:102FD000F6E7E56E012D00D09FE01026334200D1C8
:102FE0009BE0324200D198E00E62896840230A00DB
:102FF0001A40194257D0211DCA6F1068426892B218
:10300000002ADDD027005C373F889742D8D92700B7
:103010005E373A8002682020844610400090604667
:10302000024232D1EFF3108785F3108820685B4E9F
:1030300002683240026087F31088EFF3108785F34F
:10304000108820688268AA43826087F31088EFF3B3
:10305000108785F31088206882689A43826087F31E
:103060001088230062468C331A60009BE366EFF3FE
:10307000108085F3108822680F351368AB43136006
:1030800080F31088C86FFEF78BFD022322002367B0
:1030900023005C325E331B881188C91A89B2200074
:1030A000FEF74EFA8CE7230020005C335E3019886F
:1030B000038800889BB2002800D181E7C91A89B231
:1030C000002900D17CE7EFF3108785F31088206892
:1030D000334E03683340036087F31088EFF31087A3
:1030E00085F3108820682F4E83683340836087F310
:1030F0001088230020208C331860E2666267EFF3AB
:10310000108085F31088102522681368AB43136084
:1031100080F3108802232367C1E780256D032B42CB
:1031200006D0460204D520000D6200F0CFFB47E731
:1031300080210B4207D080252D04114028400143F7
:1031400001D0A36FB1E640210B4216D00A4214D041
:10315000EFF31080012383F31088226813688B43F8
:10316000136080F310882300202288331A60002324
:103170002000A367FFF74CFE22E7190214D5510087
:1031800012D5200000F0A4FB1AE7C0460F0800008B
:1031900001000010200100046B2E0008FFFEFFFF5D
:1031A000DFFEFFFFFEFFFFEFDB0100D408E7002A90
:1031B00000DB05E7200000F08AFB01E70123806ABD
:1031C00010B50367C36E012B06D103005C33198869
:1031D0004908FEF7B5F910BDFFF71CFEFBE700003C
:1031E00003001B6820221B6870B51900806A11401B
:1031F000134234D103005E331980EFF310850123AD
:1032000083F3108804681D4E21683140216085F3E6
:103210001088EFF3108583F310880468A168994340
:10322000A16085F31088EFF3108483F310884025A4
:1032300001688B68AB438B6084F3108803008C3388
:103240001A60C36E012B0AD1EFF3108183F310884B
:10325000102402681368A343136081F310880023CD
:103260000367C36E012B05D103005C331988FEF799
:1032700067F970BDFFF7CDFDFBE7C046FFFEFFFF1E
:1032800070B504002569A168036829436569C269AE
:1032900029431868664D1143284001431960596855
:1032A0006448256A0140E06801435960A169986853
:1032B0002943614D284001430F209960D96A814319
:1032C000606A0143D9625D498B4215D103215C4B91
:1032D0005B6D0B40022B00D19AE08B4236D0012B64
:1032E00017D080231B029A4200D19AE0FFF748FAD8
:1032F000002800D199E073E052498B421AD10C2189
:103300004F4B5B6D0B40082B00D181E009D8002B9F
:10331000E7D080231B029A4200D076E0FFF742F903
:1033200081E00C2B12D00120474BA366002363677A
:10333000A36770BD45498B420DD13021404B5B6D79
:103340000B40202B64D0E2D9302BECD1802000023E
:10335000824245D118E080213D48090283425DD078
:103360003C4883425AD03C481B18581E83411801E0
:103370008A4226D10828D6D8FCF7C2FE53D505D5F7
:10338000D0D5D5D50600354A616A354B49001000C5
:10339000C95AFCF7D3FE656840006B08C0182900C5
:1033A000FCF7CCFE02002F4B103A9A42BBD80F23F9
:1033B000020000079A4393B2400F22680343D36090
:1033C00033E00828AFD8FCF7AFFE91FFAEFF27002F
:1033D000AEFF2000AEFFAEFFAEFF0900802000026E
:1033E000626A1F4B5200D15AFCF7A8FE65686B0851
:1033F000C0182900FCF7A2FE02001A4B103A9A42AC
:1034000000D990E72368D8600FE0FFF7CBF86FE7AB
:1034100080231B029A42B6D01048E1E78A4200D0CE
:1034200064E7FFF7ADF9021EAED100207CE7C0468D
:10343000F369FFCFFFCFFFFFFFF4FF11003801401A
:10344000001002400044004001000100004800401C
:10345000004C00400050004000C4FEBF0024F400B7
:10346000345E0008EFFF0000836A30B51A0706D506
:103470000168284C4A682240846B22434A60DA077C
:1034800006D50168244C4A682240C46A22434A6037
:103490009A0706D50168214C4A682240046B2243F2
:1034A0004A605A0706D501681D4C4A682240446BA1
:1034B00022434A60DA0606D501681A4C8A6822401F
:1034C000C46B22438A609A0606D50168164C8A6846
:1034D0002240046C22438A605A0610D50168134DBD
:1034E0004A68446C2A4022434A6080225203944234
:1034F00005D14A680E4C2240846C22434A601B0668
:1035000006D502680B4953680B40C16C0B435360EE
:1035100030BDC046FF7FFFFFFFFFFDFFFFFFFEFF47
:10352000FFFFFBFFFFEFFFFFFFDFFFFFFFFFEFFFEF
:10353000FFFF9FFFFFFFF7FFF7B504000D00170027
:1035400000932268D3692B405B1B59424B41BB421D
:1035500001D0002026E0089B0133F3D0FEF7C4F829
:10356000009BC01A089B98422DD8002B2BD02368B3
:103570001A685207E5D52A004021403A8A43E0D034
:10358000DA69082611003140019132420BD0200047
:103590001E62FFF7ABFB230090331E600023012067
:1035A00084342370FEBD8022D96912011142C8D033
:1035B0001A622000FFF79AFB2300202290331A6042
:1035C000019B843423700320ECE7F0B51700020060
:1035D00087B088320593136804000D000220202B69
:1035E00039D10138002936D0002F34D08023A1688A
:1035F0005B01994204D12369002B01D105422AD1F4
:103600002300002690331E6021231360FEF76CF820
:10361000230054331F80023303931F808023A2684A
:1036200004905B019A4204D12369B34201D12E0078
:103630001D00230056331B889AB2002B0DD1059B29
:10364000200000934021049BFFF776FF202388345D
:10365000236000280ED107B0F0BD059B0022009327
:1036600080212000049BFFF767FF002804D020235F
:10367000883423600320EEE72268002D0BD13388C5
:103680000236DB05DB0D9362039B039A1B88013B2B
:103690009BB21380CDE72B7801359362F4E70000ED
:1036A000030073B50026040090331E60FEF71CF87B
:1036B000236805001B681B071FD58021284B32009B
:1036C0000093890303002000FFF736FFB04214D0B7
:1036D000EFF31081012383F31088802022681368A0
:1036E0008343136081F310882300202288331A60FB
:1036F000032000238434237076BD260023688C3693
:103700001B685B0723D58021154B00220093200006
:103710002B00C903FFF710FF002818D0EFF310802B
:10372000012282F3108821680E4D0B682B400B603C
:1037300080F31088EFF3108082F3108821688B6883
:1037400093438B6080F3108820233360D0E72300FD
:103750002022002088331A603260E0662067C8E7C4
:10376000FFFFFF01DFFEFFFF70B5041E01D1012046
:1037700070BD050088352B68002B04D1020084320F
:103780001370FDF7F9F82423012122682B601368D8
:103790008B431360A36A002B02D02000FFF764FE66
:1037A0002000FFF76DFD0128E1D0236807495A6822
:1037B00020000A402A215A609A688A439A600122AE
:1037C00019680A431A60FFF76BFFD1E7FFB7FFFFE5
:1037D000F8B513000200060005005C3281650F0099
:1037E00013802221002290368C3532602960011D21
:1037F0000400C86F904213D01D498263C1621D4905
:103800003A0001631C49416321682431FEF780F9C5
:10381000002805D0102301203360DB182B60F8BD91
:103820002369002B0BD0EFF31081012383F3108861
:103830002268FF3310680343136081F31088EFF3AD
:103840001080012383F3108821688A681A438A60F4
:1038500080F31088EFF3108183F3108822683F33E0
:1038600090680343936081F310880020D7E7C04637
:10387000E1310008BD310008172E0008F7B5070038
:10388000436E04006A37002B04D10120388068346D
:103890002080F7BD03680B4E9A689B680A4D5B0F4A
:1038A000F05CE95CC0000192FCF7D2FC019B38801F
:1038B0001B015B0FF05CE95CC000FCF7C9FC80B247
:1038C000E5E7C046545E00084C5E0008704770474C
:1038D0007047000070B50400843422780300022091
:1038E000012A11D01D002422012688352A601A6879
:1038F00011681068B0431060044801400020586609
:10390000202311602B60207070BDC046FFFFFFDFD9
:10391000F8B5050084350B0029780222012915D05D
:103920000600012104688836223232602768226846
:103930008A432260A168C900C9081943A160FFF742
:103940009DFF20230022276033602A701000F8BDFD
:10395000F8B5050084350A0029780223012915D01D
:103960000600012104688836223333602768236803
:103970008B432360A168064B19401143A160FFF7F8
:103980007DFF20232760336000232B701800F8BDD3
:10399000FFFFFFF103008C331B6870B504000220A9
:1039A000202B02D1002901D1012070BD002AFBD0BB
:1039B0008020A56801234001854204D120690028A8
:1039C00001D11942F0D1E366002320002367FFF7FD
:1039D000FFFE0028E9D1E26E012AE5D1102321681B
:1039E0000B62EFF3108182F310882268146823437E
:1039F000136081F31088D8E710B50A00002101F0A8
:103A0000F5F810BD70B51F4B05001B6888B0002B82
:103A100035D01A2101A8FFF7EFFF1B4E1A23F46AD5
:103A20003078716801AAA047041E0AD01A221749EB
:103A3000280001F05EF9164800F0C2FF0524644238
:103A40001AE0144B019A9A4206D01A2228000F4914
:103A500001F04FF90624F2E71622B36B01A998474B
:103A60006B465A8B9B8B1B0413438342EDD11A2266
:103A7000280001A901F03DF9200008B070BD022422
:103A8000DDE7C04654B6002058B600205C5E000852
:103A9000445800084F5441540300F7B50833154FFC
:103AA0009B00DC59050000910192002C1FD02100E1
:103AB0000098FCF743FB604306000198009B013827
:103AC000C01800192100801BFCF738FB444331006B
:103AD000220028007B6B9847002807D02300320083
:103AE0002900054800F006FF04204042FEBD0120E9
:103AF000FBE7C04658B600206D580008F7B5C279FC
:103B0000837912021A43037A467A364F1B04134311
:103B100036061E43FB6A019604001E1E5FD0C37A60
:103B2000827A1B021343027B12041A43437B1B0657
:103B30001343372B53D92C4D38212800FFF75CFF56
:103B4000E279A37912021A43237A617A1B041343A0
:103B5000090619432A0038236079B04700283ED16E
:103B60006B782A781B021343AA7812041A43EB7865
:103B70001B0613431D4A934231D12A002B003532D4
:103B8000127834331B7812021A432B0036331B7819
:103B900029001B0413432A003732127812061A43F5
:103BA0001600BB6B34229847864218D16B7A2A7A6A
:103BB0001B021343AA7AA17A12041A43EB7A1B065A
:103BC0001343E27A12020A43217B09041143627B08
:103BD00012060A43934202D2019AD3180193019824
:103BE000FEBDC04658B60020C4B400204F54415416
:103BF00030B51C4B01001B6889B0002B2FD01A2256
:103C000001A801F076F8184D184B1622019301A96E
:103C1000AB6B002098471A236B441880000C588027
:103C20001A2228786968FFF737FF002805D0104866
:103C300000F0C6FE042464420EE02C6B1A232878A0
:103C4000696801AAA047041E0A48F1D12878230018
:103C5000220021002D6BA847200009B030BD0224AE
:103C6000E9E7C04654B6002058B600204F544154EE
:103C7000B2580008DD58000800B5010089B00028DE
:103C800011D0C36A002B0BD0036B002B08D0436B01
:103C9000002B05D0836B002B02D0C36B002B06D109
:103CA000104800F08DFE0120404209B000BD4022C6
:103CB0000D4801F01EF801220C4B0D4858211A60E6
:103CC000FFF79AFE01A8FFF79DFE0028EDD01A220B
:103CD000084901A801F00DF8074B01A80193FFF76F
:103CE00087FFE2E70859000858B6002054B60020C4
:103CF000FCB500205C5E00084F54415410B588B0FC
:103D000001A8FFF77FFE6B461B7A022B31D16B4671
:103D1000029A1B7B120A1B061343092201336A44D1
:103D2000022B0DD90023694601A80B721370537042
:103D30009370D370FFF75CFF00281DD008B010BD52
:103D4000190A1370517001A8190C1B0E9170D370D1
:103D5000FFF74EFF0028F1D10A4B02A8DC6BFFF7FA
:103D6000CDFEA047002801D10020E7E71120404206
:103D7000E4E7023B022BEFD9034800F021FE1020BC
:103D8000F5E7C04658B600204459000810B5094B65
:103D900088B01B68002B02D1002008B010BD01AC18
:103DA0002000FFF72FFE0028F6D120790338434288
:103DB0005841F2E754B60020F0B5040089B000285D
:103DC00000D1C1E0634B1B68002B00D1BEE0624E06
:103DD0003068002800D0BBE0637822781B021343D0
:103DE000A27812041A43E3781B0613435B4A9342FA
:103DF00005D05B4800F0E4FD07256D426DE0594BAE
:103E000034229B6B21009847230034331A78013306
:103E10001B781B02134322003632127812041A4315
:103E2000230037331B781B061343834204D04E48CC
:103E300000F0C6FD0825E0E701AF3800FFF7E2FD1E
:103E4000627A237A12021A43A37AF9891B04134374
:103E5000E27A464812061A433B8A1B040B439A42F5
:103E60000DD2617B207B09020143A07B0004084343
:103E7000E17B090601435218934204D23C4800F00A
:103E80009FFD0A25B9E73B488B42F8D3B9897B8966
:103E90000904787A1943FFF7FFFD002804D036485B
:103EA00000F08EFD0425A8E701233B7108336B4425
:103EB000187058709870D8701A236B441880588006
:103EC0003800FFF795FE051E0AD02C4800F078FD5B
:103ED000002338003B71FFF78BFE280009B0F0BDCE
:103EE00058213000FFF788FD3000002701233822D9
:103EF000210008303360776000F0FBFE627B237B9B
:103F000012021A43A37B1B041343E27B12061A43DB
:103F10003264637A217A1B020B43A17A09041943A4
:103F2000E37A1B060B439B187364637C227C1B02A1
:103F30001343A27C12041A43E37CF7641B06134369
:103F4000B36437657765C8E7012556E7022554E76E
:103F5000032552E754B60020FCB500204F544154CD
:103F60007C59000858B60020B0590008E1590008F3
:103F7000175A0008565A0008875A0008B85A00080D
:103F8000F0B58BB0050016000191002901D1002A7F
:103F90005BD1304B1B68002B59D02F4F3B68002B57
:103FA00016D003A8FFF72EFD041E06D021002B48D3
:103FB00000F0A0FC20000BB0F0BD0E237A68534344
:103FC00003AAD2181179012905D0254800F092FCE6
:103FD0000B246442EEE7F96CA94205D02A0021487F
:103FE00000F088FC0C24F4E77B6C7119994206D927
:103FF000320029001C4800F07DFC0D24E9E7002E6A
:10400000D8D09089538900041843411973189C46ED
:10401000138AD5891B042B431B189C4504D91348CC
:1040200000F0CEFC0A24D4E7114B507A1D6B019AA4
:104030003300A847002804D00E4800F0C1FC042437
:10404000C7E7FB6C9B19FB64B4E70124C1E70224BA
:10405000BFE7C04654B60020FCB50020EA5A00086D
:104060001C5B00084F5B0008885B0008CD5B000804
:1040700058B60020005C0008F0B5544B8FB01B68A8
:10408000002B00D199E0524C2368002B00D196E020
:1040900007A8FFF7B7FC051E0FD1636802930E2334
:1040A000029A534307AAD61833790193012B07D0FC
:1040B0001900484800F01EFC0E3D28000FB0F0BD6E
:1040C000E16C626C914205D0434800F013FC0D2571
:1040D0006D42F2E7737A02000593404B01001B6BBF
:1040E0001F0003000598B8472269338A6469F08984
:1040F0001B0411190343994263D8B38971891B04C6
:104100000B4329009B180393002C18D1304EB26C3E
:104110008A4239D10E23029A07A8534307AAD2181C
:104120000223547113719471D4711472FFF760FDFE
:10413000051EC2D158213000FFF75EFCBDE7802389
:1041400025005B009C4200D91D00254B234E0493A3
:10415000F36A049A1F0003992B000598B8470028BA
:1041600031D1019AB36B002A0AD02A0004999847EA
:10417000039B01005B1903930023641B0193C3E7B6
:104180002A0001200499F2E7164800F0B3FB0E2341
:10419000029A07A8534307AAD21814715471947154
:1041A000D4711472FFF724FD051E00D085E7582155
:1041B0003000FFF721FC0F3D7FE7022588E70B2544
:1041C00086E70A2584E7042582E7C04654B6002026
:1041D000FCB500202B5C0008655C000858B6002088
:1041E000FCB40020AF5C000870B51A4B88B01B68A7
:1041F000002B2CD001AD2800FFF704FC164E3468CC
:10420000002C1BD12B79012B1BD10E2300226343E1
:104210002800EB181A715A719A71DA711A72FFF745
:10422000E7FC051E07D158213000FFF7E5FB210010
:104230000A4800F05FFB280008B070BD7468002CCD
:10424000E3DA074800F0BCFB09256D42F3E70225DD
:10425000FBE7C04654B60020FCB500202B5D0008EB
:10426000F35C000810B50B4B04001B6888B0002BF2
:104270000CD001A8FFF7C6FB16236B441C8001A8D5
:10428000240C5C80FFF7B4FC08B010BD0220404253
:10429000FAE7C04654B60020002000B5074B89B0AD
:1042A0001B68834208D001A8FFF7ACFB6A466B4647
:1042B000108BDB8A0004184309B000BD54B60020FF
:1042C000002800D162B6704710B5040010001A1E15
:1042D00005D0002805D0002C03D100F00AFD0020F5
:1042E00010BD01204042FBE77FB50D0002AE01008A
:1042F00008220400300000F0FCFC082229003000F5
:1043000000F054FC0022904202D1002004B070BDA5
:10431000A95CB35C0B40994206D00C48111900F01F
:10432000E9FA01204042F1E70132082AF0D12900E0
:10433000684600F0DEFC009A019B21000120FDF799
:104340003FFD0028E1D021000148E8E7595D000861
:104350007F5D0008002110B5034B082203489981B6
:10436000196000F043FC10BD98B600209CB60020F8
:1043700010B5002808D072B6054B986043680268F3
:1043800082F308889847FEE70120404210BDC046EE
:1043900000ED00E010B50024064B5A7BA24206D087
:1043A00005491868FFF7A0FF0400FFF7D3FF2000BE
:1043B00010BDC04698B600209CB60020030070B522
:1043C000002A0CD000290FD00848002B09D104681E
:1043D0000133A5682B43A360FDF795FA0200100096
:1043E00070BDFDF771FAF9E70A00F8E7C000002098
:1043F000F0B50D00140089B0002814D1002A2BD08C
:10440000FFF7A8FF704BED0AE418E40AE302ED029F
:104410000193EFF3108672B6FDF788FC041E05D0F9
:104420003000FFF74DFF0120404216E08022802738
:10443000664B120201001A6104A8102200F0D6FB9C
:10444000BF030394019B002B09D1FDF7EDFC00286D
:10445000E6D13000FFF734FF002009B0F0BDC024E2
:10446000C0215B4BA4041B6889045A4A1C400B42C0
:1044700007D080235B049C4259D1574B1B683B42B9
:1044800055D1136855499B020B40802109055B18E3
:104490009D426ED3002C03D04F4B1B683B4257D13B
:1044A00013684E499B020B40802109055B1880214F
:1044B0000902002C03D0484C24683C4255D11468B2
:1044C0004648A4020440E418019B641BDB0AE40A8A
:1044D0009C4200D91C0002230591C020C0210493F6
:1044E0003B4B89041B6880041940034207D080239A
:1044F0005B04994241D1384B1B683B423DD1136864
:1045000036489B020340802000051B189D4245D27F
:10451000F8231B06EB18DB0A03A904A806930794EB
:10452000FDF7AEFC002848D0FDF77EFC78E7136865
:104530002B495B020B40802109055B189D4203D289
:10454000802304211B050CE080235B049C42A3D044
:10455000136823495B020B40802109055B18802109
:104560000902802040048442A5D014681C486402DB
:10457000A8E7802304211B059BE7136818485B020A
:104580000340802000051B189D42C1D380235B049B
:10459000994205D01368124A5B0208E0002903D053
:1045A0000D4B1B689B02F5D413680C4A9B02134009
:1045B000802212059B18EB1AADE7019BE4021B1B3E
:1045C0002D1901933EE7C046FF070000002002407E
:1045D0000075FF1FE075FF1F2020024000FC0F0048
:1045E00000FE0700F0B587B00E001F000192002802
:1045F0000BD1002B1BD1EFF3108572B6FDF796FBA4
:10460000002807D02800FFF75BFE01246442200049
:1046100007B0F0BD80223E4B12021A61FFF7BAFECE
:104620000400FDF701FC2800FFF74AFEEFE7019BBD
:10463000002BEAD0EFF31083029372B6FDF776FBFE
:10464000002801D00298DEE78022314B12021A6165
:1046500035000723F7197A1E9A439D432D4B039289
:104660005A7B002A3AD01B689D4237D9FFF792FE49
:10467000041E33D0FDF7D8FB0298D5E7254B04A8DC
:104680005A7B002A2ED01A6895422BD11A1D12CAC5
:1046900012C01A7B01982900801B002384468E4299
:1046A00009D88F4207D96046445C04A81C540124F1
:1046B0009C402243D2B201330131082BEFD1039B3E
:1046C0009D4215D1FF2A13D00121124B1A73597341
:1046D0001D6004AA043303CA03C30835BD42CDD309
:1046E0000024C7E70822290000F003FB0022D1E7DD
:1046F000280004A9FFF7F8FD041EBBD1054B5A7B27
:10470000002AEAD01B689D42E7D1FFF723FEE4E7C9
:104710000020024098B600200D488546FBF78EFF2A
:104720000C480D490D4A002302E0D458C45004330C
:10473000C4188C42F9D30A4A0A4C002301E01360E2
:104740000432A242FBD300F0ADFAFBF7CBFEFEE74A
:104750000040022000000020A0000020C05E0008F1
:10476000A0000020F4B70020FEE70000002310B5F1
:10477000040003604360836081814366C2810361FA
:1047800043618361190008225C3000F02FFA0B4B63
:10479000246263620A4BA3620A4BE3620A4B2363FF
:1047A0000A4B9C4205D00A4B9C4202D0094B9C42CA
:1047B00003D12000583000F099FA10BDD549000807
:1047C000FD490008354A0008614A0008A8B60020E3
:1047D00010B7002078B7002010B5034A03490448F9
:1047E00000F06CF810BDC0460C0000208955000890
:1047F0001C00002041680B4B10B50400994201D009
:1048000000F0C2FEA168084B994202D0200000F0DF
:10481000BBFEE168054B994202D0200000F0B4FED7
:1048200010BDC046A8B6002010B7002078B7002001
:1048300010B5094B094A04211A6009480022FFF704
:1048400095FF012209210748FFF790FF022212215C
:104850000548FFF78BFF10BDE0B70020D9470008DF
:10486000A8B6002010B7002078B7002010B5024885
:1048700000F03DFA10BDC046E9B7002010B502486F
:1048800000F036FA10BDC046E9B7002010B50400AC
:10489000FFF7ECFF236A002B02D0FFF7EFFF10BDFC
:1048A000044B2362044B1B68002BF6D1FFF7C0FFBB
:1048B000F3E7C046F5470008E0B70020F7B514005D
:1048C000002600900191A5686768013F04D524681F
:1048D000002CF8D13000FEBDAB89012B08D90E2287
:1048E000AB5E013304D029000098019B9847064332
:1048F0006835EAE70FB407B5054904AB086804CB8F
:104900008168019300F022FB03B008BC04B0184793
:1049100018000020036A70B505000E008468002BA3
:1049200001D1FFF7B3FF636EDB0705D4A3899B05B5
:1049300002D4A06D00F0DBF9A3891B0702D523691F
:10494000002B1FD12100280000F0D2F8002819D038
:1049500001256D42636EDB0705D4A3899B0502D454
:10496000A06D00F0C5F9280070BD0136A360002BD2
:1049700004DAA2699A4216DC0A2914D023685A1C68
:1049800022601970A3683178013B0029EDD1A36042
:10499000002B0FDA220028000A3100F067F80130FE
:1049A000D6D00A25D6E72200280000F05FF80130B3
:1049B000E8D1CDE723685A1C22600A221A70F0E77A
:1049C00010B5034B01001868FFF7A4FF10BDC046E7
:1049D0001800002070B50C000E25495F00F034F976
:1049E000002803DB636D1B18636570BDA389024A51
:1049F0001340A381F9E7C046FFEFFFFFF8B51F00A2
:104A00008B8905000C001600DB0505D50E23C95E59
:104A10000022022300F004F9A389054A280013406C
:104A2000A38132000E23E15E3B0000F021F9F8BDC6
:104A3000FFEFFFFF70B50C000E25495F00F0F0F8A6
:104A4000A389421C03D1054A1340A38170BD802273
:104A500052011343A3816065F8E7C046FFEFFFFFF3
:104A600010B50E23C95E00F0C9F810BDF8B50600F8
:104A70000D001400002804D0036A002B01D1FFF7B9
:104A800005FFA369A360A3891B0702D52369002B37
:104A900009D12100300000F02BF8002803D00125B7
:104AA0006D422800F8BD23692068EFB2C01A63691F
:104AB000EDB2834205DC2100300000F065FD0028E6
:104AC000EDD1A3680130013BA36023685A1C22602A
:104AD0001F706369834204D0A389DB07E1D50A2DE7
:104AE000DFD12100300000F04FFD0028D9D0D6E7FB
:104AF0002D4B70B5050018680C00002804D0036A1F
:104B0000002B01D1FFF7C2FE0C22A35E1A0723D4AB
:104B1000DA0607D409222A60402201201343A38128
:104B200040423AE05B0713D5616B002908D02300AF
:104B30004433994202D0280000F0E4F80023636374
:104B40002422A3899343A381002363602369236004
:104B50000823A2891343A3812369002B0BD1A02131
:104B60008022A389890092000B40934203D0210048
:104B7000280000F05FFD0C22A35E01211A000A400C
:104B80000B420BD00022A26062695242A261002057
:104B90002269824201D11A06BED470BD990700D4A1
:104BA0006269A260F3E7C0461800002030B5002417
:104BB0000139A24201D1002005E0035D01340D5D01
:104BC000AB42F6D0581B30BD10B5884202D98B18C5
:104BD000984208D300239A4207D0CC5CC4540133D6
:104BE000F9E78B5C8354013AFBD210BD03008218B5
:104BF000934200D1704719700133F9E7002370B573
:104C0000064D040008002B60FBF733FD431C03D165
:104C10002B68002B00D0236070BDC046E4B7002095
:104C200070B50400080011001A000023054D2B6028
:104C3000FBF729FD431C03D12B68002B00D0236018
:104C400070BDC046E4B7002070B504000800110034
:104C50001A000023054D2B60FBF7F1FC431C03D128
:104C60002B68002B00D0236070BDC046E4B7002045
:104C700070B50400080011001A000023054D2B60D8
:104C8000FBF7EAFC431C03D12B68002B00D0236008
:104C900070BDC046E4B70020014B18687047C0469D
:104CA0001800002070B500260C4C0D4D641BA4109C
:104CB000A64209D1002600F041FD0A4C0A4D641BB2
:104CC000A410A64205D170BDB300EB589847013639
:104CD000EEE7B300EB5898470136F2E7B85E0008FC
:104CE000B85E0008BC5E0008B85E000870477047F8
:104CF0007047002310B59A4200D110BDCC5CC4545B
:104D00000133F8E770B505000C1E10D0043C236891
:104D1000002B00DAE418280000F0E0F81D4A1368C0
:104D2000002B05D163601460280000F0DFF870BD2F
:104D3000A34208D9206821188B42F3D119685B6817
:104D400009182160EEE71A005B68002B01D0A3422E
:104D5000F9D911685018A0420BD1206809185018D1
:104D600011608342E0D118685B684118116053609C
:104D7000DAE7A04202D90C232B60D5E7206821187E
:104D80008B4203D119685B68091821606360546025
:104D9000CAE7C046F0B7002070B50F4E0D0031686D
:104DA0000400002902D100F0ABFC30602900200093
:104DB00000F0A6FC431C03D101256D42280070BD04
:104DC0000323C51C9D43A842F8D0291A200000F0F7
:104DD00097FC0130F2D1EFE7ECB70020F7B50322E2
:104DE000CB1C9343083305001F000C2B34D20C2737
:104DF000B94233D8280000F071F8374E33681C00F0
:104E0000002C2FD139002800FFF7C6FF0400431CF7
:104E10005FD134680094009B002B4AD1002C52D003
:104E200023682800E3180099019300F069FC019BB6
:104E3000834248D123682800FF1A3900FFF7ACFFEE
:104E4000013040D02368DB19236033685A68002A98
:104E500033D1009B336019E0002BC9DA0C232B609F
:104E60000020FEBD2168C91B20D40B290AD9E219F4
:104E70002760A34204D1326063681160536005E08B
:104E80005A60F9E76268A3420ED13260280000F050
:104E90002DF8200007220B30231D9043C21A9842A0
:104EA000DFD01B1AA350DCE75A60EFE723006468E9
:104EB000A6E7009C63680093ADE71A005B68A34215
:104EC000FBD10023DAE70C2328002B6000F00EF85A
:104ED000C6E70760DAE7C046F0B7002010B5024821
:104EE000FFF705FF10BDC046E8B7002010B5024827
:104EF000FFF7FEFE10BDC046E8B70020936810B56E
:104F0000013B9360002B04DA9469A34207DB0A2972
:104F100005D01368581C10601970080010BDFFF709
:104F2000A5FD0100F9E7F8B506000F001400D5183B
:104F3000AC4201D1002007E021783A003000FFF7B1
:104F4000DDFF0134431CF3D1F8BD0000F0B5A1B082
:104F50000F0015001E000390002804D0036A002BE8
:104F600001D1FFF793FC7B6EDB0705D4BB899B0562
:104F700002D4B86DFFF7BBFEBB891B0702D53B69A6
:104F8000002B13D139000398FFF7B2FD00280DD094
:104F90007B6EDB0703D50120404221B0F0BDBB8909
:104FA0009B05F8D4B86DFFF7A3FEF4E7002308AC27
:104FB0006361203363761033A37607962E0033782F
:104FC000002B01D0252B48D1731B0593AE420BD08B
:104FD0002A0039000398FFF7A6FF013000D1AEE0A8
:104FE0006369059A9B1863613378002B00D1A6E0B2
:104FF000012200235242626004A954325218751CE7
:105000002360E360A3601370A365594B0522180069
:105010002978059300F086FB6E1C00281FD12268BA
:10502000D30604D5532304A95B1820211970130754
:1050300004D5532304A95B182B2119702B782A2B34
:1050400016D02E0000210A20E3683278751C303A11
:10505000092A50D9002911D117E00136AFE7059B85
:105060002268C01A01238340134335002360CCE734
:10507000079B191D1B680791002B01DB0B9304E0B4
:105080005B42E36002231343236033782E2B0CD161
:1050900073782A2B34D1079B02361A1D1B6807929E
:1050A000002B01DA01235B420993324D03222800D1
:1050B000317800F037FB002806D04023401B8340A6
:1050C0002268013613432360317806222A48751C72
:1050D000217600F027FB002840D0284B002B22D15E
:1050E0000722079B07339343083307936369049AA6
:1050F0009B18636162E743432E0001219B18A4E7DC
:1051000000230A201900013663603278751C303A9A
:10511000092A03D9002BC8D00991C6E741432E00C4
:1051200001238918F1E707AA009221003A00144BE5
:10513000039800E000BF0490049B0133D6D17B6E3E
:10514000DB0705D4BB899B0502D4B86DFFF7D0FD02
:10515000BB895B0600D51EE70D981EE707AA0092E3
:1051600021003A00064B039800F07CF8E3E7C046C4
:105170009F5D0008A55D0008A95D00080000000013
:10518000274F0008F7B5160001938A680B690C00D9
:105190000090934200DA1300220033604332127809
:1051A000002A01D00133336023689B0602D533689F
:1051B000023333602268062315001D401A4227D0AF
:1051C000230043331B785A1E93412268920630D441
:1051D000220001990098089D4332A847013025D04C
:1051E0000622236800251340042B05D13368E568A7
:1051F000ED1AEB43DB171D40A3682269934201DDE2
:105200009B1AED180026B54220D1002010E0013590
:10521000E36832689B1AAB42D2DD22000123019978
:105220000098089F1932B8470130F0D10120404260
:10523000FEBD3020E1184331087021005A1C453171
:105240000978A218433202331170C1E7220001230A
:1052500001990098089F1A32B8470130E6D001360C
:10526000D1E70000F0B58BB006920A0043320793F5
:10527000059003920A7E0C00109B782A09D8622AB6
:105280000BD8002A00D1BAE07A490491582A00D1FB
:105290008EE0250042352A7022E010006338152880
:1052A000F7D8FAF741FF16001F00F6FFF6FFF6FFEA
:1052B000F6FF1F00F6FFF6FFF6FFF6FF9F00360031
:1052C0007E00F6FFF6FFB000F6FF3600F6FFF6FFB1
:1052D000820025001A684235111D196013682B7071
:1052E00001239EE018680968021D0D060BD50668AB
:1052F0001A60002E03DA2D23039A764213705D4B59
:105300000A27049318E006681A604906F1D536B2F8
:10531000EFE70868196840C9050602D4400600D5C1
:10532000B6B21960534B0A2704936F2A00D1023F8B
:105330002300002243331A706368A360002B06DB4E
:1053400004212268039D8A43226033430CD0039DCD
:1053500030003900FAF778FF049B013D5B5C2B704D
:10536000330006009F42F3D9082F09D12368DB07D9
:1053700006D5626823699A4202DC3023013D2B7016
:10538000039B5B1B2361079B210000930598069BF1
:1053900009AAFFF7F7FE013048D1012040420BB0C7
:1053A000F0BD202209680A43226078223249049124
:1053B000210045310A701968226840C9100602D4DC
:1053C000500600D5B6B21960D30702D52023134387
:1053D0002360002E01D01027AAE7202223689343E0
:1053E0002360F8E71A680D68101D49691860136892
:1053F0002E0601D5196002E06D06FBD51980002349
:10540000039D2361BFE71A68111D1960156800210B
:105410002800626800F086F9002801D0401B606017
:10542000636823610023039A1370ACE72A002369A1
:1054300006990598079DA8470130AED023689B07C1
:1054400015D4099BE0689842A9DA1800A7E7220062
:10545000012306990598079E1932B04701309CD068
:105460000135E368099A9B1AAB42F0DCE9E70025B5
:10547000F7E7C046B05D0008C15D0008F7B50C2233
:105480008B5E05000C001A0756D44A68002A02DC1D
:105490000A6C002A4EDDE76A002F4BD000228020E4
:1054A0002E682A601A004001216A0240034233D06C
:1054B000626DA3895B0706D56368D21A636B002B04
:1054C00001D0236CD21A00232800E76A216AB8476A
:1054D000A289431C06D129681D2946D8294BCB40F7
:1054E000DB0742D50023636023692360D20405D51E
:1054F000431C02D12B68002B00D16065616B2E60CC
:10550000002917D023004433994202D02800FFF726
:10551000F9FB002363630DE001232800B847020074
:10552000431CC6D12B68002BC3D01D2B01D0162BDA
:105530001AD12E6000201EE00E69002EFAD00F68EE
:105540000E60BA1B019200229B0700D14A69A2603B
:10555000019B002BEEDDA36A32001F002800019B97
:10556000216AB847002807DCA289402301201343A1
:105570001BB2A3814042FEBD019B36181B1A01934A
:10558000E6E7C046010040200B6970B505000C003D
:10559000002B02D10025280070BD002804D0036A2A
:1055A000002B01D1FFF772F90C22A35E002BF1D082
:1055B000626ED20704D49B0502D4A06DFFF797FB5F
:1055C00028002100FFF75AFF636E0500DB07E2D4D5
:1055D000A3899B05DFD4A06DFFF78AFBDBE7000002
:1055E00070B50E001D000E23C95E140096B0002990
:1055F0000CDAB2898023110019401A4214D1802399
:10560000DB0000202960236016B070BD6A4600F000
:1056100053F80028EDDBF02301991B021940044BDD
:10562000C9184B425941EAE700214023E9E7C04647
:1056300000E0FFFFF0B502268B8905000C0085B065
:10564000334207D023004733236023610123636182
:1056500005B0F0BD03AB02AAFFF7C2FF029F0190A5
:1056600039002800FFF7BAFB002808D10C22A35EFE
:105670009A05EDD4032293431E43A681E2E78023DB
:10568000A28920601343A381039B20616761002BE3
:105690000CD028000E23E15E00F020F8002805D091
:1056A0000323A2899A43023B1343A381A389019A4E
:1056B0001343A381CCE70000002370B5064D04001E
:1056C000080011002B60FAF7D7FF431C03D12B68A9
:1056D000002B00D0236070BDE4B70020002370B51C
:1056E000064D040008002B60FAF7CBFF431C03D1E2
:1056F0002B68002B00D0236070BDC046E4B70020AB
:10570000002370B5064D040008002B60FAF7BEFFB9
:10571000431C03D12B68002B00D0236070BDC04612
:10572000E4B70020C9B28218904201D1002070472E
:1057300003788B42FBD00130F6E70000F8B5C04695
:10574000F8BC08BC9E467047F8B5C046F8BC08BC1B
:105750009E4670470000000001B40248844601BC28
:10576000604700BF69000020626F6F74696E672E2A
:105770002E2E0D006F74615F6D6F64756C655F69CF
:105780006E6974206661696C65643A2025640D0A4F
:1057900000626F6F745F70726570726F63657373B0
:1057A000206572722025640D0A00596D6F64656D65
:1057B00020776169740D00486172644661756C748C
:1057C0000D005B594D5D2072657365743A20257339
:1057D0000D0A0063616E004F5441204F4B2C206234
:1057E0006F6F74206170702E2E2E0D006F7461200B
:1057F00066696E697368206572722025640D0A00FF
:10580000656F740063726300736571006F7461206B
:1058100077720073747265616D206F7666006368DD
:10582000756E6B206F766600796D6F64656D2069AB
:10583000646C652C2072657365740D007278206944
:10584000646C65005B4F54415D5B455D2072656330
:105850006F72645F6C6F61643A20666C617368207C
:1058600072656164206661696C65640D005B4F540C
:10587000415D5B455D20666C6173685F6572617355
:10588000655F736C6F743A20657261736520666141
:10589000696C656420747970653D256C7520616460
:1058A00064723D256C752073697A653D256C750DB4
:1058B0000A005B4F54415D5B455D207265636F720A
:1058C000645F73746F72653A20666C6173682065FB
:1058D00072617365206661696C65640D005B4F548D
:1058E000415D5B455D207265636F72645F73746FC9
:1058F00072653A20666C61736820777269746520FE
:105900006661696C65640D005B4F54415D5B455D8C
:10591000206F74615F6D6F64756C655F696E69742B
:105920003A206D697373696E6720636F6E6669678D
:105930002066756E6374696F6E20706F696E746532
:1059400072730D005B4F54415D5B455D206F746168
:105950005F6D6F64756C655F626F6F745F707265A9
:1059600070726F636573733A206E6F20626F6F742D
:105970002063616E6469646174650D005B4F54411E
:105980005D5B455D206F74615F646F776E6C6F6106
:10599000645F73746172743A207061636B616765F0
:1059A000206D6167696320696E76616C69640D00C2
:1059B0005B4F54415D5B455D206F74615F646F7741
:1059C0006E6C6F61645F73746172743A20686561B4
:1059D0006465722063726320696E76616C69640D20
:1059E000005B4F54415D5B455D206F74615F646F88
:1059F000776E6C6F61645F73746172743A2061706A
:105A0000705F6F6666736574206F7574206F6620B3
:105A100072616E67650D005B4F54415D5B455D20B3
:105A20006F74615F646F776E6C6F61645F737461D4
:105A300072743A206170705F6F66667365742B6173
:105A400070705F73697A652065786365656473203B
:105A5000736C6F740D005B4F54415D5B455D206F4F
:105A600074615F646F776E6C6F61645F7374617291
:105A7000743A206170705F73697A6520746F6F206B
:105A80006C617267650D005B4F54415D5B455D2045
:105A90006F74615F646F776E6C6F61645F73746164
:105AA00072743A20666C6173682065726173652058
:105AB0006661696C65640D005B4F54415D5B455DDB
:105AC000206F74615F646F776E6C6F61645F737475
:105AD0006172743A207265636F72645F73746F727F
:105AE00065206661696C65640D005B4F54415D5BC8
:105AF000455D206F74615F646F776E6C6F61643AAF
:105B0000207265636F72645F6C6F616420666169A7
:105B10006C65642072633D25640D0A005B4F54413F
:105B20005D5B455D206F74615F646F776E6C6F6164
:105B3000643A20746172676574207374617475735C
:105B4000206D69736D617463683D25640D0A005BA7
:105B50004F54415D5B455D206F74615F646F776E8C
:105B60006C6F61643A206F6666736574206D69734B
:105B70006D61746368206578703D256C7520676F72
:105B8000743D256C750D0A005B4F54415D5B455DAE
:105B9000206F74615F646F776E6C6F61643A20731D
:105BA000697A65206D69736D61746368206F6666DC
:105BB0007365743D256C752073697A653D256C7538
:105BC00020746F74616C3D256C750D0A005B4F5439
:105BD000415D5B455D206F74615F646F776E6C6FD4
:105BE00061643A206473742061646472206F757418
:105BF000206F6620736C6F742072616E67650D0094
:105C00005B4F54415D5B455D206F74615F646F77EE
:105C10006E6C6F61643A20666C617368207772699C
:105C20007465206661696C65640D005B4F54415D6D
:105C30005B455D206F74615F646F776E6C6F61644C
:105C40005F66696E6973683A207461726765742073
:105C5000737461747573206D69736D617463683DED
:105C600025640D0A005B4F54415D5B455D206F74F8
:105C7000615F646F776E6C6F61645F66696E697394
:105C8000683A2073697A65206D69736D6174636821
:105C900020646F776E6C6F616465643D256C752060
:105CA00065787065637465643D256C750D0A005BED
:105CB0004F54415D5B455D206F74615F646F776E2B
:105CC0006C6F61645F66696E6973683A20637263C2
:105CD000206D69736D6174636820666C6173683DE3
:105CE000256C752065787065637465643D256C75F9
:105CF0000D0A005B4F54415D5B455D206F74615F31
:105D0000646F776E6C6F61645F61626F72743A206A
:105D10006E6F20646F776E6C6F6164696E6720735D
:105D20006C6F7420666F756E640D005B4F54415D3F
:105D30005B455D206F74615F646F776E6C6F61644B
:105D40005F61626F72743A207461726765745F6933
:105D500064783D256C750D0A00666C61736820706F
:105D6000726F6772616D20696E76616C6964203054
:105D70002D3E31206174202530386C780D0A006684
:105D80006C6173682070726F6772616D2066616903
:105D90006C6564206174202530386C780D0A00230E
:105DA0002D302B2000686C4C006566674546470027
:105DB0003031323334353637383941424344454641
:105DC00000303132333435363738396162636465D7
:105DD000660000000000000000000000000000005D
:105DE00000000000010000000200000003000000AD
:105DF000040000000000000000000000000000009F
:105E00000000000000000000000000000000000092
:105E1000000000000100000002000000030000007C
:105E20000400000006000000070000000800000059
:105E300009000000010002000400060008000A003A
:105E40000C00100020004000800000010804020443
:105E50000801010101010103070100004F544154F1
:105E6000030000000000000001080000070000001F
:105E700000000000000000000000000000E000083A
:105E80000000000800000000000000000000080002
:105E900000000000000000000008000000000000FA
:105EA00000000000C9420008E5450008F143000871
:105EB000BD43000871430008E1000008B900000874
:105EC0000024F400010000000400000000000000B5
:105ED00003000000A8B600201C0000200000000005
:105EE000A8B6002010B7002078B7002000000000FE
:105EF00000000000000000000000000000000000A2
:105F00000000000000000000000000000000000091
:105F10000000000000000000000000000000000081
:105F2000000000000000000080220C4B30B55C69CE
:105F3000D20222435A61EFF3108272B64C1CFF3436
:105F4000401A0D6845500431A142FAD1C02189029E
:105F500018690842FCD182F3108830BD002002404D
:10E00000FFFFFFFFFFFFFFFFFFFFFFFFFFFFFFFF20
:10E01000FFFFFFFFFFFFFFFFFFFFFFFFFFFFFFFF10
:10E02000FFFFFFFFFFFFFFFFFFFFFFFFFFFFFFFF00
:10E03000FFFFFFFFFFFFFFFFFFFFFFFFFFFFFFFFF0
:10E04000FFFFFFFFFFFFFFFFFFFFFFFFFFFFFFFFE0
:10E05000FFFFFFFFFFFFFFFFFFFFFFFFFFFFFFFFD0
:10E06000FFFFFFFFFFFFFFFFFFFFFFFFFFFFFFFFC0
:10E07000FFFFFFFFFFFFFFFFFFFFFFFFFFFFFFFFB0
:10E08000FFFFFFFFFFFFFFFFFFFFFFFFFFFFFFFFA0
:10E09000FFFFFFFFFFFFFFFFFFFFFFFFFFFFFFFF90
:10E0A000FFFFFFFFFFFFFFFFFFFFFFFFFFFFFFFF80
:10E0B000FFFFFFFFFFFFFFFFFFFFFFFFFFFFFFFF70
:10E0C000FFFFFFFFFFFFFFFFFFFFFFFFFFFFFFFF60
:10E0D000FFFFFFFFFFFFFFFFFFFFFFFFFFFFFFFF50
:10E0E000FFFFFFFFFFFFFFFFFFFFFFFFFFFFFFFF40
:10E0F000FFFFFFFFFFFFFFFFFFFFFFFFFFFFFFFF30
:10E10000FFFFFFFFFFFFFFFFFFFFFFFFFFFFFFFF1F
:10E11000FFFFFFFFFFFFFFFFFFFFFFFFFFFFFFFF0F
:10E12000FFFFFFFFFFFFFFFFFFFFFFFFFFFFFFFFFF
:10E13000FFFFFFFFFFFFFFFFFFFFFFFFFFFFFFFFEF
:10E14000FFFFFFFFFFFFFFFFFFFFFFFFFFFFFFFFDF
:10E15000FFFFFFFFFFFFFFFFFFFFFFFFFFFFFFFFCF
:10E16000FFFFFFFFFFFFFFFFFFFFFFFFFFFFFFFFBF
:10E17000FFFFFFFFFFFFFFFFFFFFFFFFFFFFFFFFAF
:10E18000FFFFFFFFFFFFFFFFFFFFFFFFFFFFFFFF9F
:10E19000FFFFFFFFFFFFFFFFFFFFFFFFFFFFFFFF8F
:10E1A000FFFFFFFFFFFFFFFFFFFFFFFFFFFFFFFF7F
:10E1B000FFFFFFFFFFFFFFFFFFFFFFFFFFFFFFFF6F
:10E1C000FFFFFFFFFFFFFFFFFFFFFFFFFFFFFFFF5F
:10E1D000FFFFFFFFFFFFFFFFFFFFFFFFFFFFFFFF4F
:10E1E000FFFFFFFFFFFFFFFFFFFFFFFFFFFFFFFF3F
:10E1F000FFFFFFFFFFFFFFFFFFFFFFFFFFFFFFFF2F
:10E20000FFFFFFFFFFFFFFFFFFFFFFFFFFFFFFFF1E
:10E21000FFFFFFFFFFFFFFFFFFFFFFFFFFFFFFFF0E
:10E22000FFFFFFFFFFFFFFFFFFFFFFFFFFFFFFFFFE
:10E23000FFFFFFFFFFFFFFFFFFFFFFFFFFFFFFFFEE
:10E24000FFFFFFFFFFFFFFFFFFFFFFFFFFFFFFFFDE
:10E25000FFFFFFFFFFFFFFFFFFFFFFFFFFFFFFFFCE
:10E26000FFFFFFFFFFFFFFFFFFFFFFFFFFFFFFFFBE
:10E27000FFFFFFFFFFFFFFFFFFFFFFFFFFFFFFFFAE
:10E28000FFFFFFFFFFFFFFFFFFFFFFFFFFFFFFFF9E
:10E29000FFFFFFFFFFFFFFFFFFFFFFFFFFFFFFFF8E
:10E2A000FFFFFFFFFFFFFFFFFFFFFFFFFFFFFFFF7E
:10E2B000FFFFFFFFFFFFFFFFFFFFFFFFFFFFFFFF6E
:10E2C000FFFFFFFFFFFFFFFFFFFFFFFFFFFFFFFF5E
:10E2D000FFFFFFFFFFFFFFFFFFFFFFFFFFFFFFFF4E
:10E2E000FFFFFFFFFFFFFFFFFFFFFFFFFFFFFFFF3E
:10E2F000FFFFFFFFFFFFFFFFFFFFFFFFFFFFFFFF2E
:10E30000FFFFFFFFFFFFFFFFFFFFFFFFFFFFFFFF1D
:10E31000FFFFFFFFFFFFFFFFFFFFFFFFFFFFFFFF0D
:10E32000FFFFFFFFFFFFFFFFFFFFFFFFFFFFFFFFFD
:10E33000FFFFFFFFFFFFFFFFFFFFFFFFFFFFFFFFED
:10E34000FFFFFFFFFFFFFFFFFFFFFFFFFFFFFFFFDD
:10E35000FFFFFFFFFFFFFFFFFFFFFFFFFFFFFFFFCD
:10E36000FFFFFFFFFFFFFFFFFFFFFFFFFFFFFFFFBD
:10E37000FFFFFFFFFFFFFFFFFFFFFFFFFFFFFFFFAD
:10E38000FFFFFFFFFFFFFFFFFFFFFFFFFFFFFFFF9D
:10E39000FFFFFFFFFFFFFFFFFFFFFFFFFFFFFFFF8D
:10E3A000FFFFFFFFFFFFFFFFFFFFFFFFFFFFFFFF7D
:10E3B000FFFFFFFFFFFFFFFFFFFFFFFFFFFFFFFF6D
:10E3C000FFFFFFFFFFFFFFFFFFFFFFFFFFFFFFFF5D
:10E3D000FFFFFFFFFFFFFFFFFFFFFFFFFFFFFFFF4D
:10E3E000FFFFFFFFFFFFFFFFFFFFFFFFFFFFFFFF3D
:10E3F000FFFFFFFFFFFFFFFFFFFFFFFFFFFFFFFF2D
:10E40000FFFFFFFFFFFFFFFFFFFFFFFFFFFFFFFF1C
:10E41000FFFFFFFFFFFFFFFFFFFFFFFFFFFFFFFF0C
:10E42000FFFFFFFFFFFFFFFFFFFFFFFFFFFFFFFFFC
:10E43000FFFFFFFFFFFFFFFFFFFFFFFFFFFFFFFFEC
:10E44000FFFFFFFFFFFFFFFFFFFFFFFFFFFFFFFFDC
:10E45000FFFFFFFFFFFFFFFFFFFFFFFFFFFFFFFFCC
:10E46000FFFFFFFFFFFFFFFFFFFFFFFFFFFFFFFFBC
:10E47000FFFFFFFFFFFFFFFFFFFFFFFFFFFFFFFFAC
:10E48000FFFFFFFFFFFFFFFFFFFFFFFFFFFFFFFF9C
:10E49000FFFFFFFFFFFFFFFFFFFFFFFFFFFFFFFF8C
:10E4A000FFFFFFFFFFFFFFFFFFFFFFFFFFFFFFFF7C
:10E4B000FFFFFFFFFFFFFFFFFFFFFFFFFFFFFFFF6C
:10E4C000FFFFFFFFFFFFFFFFFFFFFFFFFFFFFFFF5C
:10E4D000FFFFFFFFFFFFFFFFFFFFFFFFFFFFFFFF4C
:10E4E000FFFFFFFFFFFFFFFFFFFFFFFFFFFFFFFF3C
:10E4F000FFFFFFFFFFFFFFFFFFFFFFFFFFFFFFFF2C
:10E50000FFFFFFFFFFFFFFFFFFFFFFFFFFFFFFFF1B
:10E51000FFFFFFFFFFFFFFFFFFFFFFFFFFFFFFFF0B
:10E52000FFFFFFFFFFFFFFFFFFFFFFFFFFFFFFFFFB
:10E53000FFFFFFFFFFFFFFFFFFFFFFFFFFFFFFFFEB
:10E54000FFFFFFFFFFFFFFFFFFFFFFFFFFFFFFFFDB
:10E55000FFFFFFFFFFFFFFFFFFFFFFFFFFFFFFFFCB
:10E56000FFFFFFFFFFFFFFFFFFFFFFFFFFFFFFFFBB
:10E57000FFFFFFFFFFFFFFFFFFFFFFFFFFFFFFFFAB
:10E58000FFFFFFFFFFFFFFFFFFFFFFFFFFFFFFFF9B
:10E59000FFFFFFFFFFFFFFFFFFFFFFFFFFFFFFFF8B
:10E5A000FFFFFFFFFFFFFFFFFFFFFFFFFFFFFFFF7B
:10E5B000FFFFFFFFFFFFFFFFFFFFFFFFFFFFFFFF6B
:10E5C000FFFFFFFFFFFFFFFFFFFFFFFFFFFFFFFF5B
:10E5D000FFFFFFFFFFFFFFFFFFFFFFFFFFFFFFFF4B
:10E5E000FFFFFFFFFFFFFFFFFFFFFFFFFFFFFFFF3B
:10E5F000FFFFFFFFFFFFFFFFFFFFFFFFFFFFFFFF2B
:10E60000FFFFFFFFFFFFFFFFFFFFFFFFFFFFFFFF1A
:10E61000FFFFFFFFFFFFFFFFFFFFFFFFFFFFFFFF0A
:10E62000FFFFFFFFFFFFFFFFFFFFFFFFFFFFFFFFFA
:10E63000FFFFFFFFFFFFFFFFFFFFFFFFFFFFFFFFEA
:10E64000FFFFFFFFFFFFFFFFFFFFFFFFFFFFFFFFDA
:10E65000FFFFFFFFFFFFFFFFFFFFFFFFFFFFFFFFCA
:10E66000FFFFFFFFFFFFFFFFFFFFFFFFFFFFFFFFBA
:10E67000FFFFFFFFFFFFFFFFFFFFFFFFFFFFFFFFAA
:10E68000FFFFFFFFFFFFFFFFFFFFFFFFFFFFFFFF9A
:10E69000FFFFFFFFFFFFFFFFFFFFFFFFFFFFFFFF8A
:10E6A000FFFFFFFFFFFFFFFFFFFFFFFFFFFFFFFF7A
:10E6B000FFFFFFFFFFFFFFFFFFFFFFFFFFFFFFFF6A
:10E6C000FFFFFFFFFFFFFFFFFFFFFFFFFFFFFFFF5A
:10E6D000FFFFFFFFFFFFFFFFFFFFFFFFFFFFFFFF4A
:10E6E000FFFFFFFFFFFFFFFFFFFFFFFFFFFFFFFF3A
:10E6F000FFFFFFFFFFFFFFFFFFFFFFFFFFFFFFFF2A
:10E70000FFFFFFFFFFFFFFFFFFFFFFFFFFFFFFFF19
:10E71000FFFFFFFFFFFFFFFFFFFFFFFFFFFFFFFF09
:10E72000FFFFFFFFFFFFFFFFFFFFFFFFFFFFFFFFF9
:10E73000FFFFFFFFFFFFFFFFFFFFFFFFFFFFFFFFE9
:10E74000FFFFFFFFFFFFFFFFFFFFFFFFFFFFFFFFD9
:10E75000FFFFFFFFFFFFFFFFFFFFFFFFFFFFFFFFC9
:10E76000FFFFFFFFFFFFFFFFFFFFFFFFFFFFFFFFB9
:10E77000FFFFFFFFFFFFFFFFFFFFFFFFFFFFFFFFA9
:10E78000FFFFFFFFFFFFFFFFFFFFFFFFFFFFFFFF99
:10E79000FFFFFFFFFFFFFFFFFFFFFFFFFFFFFFFF89
:10E7A000FFFFFFFFFFFFFFFFFFFFFFFFFFFFFFFF79
:10E7B000FFFFFFFFFFFFFFFFFFFFFFFFFFFFFFFF69
:10E7C000FFFFFFFFFFFFFFFFFFFFFFFFFFFFFFFF59
:10E7D000FFFFFFFFFFFFFFFFFFFFFFFFFFFFFFFF49
:10E7E000FFFFFFFFFFFFFFFFFFFFFFFFFFFFFFFF39
:10E7F000FFFFFFFFFFFFFFFFFFFFFFFFFFFFFFFF29
:10E80000FFFFFFFFFFFFFFFFFFFFFFFFFFFFFFFF18
:10E81000FFFFFFFFFFFFFFFFFFFFFFFFFFFFFFFF08
:10E82000FFFFFFFFFFFFFFFFFFFFFFFFFFFFFFFFF8
:10E83000FFFFFFFFFFFFFFFFFFFFFFFFFFFFFFFFE8
:10E84000FFFFFFFFFFFFFFFFFFFFFFFFFFFFFFFFD8
:10E85000FFFFFFFFFFFFFFFFFFFFFFFFFFFFFFFFC8
:10E86000FFFFFFFFFFFFFFFFFFFFFFFFFFFFFFFFB8
:10E87000FFFFFFFFFFFFFFFFFFFFFFFFFFFFFFFFA8
:10E88000FFFFFFFFFFFFFFFFFFFFFFFFFFFFFFFF98
:10E89000FFFFFFFFFFFFFFFFFFFFFFFFFFFFFFFF88
:10E8A000FFFFFFFFFFFFFFFFFFFFFFFFFFFFFFFF78
:10E8B000FFFFFFFFFFFFFFFFFFFFFFFFFFFFFFFF68
:10E8C000FFFFFFFFFFFFFFFFFFFFFFFFFFFFFFFF58
:10E8D000FFFFFFFFFFFFFFFFFFFFFFFFFFFFFFFF48
:10E8E000FFFFFFFFFFFFFFFFFFFFFFFFFFFFFFFF38
:10E8F000FFFFFFFFFFFFFFFFFFFFFFFFFFFFFFFF28
:10E90000FFFFFFFFFFFFFFFFFFFFFFFFFFFFFFFF17
:10E91000FFFFFFFFFFFFFFFFFFFFFFFFFFFFFFFF07
:10E92000FFFFFFFFFFFFFFFFFFFFFFFFFFFFFFFFF7
:10E93000FFFFFFFFFFFFFFFFFFFFFFFFFFFFFFFFE7
:10E94000FFFFFFFFFFFFFFFFFFFFFFFFFFFFFFFFD7
:10E95000FFFFFFFFFFFFFFFFFFFFFFFFFFFFFFFFC7
:10E96000FFFFFFFFFFFFFFFFFFFFFFFFFFFFFFFFB7
:10E97000FFFFFFFFFFFFFFFFFFFFFFFFFFFFFFFFA7
:10E98000FFFFFFFFFFFFFFFFFFFFFFFFFFFFFFFF97
:10E99000FFFFFFFFFFFFFFFFFFFFFFFFFFFFFFFF87
:10E9A000FFFFFFFFFFFFFFFFFFFFFFFFFFFFFFFF77
:10E9B000FFFFFFFFFFFFFFFFFFFFFFFFFFFFFFFF67
:10E9C000FFFFFFFFFFFFFFFFFFFFFFFFFFFFFFFF57
:10E9D000FFFFFFFFFFFFFFFFFFFFFFFFFFFFFFFF47
:10E9E000FFFFFFFFFFFFFFFFFFFFFFFFFFFFFFFF37
:10E9F000FFFFFFFFFFFFFFFFFFFFFFFFFFFFFFFF27
:10EA0000FFFFFFFFFFFFFFFFFFFFFFFFFFFFFFFF16
:10EA1000FFFFFFFFFFFFFFFFFFFFFFFFFFFFFFFF06
:10EA2000FFFFFFFFFFFFFFFFFFFFFFFFFFFFFFFFF6
:10EA3000FFFFFFFFFFFFFFFFFFFFFFFFFFFFFFFFE6
:10EA4000FFFFFFFFFFFFFFFFFFFFFFFFFFFFFFFFD6
:10EA5000FFFFFFFFFFFFFFFFFFFFFFFFFFFFFFFFC6
:10EA6000FFFFFFFFFFFFFFFFFFFFFFFFFFFFFFFFB6
:10EA7000FFFFFFFFFFFFFFFFFFFFFFFFFFFFFFFFA6
:10EA8000FFFFFFFFFFFFFFFFFFFFFFFFFFFFFFFF96
:10EA9000FFFFFFFFFFFFFFFFFFFFFFFFFFFFFFFF86
:10EAA000FFFFFFFFFFFFFFFFFFFFFFFFFFFFFFFF76
:10EAB000FFFFFFFFFFFFFFFFFFFFFFFFFFFFFFFF66
:10EAC000FFFFFFFFFFFFFFFFFFFFFFFFFFFFFFFF56
:10EAD000FFFFFFFFFFFFFFFFFFFFFFFFFFFFFFFF46
:10EAE000FFFFFFFFFFFFFFFFFFFFFFFFFFFFFFFF36
:10EAF000FFFFFFFFFFFFFFFFFFFFFFFFFFFFFFFF26
:10EB0000FFFFFFFFFFFFFFFFFFFFFFFFFFFFFFFF15
:10EB1000FFFFFFFFFFFFFFFFFFFFFFFFFFFFFFFF05
:10EB2000FFFFFFFFFFFFFFFFFFFFFFFFFFFFFFFFF5
:10EB3000FFFFFFFFFFFFFFFFFFFFFFFFFFFFFFFFE5
:10EB4000FFFFFFFFFFFFFFFFFFFFFFFFFFFFFFFFD5
:10EB5000FFFFFFFFFFFFFFFFFFFFFFFFFFFFFFFFC5
:10EB6000FFFFFFFFFFFFFFFFFFFFFFFFFFFFFFFFB5
:10EB7000FFFFFFFFFFFFFFFFFFFFFFFFFFFFFFFFA5
:10EB8000FFFFFFFFFFFFFFFFFFFFFFFFFFFFFFFF95
:10EB9000FFFFFFFFFFFFFFFFFFFFFFFFFFFFFFFF85
:10EBA000FFFFFFFFFFFFFFFFFFFFFFFFFFFFFFFF75
:10EBB000FFFFFFFFFFFFFFFFFFFFFFFFFFFFFFFF65
:10EBC000FFFFFFFFFFFFFFFFFFFFFFFFFFFFFFFF55
:10EBD000FFFFFFFFFFFFFFFFFFFFFFFFFFFFFFFF45
:10EBE000FFFFFFFFFFFFFFFFFFFFFFFFFFFFFFFF35
:10EBF000FFFFFFFFFFFFFFFFFFFFFFFFFFFFFFFF25
:10EC0000FFFFFFFFFFFFFFFFFFFFFFFFFFFFFFFF14
:10EC1000FFFFFFFFFFFFFFFFFFFFFFFFFFFFFFFF04
:10EC2000FFFFFFFFFFFFFFFFFFFFFFFFFFFFFFFFF4
:10EC3000FFFFFFFFFFFFFFFFFFFFFFFFFFFFFFFFE4
:10EC4000FFFFFFFFFFFFFFFFFFFFFFFFFFFFFFFFD4
:10EC5000FFFFFFFFFFFFFFFFFFFFFFFFFFFFFFFFC4
:10EC6000FFFFFFFFFFFFFFFFFFFFFFFFFFFFFFFFB4
:10EC7000FFFFFFFFFFFFFFFFFFFFFFFFFFFFFFFFA4
:10EC8000FFFFFFFFFFFFFFFFFFFFFFFFFFFFFFFF94
:10EC9000FFFFFFFFFFFFFFFFFFFFFFFFFFFFFFFF84
:10ECA000FFFFFFFFFFFFFFFFFFFFFFFFFFFFFFFF74
:10ECB000FFFFFFFFFFFFFFFFFFFFFFFFFFFFFFFF64
:10ECC000FFFFFFFFFFFFFFFFFFFFFFFFFFFFFFFF54
:10ECD000FFFFFFFFFFFFFFFFFFFFFFFFFFFFFFFF44
:10ECE000FFFFFFFFFFFFFFFFFFFFFFFFFFFFFFFF34
:10ECF000FFFFFFFFFFFFFFFFFFFFFFFFFFFFFFFF24
:10ED0000FFFFFFFFFFFFFFFFFFFFFFFFFFFFFFFF13
:10ED1000FFFFFFFFFFFFFFFFFFFFFFFFFFFFFFFF03
:10ED2000FFFFFFFFFFFFFFFFFFFFFFFFFFFFFFFFF3
:10ED3000FFFFFFFFFFFFFFFFFFFFFFFFFFFFFFFFE3
:10ED4000FFFFFFFFFFFFFFFFFFFFFFFFFFFFFFFFD3
:10ED5000FFFFFFFFFFFFFFFFFFFFFFFFFFFFFFFFC3
:10ED6000FFFFFFFFFFFFFFFFFFFFFFFFFFFFFFFFB3
:10ED7000FFFFFFFFFFFFFFFFFFFFFFFFFFFFFFFFA3
:10ED8000FFFFFFFFFFFFFFFFFFFFFFFFFFFFFFFF93
:10ED9000FFFFFFFFFFFFFFFFFFFFFFFFFFFFFFFF83
:10EDA000FFFFFFFFFFFFFFFFFFFFFFFFFFFFFFFF73
:10EDB000FFFFFFFFFFFFFFFFFFFFFFFFFFFFFFFF63
:10EDC000FFFFFFFFFFFFFFFFFFFFFFFFFFFFFFFF53
:10EDD000FFFFFFFFFFFFFFFFFFFFFFFFFFFFFFFF43
:10EDE000FFFFFFFFFFFFFFFFFFFFFFFFFFFFFFFF33
:10EDF000FFFFFFFFFFFFFFFFFFFFFFFFFFFFFFFF23
:10EE0000FFFFFFFFFFFFFFFFFFFFFFFFFFFFFFFF12
:10EE1000FFFFFFFFFFFFFFFFFFFFFFFFFFFFFFFF02
:10EE2000FFFFFFFFFFFFFFFFFFFFFFFFFFFFFFFFF2
:10EE3000FFFFFFFFFFFFFFFFFFFFFFFFFFFFFFFFE2
:10EE4000FFFFFFFFFFFFFFFFFFFFFFFFFFFFFFFFD2
:10EE5000FFFFFFFFFFFFFFFFFFFFFFFFFFFFFFFFC2
:10EE6000FFFFFFFFFFFFFFFFFFFFFFFFFFFFFFFFB2
:10EE7000FFFFFFFFFFFFFFFFFFFFFFFFFFFFFFFFA2
:10EE8000FFFFFFFFFFFFFFFFFFFFFFFFFFFFFFFF92
:10EE9000FFFFFFFFFFFFFFFFFFFFFFFFFFFFFFFF82
:10EEA000FFFFFFFFFFFFFFFFFFFFFFFFFFFFFFFF72
:10EEB000FFFFFFFFFFFFFFFFFFFFFFFFFFFFFFFF62
:10EEC000FFFFFFFFFFFFFFFFFFFFFFFFFFFFFFFF52
:10EED000FFFFFFFFFFFFFFFFFFFFFFFFFFFFFFFF42
:10EEE000FFFFFFFFFFFFFFFFFFFFFFFFFFFFFFFF32
:10EEF000FFFFFFFFFFFFFFFFFFFFFFFFFFFFFFFF22
:10EF0000FFFFFFFFFFFFFFFFFFFFFFFFFFFFFFFF11
:10EF1000FFFFFFFFFFFFFFFFFFFFFFFFFFFFFFFF01
:10EF2000FFFFFFFFFFFFFFFFFFFFFFFFFFFFFFFFF1
:10EF3000FFFFFFFFFFFFFFFFFFFFFFFFFFFFFFFFE1
:10EF4000FFFFFFFFFFFFFFFFFFFFFFFFFFFFFFFFD1
:10EF5000FFFFFFFFFFFFFFFFFFFFFFFFFFFFFFFFC1
:10EF6000FFFFFFFFFFFFFFFFFFFFFFFFFFFFFFFFB1
:10EF7000FFFFFFFFFFFFFFFFFFFFFFFFFFFFFFFFA1
:10EF8000FFFFFFFFFFFFFFFFFFFFFFFFFFFFFFFF91
:10EF9000FFFFFFFFFFFFFFFFFFFFFFFFFFFFFFFF81
:10EFA000FFFFFFFFFFFFFFFFFFFFFFFFFFFFFFFF71
:10EFB000FFFFFFFFFFFFFFFFFFFFFFFFFFFFFFFF61
:10EFC000FFFFFFFFFFFFFFFFFFFFFFFFFFFFFFFF51
:10EFD000FFFFFFFFFFFFFFFFFFFFFFFFFFFFFFFF41
:10EFE000FFFFFFFFFFFFFFFFFFFFFFFFFFFFFFFF31
:10EFF000FFFFFFFFFFFFFFFFFFFFFFFFFFFFFFFF21
:10F00000FFFFFFFFFFFFFFFFFFFFFFFFFFFFFFFF10
:10F01000FFFFFFFFFFFFFFFFFFFFFFFFFFFFFFFF00
:10F02000FFFFFFFFFFFFFFFFFFFFFFFFFFFFFFFFF0
:10F03000FFFFFFFFFFFFFFFFFFFFFFFFFFFFFFFFE0
:10F04000FFFFFFFFFFFFFFFFFFFFFFFFFFFFFFFFD0
:10F05000FFFFFFFFFFFFFFFFFFFFFFFFFFFFFFFFC0
:10F06000FFFFFFFFFFFFFFFFFFFFFFFFFFFFFFFFB0
:10F07000FFFFFFFFFFFFFFFFFFFFFFFFFFFFFFFFA0
:10F08000FFFFFFFFFFFFFFFFFFFFFFFFFFFFFFFF90
:10F09000FFFFFFFFFFFFFFFFFFFFFFFFFFFFFFFF80
:10F0A000FFFFFFFFFFFFFFFFFFFFFFFFFFFFFFFF70
:10F0B000FFFFFFFFFFFFFFFFFFFFFFFFFFFFFFFF60
:10F0C000FFFFFFFFFFFFFFFFFFFFFFFFFFFFFFFF50
:10F0D000FFFFFFFFFFFFFFFFFFFFFFFFFFFFFFFF40
:10F0E000FFFFFFFFFFFFFFFFFFFFFFFFFFFFFFFF30
:10F0F000FFFFFFFFFFFFFFFFFFFFFFFFFFFFFFFF20
:10F10000FFFFFFFFFFFFFFFFFFFFFFFFFFFFFFFF0F
:10F11000FFFFFFFFFFFFFFFFFFFFFFFFFFFFFFFFFF
:10F12000FFFFFFFFFFFFFFFFFFFFFFFFFFFFFFFFEF
:10F13000FFFFFFFFFFFFFFFFFFFFFFFFFFFFFFFFDF
:10F14000FFFFFFFFFFFFFFFFFFFFFFFFFFFFFFFFCF
:10F15000FFFFFFFFFFFFFFFFFFFFFFFFFFFFFFFFBF
:10F16000FFFFFFFFFFFFFFFFFFFFFFFFFFFFFFFFAF
:10F17000FFFFFFFFFFFFFFFFFFFFFFFFFFFFFFFF9F
:10F18000FFFFFFFFFFFFFFFFFFFFFFFFFFFFFFFF8F
:10F19000FFFFFFFFFFFFFFFFFFFFFFFFFFFFFFFF7F
:10F1A000FFFFFFFFFFFFFFFFFFFFFFFFFFFFFFFF6F
:10F1B000FFFFFFFFFFFFFFFFFFFFFFFFFFFFFFFF5F
:10F1C000FFFFFFFFFFFFFFFFFFFFFFFFFFFFFFFF4F
:10F1D000FFFFFFFFFFFFFFFFFFFFFFFFFFFFFFFF3F
:10F1E000FFFFFFFFFFFFFFFFFFFFFFFFFFFFFFFF2F
:10F1F000FFFFFFFFFFFFFFFFFFFFFFFFFFFFFFFF1F
:10F20000FFFFFFFFFFFFFFFFFFFFFFFFFFFFFFFF0E
:10F21000FFFFFFFFFFFFFFFFFFFFFFFFFFFFFFFFFE
:10F22000FFFFFFFFFFFFFFFFFFFFFFFFFFFFFFFFEE
:10F23000FFFFFFFFFFFFFFFFFFFFFFFFFFFFFFFFDE
:10F24000FFFFFFFFFFFFFFFFFFFFFFFFFFFFFFFFCE
:10F25000FFFFFFFFFFFFFFFFFFFFFFFFFFFFFFFFBE
:10F26000FFFFFFFFFFFFFFFFFFFFFFFFFFFFFFFFAE
:10F27000FFFFFFFFFFFFFFFFFFFFFFFFFFFFFFFF9E
:10F28000FFFFFFFFFFFFFFFFFFFFFFFFFFFFFFFF8E
:10F29000FFFFFFFFFFFFFFFFFFFFFFFFFFFFFFFF7E
:10F2A000FFFFFFFFFFFFFFFFFFFFFFFFFFFFFFFF6E
:10F2B000FFFFFFFFFFFFFFFFFFFFFFFFFFFFFFFF5E
:10F2C000FFFFFFFFFFFFFFFFFFFFFFFFFFFFFFFF4E
:10F2D000FFFFFFFFFFFFFFFFFFFFFFFFFFFFFFFF3E
:10F2E000FFFFFFFFFFFFFFFFFFFFFFFFFFFFFFFF2E
:10F2F000FFFFFFFFFFFFFFFFFFFFFFFFFFFFFFFF1E
:10F30000FFFFFFFFFFFFFFFFFFFFFFFFFFFFFFFF0D
:10F31000FFFFFFFFFFFFFFFFFFFFFFFFFFFFFFFFFD
:10F32000FFFFFFFFFFFFFFFFFFFFFFFFFFFFFFFFED
:10F33000FFFFFFFFFFFFFFFFFFFFFFFFFFFFFFFFDD
:10F34000FFFFFFFFFFFFFFFFFFFFFFFFFFFFFFFFCD
:10F35000FFFFFFFFFFFFFFFFFFFFFFFFFFFFFFFFBD
:10F36000FFFFFFFFFFFFFFFFFFFFFFFFFFFFFFFFAD
:10F37000FFFFFFFFFFFFFFFFFFFFFFFFFFFFFFFF9D
:10F38000FFFFFFFFFFFFFFFFFFFFFFFFFFFFFFFF8D
:10F39000FFFFFFFFFFFFFFFFFFFFFFFFFFFFFFFF7D
:10F3A000FFFFFFFFFFFFFFFFFFFFFFFFFFFFFFFF6D
:10F3B000FFFFFFFFFFFFFFFFFFFFFFFFFFFFFFFF5D
:10F3C000FFFFFFFFFFFFFFFFFFFFFFFFFFFFFFFF4D
:10F3D000FFFFFFFFFFFFFFFFFFFFFFFFFFFFFFFF3D
:10F3E000FFFFFFFFFFFFFFFFFFFFFFFFFFFFFFFF2D
:10F3F000FFFFFFFFFFFFFFFFFFFFFFFFFFFFFFFF1D
:10F40000FFFFFFFFFFFFFFFFFFFFFFFFFFFFFFFF0C
:10F41000FFFFFFFFFFFFFFFFFFFFFFFFFFFFFFFFFC
:10F42000FFFFFFFFFFFFFFFFFFFFFFFFFFFFFFFFEC
:10F43000FFFFFFFFFFFFFFFFFFFFFFFFFFFFFFFFDC
:10F44000FFFFFFFFFFFFFFFFFFFFFFFFFFFFFFFFCC
:10F45000FFFFFFFFFFFFFFFFFFFFFFFFFFFFFFFFBC
:10F46000FFFFFFFFFFFFFFFFFFFFFFFFFFFFFFFFAC
:10F47000FFFFFFFFFFFFFFFFFFFFFFFFFFFFFFFF9C
:10F48000FFFFFFFFFFFFFFFFFFFFFFFFFFFFFFFF8C
:10F49000FFFFFFFFFFFFFFFFFFFFFFFFFFFFFFFF7C
:10F4A000FFFFFFFFFFFFFFFFFFFFFFFFFFFFFFFF6C
:10F4B000FFFFFFFFFFFFFFFFFFFFFFFFFFFFFFFF5C
:10F4C000FFFFFFFFFFFFFFFFFFFFFFFFFFFFFFFF4C
:10F4D000FFFFFFFFFFFFFFFFFFFFFFFFFFFFFFFF3C
:10F4E000FFFFFFFFFFFFFFFFFFFFFFFFFFFFFFFF2C
:10F4F000FFFFFFFFFFFFFFFFFFFFFFFFFFFFFFFF1C
:10F50000FFFFFFFFFFFFFFFFFFFFFFFFFFFFFFFF0B
:10F51000FFFFFFFFFFFFFFFFFFFFFFFFFFFFFFFFFB
:10F52000FFFFFFFFFFFFFFFFFFFFFFFFFFFFFFFFEB
:10F53000FFFFFFFFFFFFFFFFFFFFFFFFFFFFFFFFDB
:10F54000FFFFFFFFFFFFFFFFFFFFFFFFFFFFFFFFCB
:10F55000FFFFFFFFFFFFFFFFFFFFFFFFFFFFFFFFBB
:10F56000FFFFFFFFFFFFFFFFFFFFFFFFFFFFFFFFAB
:10F57000FFFFFFFFFFFFFFFFFFFFFFFFFFFFFFFF9B
:10F58000FFFFFFFFFFFFFFFFFFFFFFFFFFFFFFFF8B
:10F59000FFFFFFFFFFFFFFFFFFFFFFFFFFFFFFFF7B
:10F5A000FFFFFFFFFFFFFFFFFFFFFFFFFFFFFFFF6B
:10F5B000FFFFFFFFFFFFFFFFFFFFFFFFFFFFFFFF5B
:10F5C000FFFFFFFFFFFFFFFFFFFFFFFFFFFFFFFF4B
:10F5D000FFFFFFFFFFFFFFFFFFFFFFFFFFFFFFFF3B
:10F5E000FFFFFFFFFFFFFFFFFFFFFFFFFFFFFFFF2B
:10F5F000FFFFFFFFFFFFFFFFFFFFFFFFFFFFFFFF1B
:10F60000FFFFFFFFFFFFFFFFFFFFFFFFFFFFFFFF0A
:10F61000FFFFFFFFFFFFFFFFFFFFFFFFFFFFFFFFFA
:10F62000FFFFFFFFFFFFFFFFFFFFFFFFFFFFFFFFEA
:10F63000FFFFFFFFFFFFFFFFFFFFFFFFFFFFFFFFDA
:10F64000FFFFFFFFFFFFFFFFFFFFFFFFFFFFFFFFCA
:10F65000FFFFFFFFFFFFFFFFFFFFFFFFFFFFFFFFBA
:10F66000FFFFFFFFFFFFFFFFFFFFFFFFFFFFFFFFAA
:10F67000FFFFFFFFFFFFFFFFFFFFFFFFFFFFFFFF9A
:10F68000FFFFFFFFFFFFFFFFFFFFFFFFFFFFFFFF8A
:10F69000FFFFFFFFFFFFFFFFFFFFFFFFFFFFFFFF7A
:10F6A000FFFFFFFFFFFFFFFFFFFFFFFFFFFFFFFF6A
:10F6B000FFFFFFFFFFFFFFFFFFFFFFFFFFFFFFFF5A
:10F6C000FFFFFFFFFFFFFFFFFFFFFFFFFFFFFFFF4A
:10F6D000FFFFFFFFFFFFFFFFFFFFFFFFFFFFFFFF3A
:10F6E000FFFFFFFFFFFFFFFFFFFFFFFFFFFFFFFF2A
:10F6F000FFFFFFFFFFFFFFFFFFFFFFFFFFFFFFFF1A
:10F70000FFFFFFFFFFFFFFFFFFFFFFFFFFFFFFFF09
:10F71000FFFFFFFFFFFFFFFFFFFFFFFFFFFFFFFFF9
:10F72000FFFFFFFFFFFFFFFFFFFFFFFFFFFFFFFFE9
:10F73000FFFFFFFFFFFFFFFFFFFFFFFFFFFFFFFFD9
:10F74000FFFFFFFFFFFFFFFFFFFFFFFFFFFFFFFFC9
:10F75000FFFFFFFFFFFFFFFFFFFFFFFFFFFFFFFFB9
:10F76000FFFFFFFFFFFFFFFFFFFFFFFFFFFFFFFFA9
:10F77000FFFFFFFFFFFFFFFFFFFFFFFFFFFFFFFF99
:10F78000FFFFFFFFFFFFFFFFFFFFFFFFFFFFFFFF89
:10F79000FFFFFFFFFFFFFFFFFFFFFFFFFFFFFFFF79
:10F7A000FFFFFFFFFFFFFFFFFFFFFFFFFFFFFFFF69
:10F7B000FFFFFFFFFFFFFFFFFFFFFFFFFFFFFFFF59
:10F7C000FFFFFFFFFFFFFFFFFFFFFFFFFFFFFFFF49
:10F7D000FFFFFFFFFFFFFFFFFFFFFFFFFFFFFFFF39
:10F7E000FFFFFFFFFFFFFFFFFFFFFFFFFFFFFFFF29
:10F7F000FFFFFFFFFFFFFFFFFFFFFFFFFFFFFFFF19
:10F80000FFFFFFFFFFFFFFFFFFFFFFFFFFFFFFFF08
:10F81000FFFFFFFFFFFFFFFFFFFFFFFFFFFFFFFFF8
:10F82000FFFFFFFFFFFFFFFFFFFFFFFFFFFFFFFFE8
:10F83000FFFFFFFFFFFFFFFFFFFFFFFFFFFFFFFFD8
:10F84000FFFFFFFFFFFFFFFFFFFFFFFFFFFFFFFFC8
:10F85000FFFFFFFFFFFFFFFFFFFFFFFFFFFFFFFFB8
:10F86000FFFFFFFFFFFFFFFFFFFFFFFFFFFFFFFFA8
:10F87000FFFFFFFFFFFFFFFFFFFFFFFFFFFFFFFF98
:10F88000FFFFFFFFFFFFFFFFFFFFFFFFFFFFFFFF88
:10F89000FFFFFFFFFFFFFFFFFFFFFFFFFFFFFFFF78
:10F8A000FFFFFFFFFFFFFFFFFFFFFFFFFFFFFFFF68
:10F8B000FFFFFFFFFFFFFFFFFFFFFFFFFFFFFFFF58
:10F8C000FFFFFFFFFFFFFFFFFFFFFFFFFFFFFFFF48
:10F8D000FFFFFFFFFFFFFFFFFFFFFFFFFFFFFFFF38
:10F8E000FFFFFFFFFFFFFFFFFFFFFFFFFFFFFFFF28
:10F8F000FFFFFFFFFFFFFFFFFFFFFFFFFFFFFFFF18
:10F90000FFFFFFFFFFFFFFFFFFFFFFFFFFFFFFFF07
:10F91000FFFFFFFFFFFFFFFFFFFFFFFFFFFFFFFFF7
:10F92000FFFFFFFFFFFFFFFFFFFFFFFFFFFFFFFFE7
:10F93000FFFFFFFFFFFFFFFFFFFFFFFFFFFFFFFFD7
:10F94000FFFFFFFFFFFFFFFFFFFFFFFFFFFFFFFFC7
:10F95000FFFFFFFFFFFFFFFFFFFFFFFFFFFFFFFFB7
:10F96000FFFFFFFFFFFFFFFFFFFFFFFFFFFFFFFFA7
:10F97000FFFFFFFFFFFFFFFFFFFFFFFFFFFFFFFF97
:10F98000FFFFFFFFFFFFFFFFFFFFFFFFFFFFFFFF87
:10F99000FFFFFFFFFFFFFFFFFFFFFFFFFFFFFFFF77
:10F9A000FFFFFFFFFFFFFFFFFFFFFFFFFFFFFFFF67
:10F9B000FFFFFFFFFFFFFFFFFFFFFFFFFFFFFFFF57
:10F9C000FFFFFFFFFFFFFFFFFFFFFFFFFFFFFFFF47
:10F9D000FFFFFFFFFFFFFFFFFFFFFFFFFFFFFFFF37
:10F9E000FFFFFFFFFFFFFFFFFFFFFFFFFFFFFFFF27
:10F9F000FFFFFFFFFFFFFFFFFFFFFFFFFFFFFFFF17
:10FA0000FFFFFFFFFFFFFFFFFFFFFFFFFFFFFFFF06
:10FA1000FFFFFFFFFFFFFFFFFFFFFFFFFFFFFFFFF6
:10FA2000FFFFFFFFFFFFFFFFFFFFFFFFFFFFFFFFE6
:10FA3000FFFFFFFFFFFFFFFFFFFFFFFFFFFFFFFFD6
:10FA4000FFFFFFFFFFFFFFFFFFFFFFFFFFFFFFFFC6
:10FA5000FFFFFFFFFFFFFFFFFFFFFFFFFFFFFFFFB6
:10FA6000FFFFFFFFFFFFFFFFFFFFFFFFFFFFFFFFA6
:10FA7000FFFFFFFFFFFFFFFFFFFFFFFFFFFFFFFF96
:10FA8000FFFFFFFFFFFFFFFFFFFFFFFFFFFFFFFF86
:10FA9000FFFFFFFFFFFFFFFFFFFFFFFFFFFFFFFF76
:10FAA000FFFFFFFFFFFFFFFFFFFFFFFFFFFFFFFF66
:10FAB000FFFFFFFFFFFFFFFFFFFFFFFFFFFFFFFF56
:10FAC000FFFFFFFFFFFFFFFFFFFFFFFFFFFFFFFF46
:10FAD000FFFFFFFFFFFFFFFFFFFFFFFFFFFFFFFF36
:10FAE000FFFFFFFFFFFFFFFFFFFFFFFFFFFFFFFF26
:10FAF000FFFFFFFFFFFFFFFFFFFFFFFFFFFFFFFF16
:10FB0000FFFFFFFFFFFFFFFFFFFFFFFFFFFFFFFF05
:10FB1000FFFFFFFFFFFFFFFFFFFFFFFFFFFFFFFFF5
:10FB2000FFFFFFFFFFFFFFFFFFFFFFFFFFFFFFFFE5
:10FB3000FFFFFFFFFFFFFFFFFFFFFFFFFFFFFFFFD5
:10FB4000FFFFFFFFFFFFFFFFFFFFFFFFFFFFFFFFC5
:10FB5000FFFFFFFFFFFFFFFFFFFFFFFFFFFFFFFFB5
:10FB6000FFFFFFFFFFFFFFFFFFFFFFFFFFFFFFFFA5
:10FB7000FFFFFFFFFFFFFFFFFFFFFFFFFFFFFFFF95
:10FB8000FFFFFFFFFFFFFFFFFFFFFFFFFFFFFFFF85
:10FB9000FFFFFFFFFFFFFFFFFFFFFFFFFFFFFFFF75
:10FBA000FFFFFFFFFFFFFFFFFFFFFFFFFFFFFFFF65
:10FBB000FFFFFFFFFFFFFFFFFFFFFFFFFFFFFFFF55
:10FBC000FFFFFFFFFFFFFFFFFFFFFFFFFFFFFFFF45
:10FBD000FFFFFFFFFFFFFFFFFFFFFFFFFFFFFFFF35
:10FBE000FFFFFFFFFFFFFFFFFFFFFFFFFFFFFFFF25
:10FBF000FFFFFFFFFFFFFFFFFFFFFFFFFFFFFFFF15
:10FC0000FFFFFFFFFFFFFFFFFFFFFFFFFFFFFFFF04
:10FC1000FFFFFFFFFFFFFFFFFFFFFFFFFFFFFFFFF4
:10FC2000FFFFFFFFFFFFFFFFFFFFFFFFFFFFFFFFE4
:10FC3000FFFFFFFFFFFFFFFFFFFFFFFFFFFFFFFFD4
:10FC4000FFFFFFFFFFFFFFFFFFFFFFFFFFFFFFFFC4
:10FC5000FFFFFFFFFFFFFFFFFFFFFFFFFFFFFFFFB4
:10FC6000FFFFFFFFFFFFFFFFFFFFFFFFFFFFFFFFA4
:10FC7000FFFFFFFFFFFFFFFFFFFFFFFFFFFFFFFF94
:10FC8000FFFFFFFFFFFFFFFFFFFFFFFFFFFFFFFF84
:10FC9000FFFFFFFFFFFFFFFFFFFFFFFFFFFFFFFF74
:10FCA000FFFFFFFFFFFFFFFFFFFFFFFFFFFFFFFF64
:10FCB000FFFFFFFFFFFFFFFFFFFFFFFFFFFFFFFF54
:10FCC000FFFFFFFFFFFFFFFFFFFFFFFFFFFFFFFF44
:10FCD000FFFFFFFFFFFFFFFFFFFFFFFFFFFFFFFF34
:10FCE000FFFFFFFFFFFFFFFFFFFFFFFFFFFFFFFF24
:10FCF000FFFFFFFFFFFFFFFFFFFFFFFFFFFFFFFF14
:10FD0000FFFFFFFFFFFFFFFFFFFFFFFFFFFFFFFF03
:10FD1000FFFFFFFFFFFFFFFFFFFFFFFFFFFFFFFFF3
:10FD2000FFFFFFFFFFFFFFFFFFFFFFFFFFFFFFFFE3
:10FD3000FFFFFFFFFFFFFFFFFFFFFFFFFFFFFFFFD3
:10FD4000FFFFFFFFFFFFFFFFFFFFFFFFFFFFFFFFC3
:10FD5000FFFFFFFFFFFFFFFFFFFFFFFFFFFFFFFFB3
:10FD6000FFFFFFFFFFFFFFFFFFFFFFFFFFFFFFFFA3
:10FD7000FFFFFFFFFFFFFFFFFFFFFFFFFFFFFFFF93
:10FD8000FFFFFFFFFFFFFFFFFFFFFFFFFFFFFFFF83
:10FD9000FFFFFFFFFFFFFFFFFFFFFFFFFFFFFFFF73
:10FDA000FFFFFFFFFFFFFFFFFFFFFFFFFFFFFFFF63
:10FDB000FFFFFFFFFFFFFFFFFFFFFFFFFFFFFFFF53
:10FDC000FFFFFFFFFFFFFFFFFFFFFFFFFFFFFFFF43
:10FDD000FFFFFFFFFFFFFFFFFFFFFFFFFFFFFFFF33
:10FDE000FFFFFFFFFFFFFFFFFFFFFFFFFFFFFFFF23
:10FDF000FFFFFFFFFFFFFFFFFFFFFFFFFFFFFFFF13
:10FE0000FFFFFFFFFFFFFFFFFFFFFFFFFFFFFFFF02
:10FE1000FFFFFFFFFFFFFFFFFFFFFFFFFFFFFFFFF2
:10FE2000FFFFFFFFFFFFFFFFFFFFFFFFFFFFFFFFE2
:10FE3000FFFFFFFFFFFFFFFFFFFFFFFFFFFFFFFFD2
:10FE4000FFFFFFFFFFFFFFFFFFFFFFFFFFFFFFFFC2
:10FE5000FFFFFFFFFFFFFFFFFFFFFFFFFFFFFFFFB2
:10FE6000FFFFFFFFFFFFFFFFFFFFFFFFFFFFFFFFA2
:10FE7000FFFFFFFFFFFFFFFFFFFFFFFFFFFFFFFF92
:10FE8000FFFFFFFFFFFFFFFFFFFFFFFFFFFFFFFF82
:10FE9000FFFFFFFFFFFFFFFFFFFFFFFFFFFFFFFF72
:10FEA000FFFFFFFFFFFFFFFFFFFFFFFFFFFFFFFF62
:10FEB000FFFFFFFFFFFFFFFFFFFFFFFFFFFFFFFF52
:10FEC000FFFFFFFFFFFFFFFFFFFFFFFFFFFFFFFF42
:10FED000FFFFFFFFFFFFFFFFFFFFFFFFFFFFFFFF32
:10FEE000FFFFFFFFFFFFFFFFFFFFFFFFFFFFFFFF22
:10FEF000FFFFFFFFFFFFFFFFFFFFFFFFFFFFFFFF12
:10FF0000FFFFFFFFFFFFFFFFFFFFFFFFFFFFFFFF01
:10FF1000FFFFFFFFFFFFFFFFFFFFFFFFFFFFFFFFF1
:10FF2000FFFFFFFFFFFFFFFFFFFFFFFFFFFFFFFFE1
:10FF3000FFFFFFFFFFFFFFFFFFFFFFFFFFFFFFFFD1
:10FF4000FFFFFFFFFFFFFFFFFFFFFFFFFFFFFFFFC1
:10FF5000FFFFFFFFFFFFFFFFFFFFFFFFFFFFFFFFB1
:10FF6000FFFFFFFFFFFFFFFFFFFFFFFFFFFFFFFFA1
:10FF7000FFFFFFFFFFFFFFFFFFFFFFFFFFFFFFFF91
:10FF8000FFFFFFFFFFFFFFFFFFFFFFFFFFFFFFFF81
:10FF9000FFFFFFFFFFFFFFFFFFFFFFFFFFFFFFFF71
:10FFA000FFFFFFFFFFFFFFFFFFFFFFFFFFFFFFFF61
:10FFB000FFFFFFFFFFFFFFFFFFFFFFFFFFFFFFFF51
:10FFC000FFFFFFFFFFFFFFFFFFFFFFFFFFFFFFFF41
:10FFD000FFFFFFFFFFFFFFFFFFFFFFFFFFFFFFFF31
:10FFE000FFFFFFFFFFFFFFFFFFFFFFFFFFFFFFFF21
:10FFF000FFFFFFFFFFFFFFFFFFFFFFFFFFFFFFFF11
:020000040801F1
:100000004F5441543FC0876A000200006C870100D2
:10001000DD422582302E312E370000000000000026
:1000200000000000000000000000000000000000D0
:100030000000000018438DAE00000000000000002A
:1000400000000000000000000000000000000000B0
:1000500000000000000000000000000000000000A0
:100060000000000000000000000000000000000090
:100070000000000000000000000000000000000080
:100080000000000000000000000000000000000070
:100090000000000000000000000000000000000060
:1000A0000000000000000000000000000000000050
:1000B0000000000000000000000000000000000040
:1000C0000000000000000000000000000000000030
:1000D0000000000000000000000000000000000020
:1000E0000000000000000000000000000000000010
:1000F0000000000000000000000000000000000000
:1001000000000000000000000000000000000000EF
:1001100000000000000000000000000000000000DF
:1001200000000000000000000000000000000000CF
:1001300000000000000000000000000000000000BF
:1001400000000000000000000000000000000000AF
:10015000000000000000000000000000000000009F
:10016000000000000000000000000000000000008F
:10017000000000000000000000000000000000007F
:10018000000000000000000000000000000000006F
:10019000000000000000000000000000000000005F
:1001A000000000000000000000000000000000004F
:1001B000000000000000000000000000000000003F
:1001C000000000000000000000000000000000002F
:1001D000000000000000000000000000000000001F
:1001E000000000000000000000000000000000000F
:1001F00000000000000000000000000000000000FF
:1002000000400220191C0208893201088D320108C1
:1002100000000000000000000000000000000000DE
:10022000000000000000000000000000E55F010881
:10023000000000000000000051600108D5620108C4
:10024000691C020800000000691C0208691C020801
:10025000691C0208691C02089D320108AD320108C0
:10026000691C0208CD320108DD320108F5320108AF
:1002700035330108691C0208691C020800000000EF
:10028000691C0208691C0208691C0208691C020832
:10029000691C0208691C020845330108691C020830
:1002A000691C020855330108691C020865330108FE
:1002B00075330108853301080000000000000000CC
:1002C00010B5064C2378002B07D1054B002B02D02C
:1002D000044800E000BF0123237010BD1403002078
:1002E00000000000E8580208044B10B5002B03D0B2
:1002F0000349044800E000BF10BDC04600000000F4
:1003000018030020E858020802780B78002A03D06E
:10031000013001319A42F7D0D01A70470023C25CF5
:100320000133002AFBD1581E7047000002B4714609
:1003300049084900095649008E4402BC7047C0462E
:1003400002B4714649084900095C49008E4402BC68
:100350007047C04603B47146490840004900095E31
:1003600049008E4403BC704703B4714649084000FD
:100370004900095A49008E4403BC704700224308D3
:100380008B4274D303098B425FD3030A8B4244D35D
:10039000030B8B4228D3030C8B420DD3FF2209029F
:1003A00012BA030C8B4202D31212090265D0030B5E
:1003B0008B4219D300E0090AC30B8B4201D3CB0354
:1003C000C01A5241830B8B4201D38B03C01A524196
:1003D000430B8B4201D34B03C01A5241030B8B4298
:1003E00001D30B03C01A5241C30A8B4201D3CB0283
:1003F000C01A5241830A8B4201D38B02C01A524168
:10040000430A8B4201D34B02C01A5241030A8B426A
:1004100001D30B02C01A5241CDD2C3098B4201D382
:10042000CB01C01A524183098B4201D38B01C01A00
:10043000524143098B4201D34B01C01A5241030977
:100440008B4201D30B01C01A5241C3088B4201D326
:10045000CB00C01A524183088B4201D38B00C01AD3
:10046000524143088B4201D34B00C01A5241411AFA
:1004700000D20146524110467047FFE701B5002007
:1004800000F0F0F802BDC0460029F7D076E77047CB
:1004900003460B437FD4002243088B4274D30309E5
:1004A0008B425FD3030A8B4244D3030B8B4228D386
:1004B000030C8B420DD3FF22090212BA030C8B42AC
:1004C00002D31212090265D0030B8B4219D300E04C
:1004D000090AC30B8B4201D3CB03C01A5241830BD1
:1004E0008B4201D38B03C01A5241430B8B4201D381
:1004F0004B03C01A5241030B8B4201D30B03C01AAA
:100500005241C30A8B4201D3CB02C01A5241830A23
:100510008B4201D38B02C01A5241430A8B4201D352
:100520004B02C01A5241030A8B4201D30B02C01A7C
:100530005241CDD2C3098B4201D3CB01C01A5241E3
:1005400083098B4201D38B01C01A524143098B426C
:1005500001D34B01C01A524103098B4201D30B0155
:10056000C01A5241C3088B4201D3CB00C01A52417A
:1005700083088B4201D38B00C01A524143088B423F
:1005800001D34B00C01A5241411A00D201465241D8
:10059000104670475DE0CA0F00D04942031000D3F7
:1005A0004042534000229C4603098B422DD3030A4C
:1005B0008B4212D3FC22890112BA030A8B420CD35C
:1005C000890192118B4208D3890192118B4204D385
:1005D00089013AD0921100E08909C3098B4201D305
:1005E000CB01C01A524183098B4201D38B01C01A3F
:1005F000524143098B4201D34B01C01A52410309B6
:100600008B4201D30B01C01A5241C3088B4201D364
:10061000CB00C01A524183088B4201D38B00C01A11
:100620005241D9D243088B4201D34B00C01A5241E8
:10063000411A00D20146634652415B10104601D375
:100640004042002B00D54942704763465B1000D3FF
:10065000404201B5002000F005F802BD0029F8D0A5
:1006600016E770477047C0468446100062468C46C5
:100670001900634600E0C0461FB501F079FC002870
:1006800001D40021C8421FBD10B501F0BDFB40429E
:10069000013010BD10B501F06BFC002801DB00201B
:1006A00010BD012010BDC04610B501F061FC00284E
:1006B00001DD002010BD012010BDC04610B501F0C5
:1006C000E7FB002801DC002010BD012010BDC04662
:1006D00010B501F0DDFB002801DA002010BD01207B
:1006E00010BDC046844608006146FFE71FB500F014
:1006F000A5FA002801D40021C8421FBD10B500F0A2
:100700002DFA4042013010BD10B500F097FA0028D4
:1007100001DB002010BD012010BDC04610B500F067
:100720008DFA002801DD002010BD012010BDC0465B
:1007300010B500F03BFA002801DC002010BD0120BC
:1007400010BDC04610B500F031FA002801DA0020D3
:1007500010BD012010BDC046002B11D1002A0FD1C1
:10076000002900D1002802D00021C943080007B4A5
:10077000024802A14018029003BDC046E9FEFFFFF7
:1007800003B4684601B5029800F006F8019B9E4646
:1007900002B00CBC7047C046F0B557464E464546C1
:1007A000DE46E0B504000D009246994683B08B42C8
:1007B00030D82DD04946504602F0D0FC2900060022
:1007C000200002F0CBFC331A9846203B34D49B46E1
:1007D00053465A46934042461F00534693401E00DC
:1007E000AF423BD8AF4200D179E05B46A41BBD418C
:1007F000002B00DA76E0002200230092019301230F
:100800005A4693400193012342469340009329E0C6
:100810008242CFD900220023009201930C9B002B2F
:1008200001D01C605D600098019903B0F0BCBB462C
:10083000B246A946A046F0BD42469B4620239B1ADD
:100840005246DA40414613004A468A401700424663
:100850001F43534693401E00AF42C3D900220023DA
:10086000009201934346002BD8D0FB0772081A432D
:1008700046467B080EE0AB4201D1A2420CD8A41A36
:100880009D41012024196D410021013E24184D4154
:10089000002E06D0AB42EED9013E24196D41002E48
:1008A000F8D1009801995B4600196941002B24DBBF
:1008B0002B005A464446D3402A00E2401C005B46C7
:1008C0001500002B2ADB26009E40330026004746F9
:1008D000BE403200801A9941009001919EE7A342E8
:1008E000BCD882E74246202300219B1A00220091B7
:1008F00001920122DA40019285E7424620239B1AA9
:100900002A0046469A402300F340444613432A00F7
:10091000E2401C005B461500002BD4DA42462F0053
:100920002023260097409B1ADE403B003343CDE74F
:10093000F0B546464F46D6464502C0B5C30F470000
:1009400098460E1C6D0A3F0E5BD0FF2F21D08023EE
:10095000ED00DB041D43002399469A467F3F740255
:100960007300640A1B0EF60F002B20D0FF2B43D020
:1009700080220020E400D20414437F3B4246FF1A49
:100980004B4672400F2B00D99DE071499B00CB581C
:100990009F46002D5AD108239946063B74029A4679
:1009A0007300FF27640A1B0EF60F002BDED1002C0C
:1009B0003BD1012342464946724019430E2918D8BB
:1009C0006448890041588F465346022B00D1B8E055
:1009D000032B6ED042462C00012B40D10020002476
:1009E000C0052043D2071043E0BCBA46B146A84632
:1009F000F0BDFF200024F3E7002C20D10223FF3FAD
:100A0000D8E7002D05D104239946033B00279A46D9
:100A1000A5E7280002F084FB7627431F9D400023B2
:100A20007F4299469A463F1A99E7200002F078FBE8
:100A3000431F9C4076235B421B1A00209EE7032342
:100A40004A461A4391460320FC3397E70C23994604
:100A5000093BFF279A4682E703282CD03200380052
:100A60007F30002847DD630704D00F232340042B89
:100A700000D00434230103D53800374B80301C40AC
:100A8000FE28B6DCA401640AC0B2A9E780240022D3
:100A9000FF20E403A4E78023DB031D4201D01C42B6
:100AA0000BD08024E4032C4364024246FF20640AF6
:100AB00096E746462C008023DB031C436402320089
:100AC000FF20640A8CE76D01600185422DD21B2353
:100AD0000024013F0126290064006D00002901DB8C
:100AE000854201D32D1A3443013B002BF3D16B1EF9
:100AF0009D412C43B3E701231B1A1B2B00DD6DE73F
:100B000021009E37D940BC400B00611E8C4123431D
:100B1000590704D00F211940042900D0043359018A
:100B200013D49B0100205C0A5AE71A2301242D1AD2
:100B3000D0E7981E43425841404232000024C0B2E0
:100B40004EE74246FF2000244AE70120002447E701
:100B50001C5902085C590208FFFFFFF770B54200FC
:100B60004E024C0045026D0A120EC30F760A240E87
:100B7000C90FFF2A10D0FF2C0CD00120A2420AD1AD
:100B8000B54208D18B420FD0002A04D12800431E61
:100B9000984100E0012070BD0120FF2CFBD13543BE
:100BA000F9D14B401800F6E70020F4E730B54200D9
:100BB00044024D02C30F4800640A120E6D0A000E73
:100BC000C90FFF2A18D0FF280AD0002A1ED10028FA
:100BD0000AD1002D29D0002C2DD14800013830BD7C
:100BE000002D25D1002A01D1002CF6D08B4219D03E
:100BF00001205B421843F2E7002C19D1FF28F7D1FE
:100C0000002D15D100208B42F2D1E8E70028EFD06B
:100C10008B42EDD18242EBDC04DBAC42E8D8002011
:100C2000AC42DCD258000138D9E7002CD7D0DFE73E
:100C300002204042D3E78B42DAD1EEE730B54200E2
:100C400044024D02C30F4800640A120E6D0A000EE2
:100C5000C90FFF2A17D0FF280AD0002A1BD100286D
:100C60000AD1002D1DD0002C2DD14800013811E0F3
:100C7000002D0ED1002A01D1002CF6D08B420CD1D0
:100C80005800013806E0002C03D1FF2805D1002DC3
:100C900015D0022030BD002806D101205B42184348
:100CA000F8E7002CF6D0F8E78B42F6D18242F4DC6C
:100CB000E6DBAC42F1D80020AC42EBD2E0E700200A
:100CC0008B42EAD1E6E78B42E7D1F2E7F0B54F4637
:100CD0004646D6464400C0B546020F1C760A240E8E
:100CE000C50F002C00D1DAE0FF2C74D08023F60071
:100CF000DB041E43002399469A467F3C7B025B0A35
:100D000098467B001B0EFF0F002B74D0FF2B00D1E9
:100D10008EE042468021D200C90411437F3B2A0065
:100D2000E4184B467A408846D2B20A2B75DC4B4613
:100D30000020022B0FDD494601238B40A621C9006C
:100D40000B4269D1902189000B4200D000E188213B
:100D5000194200D0F5E041460904090C4346080059
:100D6000350C36041B0C360C704369435E435D43FF
:100D70007618030C9B19994203D9802149028C46AD
:100D8000654400041904000C09188E01701E864188
:100D90001B0C890E5B190E439B011E431B016CD477
:100DA00023007F33002B00DCB1E0150071070BD06E
:100DB0000F2021003040042806D00436320103D52C
:100DC0006E4B1E400B008033FE2B00DDBDE0B201F8
:100DD000520ADBB248E0002E00D092E00823994688
:100DE000063B9A467B025B0A98467B00FF241B0E5B
:100DF000FF0F002B8AD14246002A64D149460132B6
:100E0000114389460A2908DC7D400120EAB2022903
:100E100091DC1500002227E015005346022B00D17B
:100E200093E0032B1AD0012B2CD1002300221BE0CE
:100E30004346FF34002B55D003214B460B4319008A
:100E40000A2B00DC92E00F2B00D08CE08022D20332
:100E5000164203D04346134200D17DE08022D203E4
:100E600032435202520AFF23D805ED0710432843AC
:100E7000E0BCBA46B146A846F0BD01231500710892
:100E80001E400E4323008033611C002B41DD72079E
:100E900094D00F223240042A00D08EE78EE7002E35
:100EA00005D104239946033B00249A4626E73000E7
:100EB00002F036F97624431F9E400023644299468F
:100EC0009A46241A1AE7404602F02AF94B46241A99
:100ED000763C0A2BA1DC4346053883407D4098468A
:100EE000EAB224E74A46023313432A007A40D2B2D8
:100EF0000A2B92DC49461500002926D0994602208B
:100F000019E70C239946093BFF249A46F6E615009B
:100F100021000122D31A1B2B00DD86E79E3132000F
:100F20008E40DA40731E9E413243530704D00F2394
:100F30001340042B00D00432530110D501230022AA
:100F400092E73D004646824667E7FF2300228BE793
:100F500080220025D20386E73D001A4383E79201F1
:100F60000023520A80E73D00464677E72A00012326
:100F70007A408B400320D2B2E9E6C046FFFFFFF77C
:100F800041024200C30F490A0020120E7E2A03DDEF
:100F90009D2A02DD094A9818704780200004014309
:100FA000952A07DC9620821AD1404842002BF3D1C3
:100FB0000800F1E7963A9140F7E7C046FFFFFF7F50
:100FC00010B5041E0DD002F0ABF89E231B1A962B11
:100FD0000CDC082834D0083884406402640AD8B293
:100FE00001E000200024C005204310BD992B13DC34
:100FF000421F9440144A224061071CD00F21214017
:10100000042918D00432D408520115D59F23640254
:10101000181A640AC0B2E6E7020021001B329140B0
:101020000A00511E8A410521091ACC401443064A80
:1010300022406107E2D1D4086402640AD8B2D2E740
:101040006402640A8E30CEE7FFFFFFFBF0B54F4627
:101050004646D646C0B582B0009001910E034C00C2
:10106000CD0F710A009E5F00760F0E43009900922B
:101070000193C900894619037B0D9846019B490AD3
:10108000DB0F9C46009B009A5B0F0B434146640DAF
:10109000D200611A654500D1A6E0002972DD4746FD
:1010A000002F00D1DDE0CC4FBC4200D19AE10127F6
:1010B000382917DC80273F043B431F2900DDDDE191
:1010C0002027781A1F008740BA461700CF40844671
:1010D00038005746074360468240CB40501E82414D
:1010E000F61A17434B46DF1BB94580414042361A7A
:1010F000330200D4FFE07602760A002E00D13CE1F4
:10110000300002F00DF80300083B20213800CA1A15
:10111000D0409E4002009F4032439C4200DDA6E149
:10112000181B0130091A3E008F40C6407B1E9F41AC
:1011300013008B4037431F43C2403B00160000247E
:10114000134300D1DFE17B0700D132E30F233A00E4
:101150003B40042B04D03A1DBA42BF417F42F619EE
:10116000330200D423E39C4B01349C4200D1B4E011
:101170009A4B64051E40640D7707D2087602174328
:10118000360BACE0002900D17EE04146091B002C63
:1011900000D060E134004846044300D1C9E14C1E50
:1011A000012900D12EE28C4DA94200D124E2012771
:1011B000382C11DC21001F2900DD0BE22024370030
:1011C0004846641AA740C84007434846A040CE405E
:1011D000441EA0419B1B0743D71BBA429241524277
:1011E000654644469E1A83E7002900DC9CE047469A
:1011F000002F67D11F00174300D1E4E0481E0129EA
:1012000000D19BE1744FB94200D1EBE0012701000E
:10121000382811DC1F2900DDC7E12027781A1F00BC
:10122000844687401000C840074360468240CB4058
:10123000501E8241F61817434F444F4580414042AB
:101240003618330257D5644B01349C4245D00121F6
:10125000624B7A081E4039400A43F7071743760865
:1012600071E71F00174300D1ADE04F1EBC460129B6
:1012700000D182E1584FB94200D190E16146012787
:10128000382900DD2EE718E7554F611C394200D0A0
:10129000D0E0310048461F0001431743002C00D026
:1012A0003DE1002900D1BCE1002F00D0BFE14B4659
:1012B0000021D80877070743F00806034C05360BD2
:1012C000640D0CE0444FBC4200D18BE0012738296B
:1012D000B2DC80273F043B439CE70026002724051F
:1012E0003443ED072C433800210002B0E0BCBA467D
:1012F000B146A846F0BD7B0704D00F233B40042B2A
:1013000000D028E7F808344B77070743F0089C42E1
:1013100000D04AE23B00034359D0802636030643FF
:1013200036032D4C360BDAE7002961D04146091B04
:10133000002C00D1B9E0284CA04500D1A5E101273F
:10134000382913DC8024240426431F2900DDC8E14A
:10135000202437004846641AA740C840074348463F
:10136000A040CE40441EA0419B190743BF1897429E
:10137000924152424446D61863E7380001F0D0FE4D
:10138000030018331F2B00DCBFE63A000838824008
:101390009C4200DD83E01B1B581C1F2800DCB4E1CD
:1013A00017001F3BDF40202805D040231B1A9A401E
:1013B000531E9A4117430024002F0AD07B0700D008
:1013C000C4E626009EE74B460C00D8089BE70027A2
:1013D000014C002683E7C046FF070000FFFF7FFFA8
:1013E000FE0700004B467707D8080743F00891E74F
:1013F000CD4F611C39426BD1310048460143002C6E
:1014000000D04BE11F001743002900D181E1002FDC
:1014100000D14CE74A444A458041F618404236180C
:10142000330200D5B0E117009146374300D03EE7C4
:10143000002654E74946891A8846C145BF41F11A3A
:101440007F42C91B0F0261D447460F4300D1BDE064
:101450000E00474651E6B54CA04500D100E10127FA
:10146000382900DDB8E6802424042643A3E6B04EE4
:10147000E41A16407B0700D03FE743E70F0018004F
:10148000203FF8408446202903D04027791A8B401A
:101490001A43531E9A41634617001F4322E6A4488D
:1014A000E11A10404707C00807E7340048460443E4
:1014B00000D1FAE04C1E012900D1D7E09B4FB94280
:1014C00000D1E2E00127382C00DD4FE721003CE7A6
:1014D000964CA14200D1DDE04A444A458041F318D0
:1014E00040421818C707520817434608520705D04C
:1014F0000F220C003A40042A00D02CE67607FF08A1
:1015000037430009D9E600270026E8E64946571A7E
:10151000BA4292419E1B52426546B61AEDE5002939
:1015200000D0C6E0002F67D1802600257F4C36030F
:10153000D5E665460C001E00D008E4E64A444A455C
:101540008041F318404218181100030200D496E0BD
:10155000774B49081840C3070B434408490700D19B
:1015600029E10F221A40042A00D1EAE01F1D9F4200
:10157000B641764236190224C4E649468F1AB94567
:101580008041F61A4042361A330206D47307FF0828
:1015900001211F43F00890E665460124ABE54B4668
:1015A0007707D8080743F008B4E60F001800203F7B
:1015B000F8408446202903D04027791A8B401A43EB
:1015C000531E9A41634617001F4335E60025002449
:1015D000002684E60C003500203CE540202905D09B
:1015E0004024611A8E404946314389464846411E8F
:1015F000884107002F43EFE5D2085F076546174390
:10160000D80887E6171ABA4292419E1B5242B61A70
:101610003302C1D47307FF08654601211F43F00858
:101620004BE6002F7BD065461E0091463FE6811AAF
:101630008846C145A441F11A6442091B8024240450
:10164000214277D0101A8242924107009E1B5242DB
:10165000B61A374300D0A0E06546002400263EE6D7
:101660005F07D20865461743D80853E681189142B0
:101670009241F01852428018030200D568E74707EC
:10168000C9080F43C008012117E6D2085F071743B6
:10169000D8083FE60C000026002720E6002956D196
:1016A0005F07D2081743D80834E60C001E00D008A4
:1016B00029E6C10870070143F008002F62D080249A
:1016C0002403204207D0DE08264204D165463000BC
:1016D000D1085B0719434F0FC900C9087F070F43A3
:1016E00018E60C003000203CE0408446202905D05C
:1016F0004024611A8E404946314389464846411E7E
:101700008841614607000F4330E620210027091A6F
:101710000EE51E00002F00D022E5002458E700252A
:1017200000240026DBE5C046FE070000FF0700009E
:10173000FFFF7FFF47460F4300D147E70E00C1463A
:10174000B5E5DF086407022127430009B5E5190064
:10175000C008770707431143F008002900D1D9E5F5
:1017600080210903084207D0DC080C4204D1D208CA
:101770005B071A43170020007B0FFF00FF085B0781
:101780001F43C7E50F00C5E5124BD20833405F0782
:101790005B02012417431E0BA1E5264212D00D4B1C
:1017A0006546020001241E40E6E4210085E517009D
:1017B000A8E53A00D4E4DB0864071C4327000221B3
:1017C00000097AE5C0087707074365460021F0085D
:1017D00073E5C046FFFF7FFFF0B5DE46454657463E
:1017E0004E46E0B587B0009201930B031B0B9B465E
:1017F000CA0F4B00040080465B0D029200D198E0B6
:101800007C4A934237D05946420FC9000A4380218F
:1018100009041143C2009046774A894692469A4489
:10182000002300240393009E019F3B031B0B9B4658
:101830007B0030005B0DFD0F002B59D06D4A9342A9
:1018400048D05946720FC9000A4380210904114348
:101850008B466949F2008C4651466344CB1A9A463E
:101860000021029E6E40F6B20F2C00D9CEE0634BF1
:10187000A4001B599F465A460243914600D090E06F
:101880009A460223904608240393CCE7CB4642466F
:10189000029D0399022900D1DEE1032900D18DE0E8
:1018A000012900D079E12E00002200230024904677
:1018B0001B052343F60733434046190007B0F0BC2D
:1018C000BB46B246A946A046F0BD00220024904681
:1018D000484BEDE75A46009B1A43494B9C46E2446D
:1018E000002A59D102231C43002302219B46B8E75A
:1018F0005A46009B1A4349D05B46002B00D19CE11D
:10190000584601F00DFC020003000B3A1D27009E13
:10191000BA1A19005846D6400839884032000243A6
:101920009346009A8A40374953448A4600219A4494
:1019300097E75B460343994621D05B46002B00D1D5
:1019400069E1584601F0ECFB0B235B429C46020028
:10195000844466461D239B1B260011005846DE402A
:101960000839884033000343994623008B4098464A
:10197000254B00249B1A9A460023039353E7002328
:1019800098469A460133042403934CE701231C43F1
:10199000002301219B4664E70323320003211C43FB
:1019A0005FE79A460323D9460C2403933BE70023C1
:1019B0008024984600260F4B240379E780245B4659
:1019C00024031C4324032E0090460A4B240B6FE78C
:1019D00080244B462403234202D05B462342F0D0AE
:1019E00080244B4624031C432403029E014B240BFA
:1019F0005EE7C046FF07000001FCFFFF98590208A0
:101A000001F8FFFFF30300000DFCFFFFCB4500D200
:101A1000F8E000D1F3E001235B429C46444648468F
:101A20000025E2445B46170E1B021F43190C3B04C2
:101A3000120200971F0C914602910397FEF724FDB6
:101A400002007A430B04210C804619438A4209D9CB
:101A5000009F0123BC465B4261449C46E0448F42A8
:101A600000D85CE1881A0299FEF70EFD039A24045F
:101A700042430904240C03000C43A24206D90099F6
:101A8000013B8C466444A14200D842E1A01A424680
:101A900012041A4393464B4659461B0C1F000493ED
:101AA0000B0449460904090C0C001B0C5C43120C86
:101AB0007B43884651437A43270CBC465B186344FA
:101AC000994203D9802149028C466244190C2404AE
:101AD0001B04240C8A181C19904202D316D1A5426B
:101AE00014D25B46009F013B4D4405934D459B41FD
:101AF000BC465B426344C018874200D302E1824285
:101B000000D929E100D124E1059B9B462C1BA5426D
:101B1000AD41009B801A6D42401B834200D10FE112
:101B20000299FEF7B1FC039A0B044243210C050015
:101B300019438A4200D9CBE0881A0299FEF7A4FC27
:101B4000039A240442430904240C03000C43A242D8
:101B500000D9CAE04146A41A2A041A43049F130478
:101B60001B0C594340467B439C46150C68430B0CA9
:101B7000844463447D43984203D9802040028446D4
:101B80006544180C09041B04090C40195B188442B5
:101B900027D323D0012335001A43944B5344002B01
:101BA00060DD510700D086E02E00D1085A46D201F0
:101BB00006D55A468E4B1A4080239346DB00534489
:101BC0008C4A934200DD80E65A4652070A4390460B
:101BD0005A465B055402240B5B0D69E63500002B69
:101BE000DBD0009D511EAC466444AC4200D29EE066
:101BF000844200D2E1E000D1EEE00A00CAE74245AB
:101C000000D908E74B46DC07580843465B081C43ED
:101C10004346DD0706E701F083FA15239C4684441A
:101C20000200634620321C2B00DC92E623000838B9
:101C300083409946002398469AE601F071FA020023
:101C40000300153220331C2A00DC5FE600990838B7
:101C5000814000228B4666E600222E00002490463A
:101C6000654B25E62E000121C91A382900DD1BE647
:101C70001F297EDC6148140050445B46824083404B
:101C8000CC40501E824123431A435B46CB40510750
:101C900009D00F211140042905D0111D9142924114
:101CA00052429B180A00190200D49BE00022012333
:101CB00000249046FCE50F211140042900D173E770
:101CC000111D9142924152422E00C90893446DE782
:101CD000009B013D9C4661448B4200D92CE78A421F
:101CE00000D829E7851E614426E70099013B8C4610
:101CF0006444A14200D92DE7A24200D82AE7831EFE
:101D0000644427E7874200D0FEE6A94500D9FBE6F8
:101D1000F5E6A24200D8B9E6831E6444B6E68A42DC
:101D200000D89FE6BC46831E984661449AE60A00A6
:101D3000844200D02EE74B4500D02BE735002CE73E
:101D40002A4B2F4A5344924543DB012200219344FE
:101D50002CE7AC4200D8D7E602235B429C460099B0
:101D60004D444D459B41E3448C465B426344C0185F
:101D7000CCE61F204042C31A5846D840202904D040
:101D80005946204B534499400A43531E9A41072316
:101D90001900024300241140134209D008331340B4
:101DA000042B1DD0131D934289411A004942490753
:101DB000D2080A43904600237AE54946009F4D0029
:101DC0004D458941BC4649426144A946023A6418DE
:101DD000AEE70122524246E79945EED30A00AAE750
:101DE0000021E5E759075B021C0BE1E7FF03000058
:101DF000FFFFFFFEFE070000FF0700001E040000BB
:101E000002FCFFFF3E040000F0B55746DE464E469A
:101E10004546E0B50D000400E80F83460903D80FDE
:101E2000090B824619488C461F0369005E00490D64
:101E30003F0B760D814218D086420FD00120B1426F
:101E40000DD1BC450BD1944209D1D3451CD00029FA
:101E500005D160462043431E984100E00120F0BCBC
:101E6000BB46B246A946A046F0BD01208E42F6D13F
:101E7000614639430F0017432743F0D15B46524672
:101E8000981A431E9841EAE70020E8E7FF070000A0
:101E9000F0B557464E464546DE46E0B50D000E030A
:101EA0004900490D8A46DF0FE90FBC4683B02F4F2A
:101EB000040080460191580019039146360B090B26
:101EC000400DBA451DD0B8420DD05746002F2AD13B
:101ED0003443002824D10A4336D0002C41D1634634
:101EE0005800013815E0114338D15346002B01D179
:101EF0002643F4D0019B634507D1019B580001386C
:101F000007E026432AD1504521D00120019B5F42A2
:101F1000384303B0F0BCBB46B246A946A046F0BD6C
:101F2000002CDCD0E6E70028EFD0019B6345ECD124
:101F30008245EADCE1DB8E42E7D8DED1C845E4D851
:101F40000020C845E5D2D8E7002CE2D0DDE71143F8
:101F500004D1019B6345D8D10020DAE7022040423A
:101F6000D7E7019B6345E6D0CFE7C046FF070000F7
:101F7000F0B557464E464546DE46E0B50D000E0329
:101F80004900490D8A46DF0FE90FBC4683B02E4F4A
:101F9000040080460191580019039146360B090B45
:101FA000400DBA451ED0B8420DD05746002F27D15C
:101FB0003443002833D10A4334D0002C40D1634647
:101FC0005800013815E0114312D15346002B01D1BE
:101FD0002643F4D0019B63451DD00120019B5F4245
:101FE000384306E0264303D15045F6D111431CD0B7
:101FF000022003B0F0BCBB46B246A946A046F0BDE5
:102000000028EAD0019B6345E7D18245E5DC02DB8D
:102010008E42E2D80ED0019B58000138E9E7002C2F
:10202000CDD0D7E7002CE4D0D7E7019B0020634553
:10203000DFD0D2E7C845D0D80020C845D9D2EAE7DA
:10204000019B6345E4D0C8E7FF070000F0B55746A1
:102050004E46DE464546E0B51F000B031B0B16003F
:102060009A46CA0F4B000400914685B05B0D00D123
:10207000CFE1CD4A934255D05146420FC9000A43A1
:10208000802109041143C2009046C84A8A469346FB
:102090009B440023002502933C037B00FA0F01962A
:1020A000240B5B0D009200D188E1BF4A934200D11E
:1020B00092E0BE4A944663449B440A2D42DCE4000D
:1020C000730F23438024494624041C43F3000193E7
:1020D000009B00205940CBB20393022D00DC94E01A
:1020E0000123AB401D00A6232A00DB001A401D423D
:1020F00000D029E290239B001D4200D14DE2002335
:10210000802499462403A84B10004A461B0523430C
:10211000D2071343190005B0F0BCBB46B246A9462E
:10212000A046F0BD52460243904600D0ACE19B462B
:102130000223924608250293AEE7009BA2469946E9
:10214000019B9846029B022B00D1CAE1032B00D1D0
:1021500092E1012B10D1002300240022D4E70122B8
:102160007B083A4013435246D207134398465346DE
:102170005B089A46039B99465B46581C8023DB000C
:102180005B44002B00DCB1E1424652070BD00F222A
:1021900041460A40042A06D04246111D414592415B
:1021A0008846524292445246D20106D55246804B4E
:1021B0001A4080239246DB00C3187E4A934200DD1A
:1021C0008FE14246D108524652070A4351465B0509
:1021D0004C02240B5B0D97E7734B26439C46E3446C
:1021E000002E00D16FE1032349461D43009B594057
:1021F000CBB203930A2D00DD33E10123AB401D0078
:102200000323029388222A4297D14246434612046E
:10221000120C160001981D0C030C0004000C464320
:10222000B4461E006E430096160007005E436146EA
:10223000B0466F430E0CB8444644B74205D98021DE
:1022400049028846009F4744009761460904090CEB
:10225000370C36048C463100614401911100260C84
:102260002404240C61438C4621006943894661465D
:10227000090C884672434A4442447543914503D948
:102280008021490288464544110C8846614609046C
:10229000090C8C4612046244B91802915146090C8B
:1022A0008C4651460F043F0C390041434544884653
:1022B000614641438A4641466046090C8946584377
:1022C0007B4353444B449A4503D9802149028946B4
:1022D0004844190C894641460904090C88463900CE
:1022E00061431B044344884661464C4371438C461A
:1022F000414677430E0C3F19F6194844B44203D9BE
:10230000802149028946CC440299009F89463104C4
:102310004F4489464146974292410C04240C4C4458
:10232000FF1852426419A1189F429B418846824679
:102330005B42994690459241AC42A441C244D1448B
:1023400052426442144399459B41824592415B420B
:10235000524213434A46360CA419E31863445B0205
:10236000D20D1A43019992467A020A43501E8241C5
:10237000FF0D17434A4652021743B846DB0100D50A
:10238000EDE60D4B039A5B449146002B00DCACE07C
:102390003A00520700D110E70F2258463A40042A6B
:1023A00000D0F9E609E7C046FF07000001FCFFFF87
:1023B000FFFFFFFEFE070000FF0300002200324384
:1023C0006FD0002C00D1C2E0200000F0A9FE020076
:1023D00003000B3A1D20821A30001900D040083942
:1023E0008C400200224334008C405946CB1A864967
:1023F0008B469B440A2D00DDA4E64946009B0194D0
:102400005940CBB2140000200393022D00DD67E693
:10241000FBE65346034398463CD05346002B00D17D
:10242000A3E0504600F07CFE0B235B429C4602007A
:10243000844411005046083988401D238046604678
:102440001B1A2000D8400300404603439A4623004D
:102450008B4098466C4B00259B1A9B4600230293A9
:102460001AE60F2D00D0C9E0802352461B031A4202
:1024700002D01C4200D192E08024534624031C4326
:1024800024034246240B3EE69B46032380460C254C
:10249000029301E600239A469B46013304250293EA
:1024A000FAE501210D430A2D00DD4BE6494600986F
:1024B0004140C9B20391022D00DC96E000230024C4
:1024C000012001930CE649460223009A2B43514018
:1024D000CAB203920A2B00DD34E6002D57D1039BCC
:1024E000994600240022494B0EE658460121C91A9C
:1024F000382900DD2FE61F2956DD1F22544652429F
:10250000D31ADC40202907D0414B42469C46534613
:10251000604483401A43904642460721531E9A4125
:102520000B00224313400024114209D00F23134013
:10253000042B5DD0111D91429B410A005B425B0759
:10254000D2081A430023DFE5039B9946FAE5019878
:1025500000F0E6FD02000300153220331C2A00DCE7
:1025600038E7019A083882403FE700F0D9FD15238B
:102570009C4684440200634620321C2B00DC58E752
:10258000002398462300083883409A4662E71D00DE
:102590000023002402200193A2E5029032E61C43AE
:1025A000009B019A9946AEE51A4B5246C318404625
:1025B0009A40C8400243404698400300581E834159
:1025C00054461A43CC40530709D00F231340042B21
:1025D00005D0131D934292415242A4181A002302BF
:1025E00008D50123002400228EE5894600248BE5CE
:1025F0000023A5E763076402240BA1E7009BA24622
:102600009946019B984637E70DFCFFFFFF07000046
:102610003E0400001E040000F0B557464E464546F5
:10262000DE46E0B583B0009001910C034D00CE0F63
:10263000610A009C5F00640F0C43009900920193B3
:10264000C80019037B0D9946019BCC4FDB0F9C46BC
:102650004B0A00998046490F1943009B8B46DA00CC
:1026600092466D0DB94500D1BFE001236146594046
:102670004B468C46EB1A8E4275D0002B00DCA3E251
:102680004946002900D1CEE0BD4200D100E2012739
:10269000382B19DC802759463F0439438B461F2BC2
:1026A00000DDFAE12027F91A8C4659466746B94001
:1026B0000F001100D9400F4361468A40511E8A41E4
:1026C0005946D9401743641AC71BB842804140425B
:1026D000241A230200D440E16402640A002C00D1D1
:1026E00054E1200000F01CFD0300083B20213800CD
:1026F000CA1AD0409C4002009F4022439D4200DD08
:10270000A6E1581B0130091A3C008F40C4407B1ED3
:102710009F4113008B4027431F43C2403B001400DE
:102720000025134300D1F7E17B0700D177E30F23A6
:1027300038003B40042B04D0381DB842BF417F42D3
:10274000E419230200D468E38C4B01359D4200D18B
:10275000F4E08B4B6D051C406D0D6707C0086402EB
:102760000743240BECE0002B00DC29E34946002959
:1027700000D0D6E05946114300D12EE1591E012B5D
:1027800000D1E6E1BB4200D182E101270B003829EC
:1027900014DC1F2B00DD3CE22027F91A8C46594639
:1027A0006746B9400F001100D9400F4361468A4087
:1027B000511E8A415946D940174364183F18874231
:1027C000804140422418230200D4C6E06B4B0135FF
:1027D0009D4200D1B2E00121694B7A081C4039408A
:1027E0000A43E707174364089EE7664B11438A468E
:1027F000EB18002928D066452CD0002B5BD0002D8B
:1028000000D12CE15B4666465F07D2081743DD081E
:102810003B002B4300D1E2E0802424032C4324031B
:10282000564D240B8CE05946114300D1D5E0591E7A
:10283000012B00D1B9E1BB4200D1B1E101270B006E
:10284000382900DD40E72AE76146012779408C46B8
:102850006645D2D1002B00D1C5E0002D00D055E156
:102860004B462500054300D112E2591E8C46012B30
:1028700000D149E2414DAB4200D18FE20127382916
:1028800011DC63461F2B00DD5BE26146202327003D
:102890005B1A050098409F40CD40431E9841CC40B4
:1028A0002F430743A344BF189742924152425A44D0
:1028B00014004D4687E7344F6B1C3B4200D0B6E016
:1028C0005946230011430F000343002D00D026E199
:1028D000002B00D1C0E1002900D1A1E0831A984665
:1028E0005B464045AD41E31A6D425B1B80252D04DC
:1028F0002B4200D14BE15B46101A824292411C1BD5
:102900000700012663465242A41A27431E40002FA7
:1029100000D142E12C4200D16DE2194B01251C404F
:102920001BE7BD4200D13BE10127382B00DD45E725
:10293000802759463F0439438B462AE70024002765
:102940002D052543F60735433800290003B0F0BCB8
:10295000BB46B246A946A046F0BD7B0704D00F2374
:102960003B40042B00D0E7E62B00F808034A67073A
:102970000743E508934200D14AE7A5E0FF070000BE
:10298000FFFF7FFF01F8FFFFFE070000380000F0A7
:10299000C7FB030018331F2B00DCA7E63A000838FA
:1029A00082409D4200DD8AE05B1B581C1F2800DC32
:1029B000D8E117001F3BDF40202805D040231B1A19
:1029C0009A40531E9A4117430025002F00D1E5E09D
:1029D0007B0700D0ABE62C00C6E7C008C6E700279F
:1029E0000024D14DACE7D14F6B1C3B4271D1230089
:1029F0000343002D00D04EE15746002B00D1B5E136
:102A0000002F0DD08318834280415C44404224183B
:102A1000220200D5C8E11F009846274300D1BCE040
:102A200043466707DB081F43E50800234CE0831A91
:102A300098465B464045BF41E31A7F42DB1B1F02BD
:102A40007CD447461F4300D1A6E01C00474645E61C
:102A5000B74CED1A14407B0700D080E784E74B4663
:102A60002500054366D05F1E012B00D1FCE0AE4D72
:102A7000AB4200D15EE16646382F00DCB4E00120B5
:102A8000171ABA4292415B4652424D469C1A20E6C2
:102A90006707C0080743E508BAE61F005946203F0C
:102AA000F9400F00202B05D04021CB1A5946994000
:102AB0000A43924653465A1E93411F4304E6EB1ABB
:102AC0009B4D15406F07ED082C035D05240B6D0D24
:102AD00036E7954DAB4200D1D6E082182100824204
:102AE0008041594440420818C70752081743440818
:102AF000520700D485E10F221D003A40042A00D07D
:102B00001AE6FF08640727430509DDE75B46D2089C
:102B10005F071743DD087BE60027002410E7002B42
:102B200000D0D6E0002900D02FE1802400267E4D81
:102B3000240305E766465C46D00817E75B46171A8C
:102B4000BA4292411C1B012663465242A41A1E40FF
:102B5000C4E58318834280415C44404225182A0220
:102B600000D4DAE0724A5B081540EA071A436908A4
:102B70005B0700D44AE10F231340042B00D1FCE093
:102B8000171D9742A441644202256418ECE64746AB
:102B90001C001F4300D043E7002600250024CFE699
:102BA000C00867070743E50832E6871A5B46B84264
:102BB0008041E41A4042241A230228D46307FF0804
:102BC0001F43E50801237FE7002B00D173E64B4646
:102BD0005F1B3B00002D00D142E7382F00DDECE009
:102BE00080230E001B041C431F2F25DC20252300FF
:102BF000ED1B0100A840AB40F940451EA8410B4326
:102C0000FC4018435B461B1B9B4639E76646012583
:102C100062E51F005946203FF9408C46202B05D025
:102C200040275946FB1A99400A43924657467B1E55
:102C30009F4163461F43C1E53B002500203BDD402B
:102C4000202F04D04023DB1B9C402043804640467D
:102C5000431E9841284313E700299DD0012663466F
:102C60005C4690461E40DBE6171A5B46BA4292412C
:102C70001C1B5242A41A2302C8D46307FF081F4337
:102C800066460123E5081FE71D000024002757E6DC
:102C90005C46D0086AE6002B00D137E75346C008EF
:102CA00067070743E508002B00D1B1E580231B032C
:102CB0001D4208D05946C808184204D1D208490715
:102CC0000A43170005007B0FFF00FF085B071F4347
:102CD0009EE5C00863071843E508002953D0802308
:102CE0001B031D420AD05946CC081C4206D10126BE
:102CF00063462500D008490708431E40470FC0001F
:102D0000C0087F07074383E58318934292415C44E0
:102D10005242A5182A0200D524E76F07DB081F439B
:102D2000ED080123D0E6C046FF070000FE070000C3
:102D3000FFFF7FFF5B46D2085F0766461743DD084B
:102D400066E52500203BDD406346202B05D040236F
:102D500061465B1A9C402043804647467B1E9F414C
:102D60002F43A0E520210027091AD2E4002F00D12B
:102D700013E75C4617000025F6E5D708490702234C
:102D80000F432D09A0E6070042E55B4601265F07D9
:102D9000DD086346D20817431E4039E55B46D2087A
:102DA0005F071743DD0833E51E4ADB08224057075B
:102DB000520201251F43140BC2E50E0001205FE6FD
:102DC000002B0DD04B465B1B9C46002D00D148E5E7
:102DD0000127382B00DD66E580231B041C4350E5EA
:102DE0006B1C114D2B4200D073E659462300114352
:102DF0008A46034300E66707C00800230743E50847
:102E000062E66407FF08274305095DE6D208490723
:102E100011430F0002232D0956E60700A4E53800F0
:102E20008FE4C046FFFF7FFFFE070000F0B5C646F7
:102E30001E03360BB0460D4E0C034D005F0000B56F
:102E4000240B6D0D7F0DB5420BD0084900208F4239
:102E500004D1464616433000431E984180BCB84614
:102E6000F0BD04430120002CF8D1EEE7FF0700007D
:102E70000B00020070B5164D0C0382B04900002013
:102E800000920193240B490DDE0FA94204DD114885
:102E9000814203DD104BF01802B070BD802040036A
:102EA00020430E4C641A1F2C08DD0D4B5B1AD840D2
:102EB00003005842002EEFD11800EDE7094B009AAD
:102EC0009C46030061448B40E2401343F1E7C04657
:102ED000FE0300001D040000FFFFFF7F330400001D
:102EE00013040000EDFBFFFF70B5002816D0C317D8
:102EF000C5185D40C40F280000F012F9104B1B1AD2
:102F00005B055B0D0A2814DC02002E00153296408A
:102F10000B22121AD5402D032D0B03E000240023B1
:102F2000002500261B052B43E4072343300019002E
:102F300070BD0B3885402D0300262D0BF2E7C046EF
:102F40001E04000010B5041E10D000F0E9F80E4B6E
:102F50001B1A5B055B0D0A280FDC0B222100121ADD
:102F6000D14015300A038440120B01E000230022F7
:102F70001B0513432000190010BD22000B388240AE
:102F800012030024120BF3E71E04000070B5420286
:102F90004300C40FFE201B0E591C550A08420CD0DA
:102FA000E02189008C466D07120B63441B05134317
:102FB000E40723432800190070BD002B14D1002D15
:102FC0001BD0280000F0ACF80A281CDC0B232A00D8
:102FD0001B1ADA40030015339D400E4B12031B1AD7
:102FE0005B05120B5B0DE1E7002D09D0130B80226E
:102FF00012031A436D07084BD8E700230022D5E7D8
:103000000022054BD2E703002A000B3B9A40002523
:10301000E3E7C04689030000FF070000F0B54B005E
:103020000F035B0D3A4C450F83B07F0A5E1C2F43A4
:1030300000900191CA0FC50026420BD035495C189B
:10304000FE2C13DDFF200023C0051843D2071043D8
:1030500003B0F0BD3D43002B01D10020F4E7002D6B
:10306000F0D08023DB03FF203B43EDE7002C0CDD99
:10307000009BFF009B01581E8341690F3B430B439C
:10308000590727D1DB08E0B2DEE72100173131DB39
:1030900080211E2009043943001B1F282DDD022634
:1030A0007642341B0E00E6403400202804D01A4833
:1030B0008446634499400D432B00591E8B412343A2
:1030C000590703D00F21194004290BD19B0100207F
:1030D0005B0AB9E70F211940042904D19B015B0A5F
:1030E000E0B2B1E7002404335901F7D501340023DD
:1030F000E0B2A9E700200023A6E7084C1C192B002A
:10310000A540C340A140681E854129430B43D7E732
:10311000FE07000080FCFFFFA2FCFFFF82FCFFFF18
:103120001C2101231B04984201D3000C10391B0AF7
:10313000984201D3000A08391B09984201D30009BB
:10314000043902A2105C40187047C0460403020212
:1031500001010101000000000000000010B500297D
:1031600003D1FFF7DDFF203002E00800FFF7D8FFB2
:1031700010BDC04607B50A2301900122024801A9EB
:1031800007F09BFC01980EBDCC09002030B510253E
:1031900093B03822002104A80FF08CFE2A000021F1
:1031A00068460FF087FE8020800004F019FF04F0CD
:1031B0000DFF1821184A0224D36D04A88B43D36550
:1031C0000D23049380235B020593012306930A9346
:1031D0001B190C9380239B020F9380239B04109355
:1031E0008023DB050B940D950E95119304F07EFF63
:1031F000002801D072B6FEE7072302900390210059
:1032000068460093019405F0D9F9002801D072B600
:10321000FEE713B030BDC0460010024010B503F009
:1032200053FA04F009FF62B603F062FAFFF7AEFF4B
:1032300000F09AF900F094FA00F0C0FA00F058FC9F
:1032400000F06CFC00F0BEFB00F050FD00F0BCFD97
:1032500000F004FE00F038FE00F06CFE00F086FB8B
:1032600003F044F800F0A8F803F052F8FEE700007D
:10327000034B026810B59A4201D103F04DFA10BD1C
:103280000048014072B6FEE7FEE7000010B50248B4
:103290000FF094FCFEE7C046D859020810B5042090
:1032A00004F046FE082004F043FE10BD10B52020B7
:1032B00004F03EFE402004F03BFE8020800104F03C
:1032C00037FE8020C00104F033FE10BD10B5024867
:1032D00004F09CFB10BDC0464408002010B5034814
:1032E00004F094FB024804F091FB10BDE4070020B9
:1032F0002407002010B5094804F088FB084804F0B2
:1033000085FB084804F082FB074804F07FFB074870
:1033100004F07CFB064804F079FB10BD8407002014
:10332000C406002064060020CC0400206C040020A9
:103330008403002010B5024803F0F0FB10BDC04626
:10334000E403002010B5024806F00EFA10BDC04696
:103350003403002010B5024806F00AF810BDC0463C
:103360002C05002010B5024807F002F810BDC04639
:10337000CC09002010B5024806F0FAFF10BDC04687
:103380003809002010B5024806F0F2FF10BDC04613
:10339000A408002010B507F03FFE002001F080FFD8
:1033A00010BD000010B5024804F008FE10BDC04674
:1033B000900500207047704710B50021034A04486B
:1033C00002F0CFFF034B186010BDC04678820208A0
:1033D000953301083003002007B501210D4B022071
:1033E0001A6C40420A431A641A6C0A408021009207
:1033F000009ADA6B49050A43DA63DB6B00220B4063
:1034000001930321019B04F013F8C020C00003F0D6
:10341000A7F907BD00100240802170B5204BC902FA
:103420001A6C86B00A431A641B6C05000B400193AA
:10343000694602A8019B05F07FF9059B002B28D166
:1034400005F066F9174E184B18493360184BF360B6
:10345000FCF794FF00230138706030003361B360E3
:10346000B36106F07DFA041E10D1300006F042F977
:10347000041E0BD1162004F005F8032D0DD82200F0
:103480002900162003F0D4FF0A4B1D60200006B06F
:1034900070BD05F03DF94000D4E70124F6E7C046D1
:1034A00000100240340300200048014040420F0059
:1034B000E70300000C00002070470120704710B5A2
:1034C0000FF008FE162303600120404210BD10B526
:1034D0000FF000FE16230360FEE770B50E00140027
:1034E0000025A54201DB200070BD00E000BF705543
:1034F0000135F6E770B50E0014000025A54201DB8A
:10350000200070BD705DFFF735FE0135F6E7012044
:103510004042704780239B0100204B607047012090
:1035200070470020704700000B490C4A0300521AF4
:103530000B4910B50868002801D10A4808600868DE
:10354000C318934206D90FF0C5FD0C230360012078
:10355000404210BD0B60FCE7000800000040022064
:103560008003002008AC0120F0B58BB014220021AC
:1035700005A80FF09FFC042101246F4B6F485A6B84
:103580006F4F0A435A635A6B00250A400092009A13
:103590005A6B1C310A435A635A6B03260A40019244
:1035A000019A5A6B1E3922435A635A6B2240029287
:1035B000029A5A6B0A435A635A6B0A400392039A5F
:1035C0005A6B06310A435A635B6B00220B407B3116
:1035D00004938901049B04F09DFCA020002259491A
:1035E000C00504F097FC38000022574904F092FC13
:1035F00000225649564804F08DFC22001021544800
:1036000004F088FC842122003800490004F082FC88
:1036100080239B01059305AB190048480694079544
:10362000089504F041FB8823A0205B00059305ABBF
:103630001900C00506940795089604F035FB022191
:10364000444B3800059305AB079119000694089682
:1036500004F02AFBC023DB010593C4239B030693DC
:1036600005AB19003800079404F01EFB802305AA5F
:10367000110038001B02059306940795089504F085
:1036800013FBC02305AA11002C4805930694079547
:10369000089604F009FB05AA2F4B11002C4805934E
:1036A00006940795089604F0FFFA02218023A020D3
:1036B0001B020791C00505A905930694089604F01E
:1036C000F3FA6C230593842305A99B0320480693F2
:1036D000079404F0E9FA842338005B0005A90593F8
:1036E00006940794089604F0DFFA80221B4B5202DE
:1036F000196806200A431A608022196892020A4358
:103700001A6080221968D2020A431A60802219685E
:1037100012030A431A6031002A0003F089FE0620D2
:1037200003F0B0FE2A003100072003F081FE0720DD
:1037300003F0A8FE0BB0F0BD0010024000080050DE
:103740000004005010810000C1820000030300004B
:10375000000C0050C10200001303000000000140F3
:1037600007B50121144B09209A6B0A439A639A6B9F
:103770000A400092009A9A6B49180A439A639B6B1D
:1037800000220B4001930131019B03F051FE0920FF
:1037900003F078FE002203210A2003F049FE0A20EC
:1037A00003F070FE002203210B2003F041FE0B20EA
:1037B00003F068FE07BDC046001002401FB50C2292
:1037C000002101A80FF076FB802202211F4C9203FA
:1037D0001F4B2261E161042221002360802362618A
:1037E0002C31033AA2760A700432DB056263A263CD
:1037F0002200636000233C322000A360E360238347
:103800006362A36223631370E36402F0B9FF0028CC
:1038100001D0FFF737FD0F4B20000193002301A9D2
:103820000293039303F028FA002801D0FFF72AFD42
:10383000094B20000193042301A9029303F01CFA11
:10384000002801D0FFF71EFD1FBDC046E403002085
:1038500000240140020000040004002870B50500A7
:1038600088B01422002103A80FF024FB284B2A68FB
:103870009A424BD18021274B49031A6CA0200A435E
:103880001A641A6C03240A4001210092009A5A6BB0
:10389000C0050A435A635A6B00260A400192019AF6
:1038A0000222596B114359635B6B03A913400293C6
:1038B000029B0392049404F0F7F90423164803A929
:1038C00003930494059604F0EFF9144C144B200074
:1038D0002360052363607B3323618033636180232E
:1038E000DB00A660E660A361E661266203F018FFD4
:1038F000B04201D0FFF7C6FC0C20002203212C654A
:10390000A56203F095FD0C2003F0BCFD08B070BD6E
:1039100000240140001002400004005084030020F5
:103920001C0402400D4B026810B504009A4213D1EA
:10393000A0200B4A0B49136CC0050B4013640221F5
:1039400004F06AFA0421084804F066FA206D03F0D6
:1039500055FF0C2003F0A2FD10BDC046002401401D
:1039600000100240FFFFEFFF000400500848094B21
:1039700010B50360002383804361836101330362D8
:1039800003F0DEFD002801D0FFF77CFC10BDC0462F
:103990004804002000300240084B026882B09A427E
:1039A00009D18021064B49019A6B0A439A639B6BAC
:1039B0000B400193019B02B07047C04600300240AB
:1039C00000100240E0221148D20010B5C26002226D
:1039D0000F4B026103608223013A426180225B0047
:1039E0004360002392008261813AFF3A0262793A91
:1039F0008360C36143628362C2620363436305F011
:103A000071FA002801D0FFF73DFC10BD2C05002005
:103A10000030014030B5050089B01422002103A810
:103A20000FF048FA2C4B2A689A4253D180212B4B35
:103A300049011A6CA0200A431A641A6CC0050A4096
:103A400001210192019A5A6B0A435A635B6B0B4046
:103A50000293029BE0230393DE3B04935B1803A9CC
:103A6000069304F021F91E4C1E4B80222360102384
:103A7000636000232000A360E36022616361A361AF
:103A8000E361236203F04CFE002801D0FFF7FAFB4C
:103A9000154BAC65A562154C802223601123636031
:103AA000013BA36000232000E36022616361A36106
:103AB000E361236203F034FE002801D0FFF7E2FB4C
:103AC0001920002203216C65A56203F0B1FC1920C6
:103AD00003F0D8FC09B030BD0030014000100240B6
:103AE000CC04002080000240080402406C04002046
:103AF0000748084B10B5036003234360064BC360BF
:103B0000836004F029FA002801D0FFF7BBFB10BD49
:103B10009005002000300040B80B000010B586B0C2
:103B20001422002101A80FF0C5F9214C214A0023DD
:103B300022607F22E2608032226180222000D20552
:103B40000093A3606361A361E3612262636204F096
:103B500059FF002801D0FFF795FB04F037FA002148
:103B6000200005F0CBF8144A90421ED0002120001E
:103B700005F0BCF800236A4620009380937101A9E8
:103B8000012202930493059304F09EFF002801D0C4
:103B9000FFF778FB094B012269462000009304F0EF
:103BA000FDFF002801D0FFF76DFB06B010BDC04639
:103BB000A00500200028004012907856010302263C
:103BC00010B504008CB02C22002101A80FF072F96E
:103BD000104B22689A421BD180239B0201938023C1
:103BE00001A85B000A9304F0C1FD002801D0FFF793
:103BF00049FB8022084B1202D96D0A438021DA6505
:103C0000DA6BC9000A43DA63DB6B0B400093009B5D
:103C10000CB010BD002800400010024003680E4A9E
:103C200082B093420BD180210C4B09011A6C0A43DC
:103C30001A641B6C0B400093009B02B07047084A4B
:103C40009342FAD10221054BDA6B0A43DA63DB6B4C
:103C50000B400193019BF0E7002C01400010024053
:103C60000004004010B5040088B01422002103A80D
:103C70000FF020F92368184A934216D10421174BFC
:103C800017485A6B0A435A635B6B03220B4001933C
:103C9000019BC0239B000393022306920493079386
:103CA00003A904F001F808B010BD0E4A9342FAD1FE
:103CB00002230A4A0C48516B19435163526B049317
:103CC0001A400292029A302201330693023B039279
:103CD000079303A9E5E7C046002C0140001002400D
:103CE00000080050000400400004005030B599B0B6
:103CF0000C22002101A80FF0DDF81C22002104A8ED
:103D00000FF0D8F8342200210BA80FF0D3F82C4C78
:103D10002C4B002523600F236360B833E360200041
:103D2000473BA56025616561A36105F043FEA8429C
:103D300001D0FFF7A7FA200001A90195029503958C
:103D400006F016F8002801D0FFF79CFA6023002245
:103D5000049320005C3B04A9059206920792089305
:103D600009920A9205F090FE002801D0FFF78AFA26
:103D70000422200004A905F087FE002801D0FFF7E7
:103D800081FA802292011092802200239204200066
:103D90000BA90B930C930D930E930F931193129306
:103DA0001393149215931693179306F01BF800289B
:103DB00001D0FFF767FA2000FFF754FF19B030BDBC
:103DC00018060020002C014030B58BB00C220021D9
:103DD00068460FF06FF81C22002103A80FF06AF864
:103DE0001C4C1D4B002523600F2320006360B8335B
:103DF000A560E3602561A56105F0DCFDA84201D066
:103E0000FFF740FA694620000095029505F0B0FFE3
:103E1000002801D0FFF736FA602300220393200028
:103E20005C3B03A904920592079305F02DFE002840
:103E300001D0FFF727FA0422200003A905F024FE91
:103E4000002801D0FFF71EFA2000FFF70BFF0BB090
:103E500030BDC046CC0500200004004010B5184B12
:103E6000184C0C222360E1235B02636000232000D6
:103E7000A360E36023616261A361E3612362636223
:103E8000A36206F0E9FE002801D0FFF7FBF900214C
:103E9000200007F029F8002801D0FFF7F3F90021EE
:103EA000200007F041F8002801D0FFF7EBF92000CF
:103EB00006F0FCFF002801D0FFF7E4F910BDC04672
:103EC00000380140CC09002010B5184B184C0C22CA
:103ED0002360E1231B03636000232000A360E360F1
:103EE00023616261A361E36123626362A36206F0FE
:103EF000B3FE002801D0FFF7C5F90021200006F02D
:103F0000F3FF002801D0FFF7BDF90021200007F0E2
:103F10000BF8002801D0FFF7B5F9200006F0C6FF26
:103F2000002801D0FFF7AEF910BDC04600440040A4
:103F30003809002010B5194B194C00212360E123EA
:103F40005B0263600C230A00636120000B00A16028
:103F5000E1602161A161E16121626162A16206F01B
:103F60005BFF002801D0FFF78DF90021200006F04B
:103F7000BBFF002801D0FFF785F90021200006F0E3
:103F8000D3FF002801D0FFF77DF9200006F08EFF57
:103F9000002801D0FFF776F910BDC0460048004068
:103FA000A4080020F0B5040099B01422002108A84C
:103FB0000EF080FF2C2200210DA80EF07BFF23685D
:103FC000A04A934263D101230DA80D9304F0CEFBC8
:103FD000002801D0FFF756F980219B4BC9011A6CCC
:103FE000A0200A431A641A6C00260A400192019A22
:103FF0000122596BC005114359635B6B08A913403B
:104000000293029BC023DB000893022309939B18B1
:104010000B930A960C9203F047FE8C4D8C4B2800B4
:104020002B6032236B604E332B61603BAE60EE60E1
:104030006E61AE61EB612E6203F072FBB04201D0A3
:10404000FFF720F9231DDD67AC62824B824D802291
:104050002B6033236B60233BAB6000232800EB60B5
:104060002A616B61AB61EB612B6203F059FB0028A5
:1040700001D0FFF707F91B2000220321E567AC629E
:1040800003F0D6F91B2003F0FDF919B0F0BD734A17
:10409000934263D102230DA80D9304F067FB00281F
:1040A00001D0FFF7EFF88021674B8902DA6BA0207F
:1040B0000A43DA63DA6B00260A400392039A01226C
:1040C000596BC005114359635B6B08A913400493F6
:1040D000049B0C2308930A3B09939B180B930A96A5
:1040E0000C9203F0E1FD5E4D5E4B28002B60342303
:1040F0006B604C332B61603BEB6180239B01AE60B6
:10410000EE606E61AE612B6203F00AFBB04201D03B
:10411000FFF7B8F8231DDD67AC62534B534D802287
:104120002B6035236B60253BAB600023EB606B613C
:10413000AB61EB61802328009B012A612B6203F0B5
:10414000EFFA002801D0FFF79DF81C200022032180
:10415000E567AC6203F06CF91C2094E7444A934293
:1041600000D092E704230DA80D9304F0FFFA002875
:1041700001D0FFF787F8802104270226324BC902BD
:10418000DA6B00250A43DA63DA6B3A480A40059293
:10419000059A5A6B08A93A435A635A6B3A400692F9
:1041A000069A5A6B32435A635B6B09963340079306
:1041B000079B302308932D3B0B930A950C9503F036
:1041C00073FD03232C4808A9089609960B930A95BA
:1041D0000C9703F069FD294E294B300033603623DC
:1041E00073604A33B560F56033617561B561F5613F
:1041F000356203F095FAA84201D0FFF743F8231D7A
:10420000204DDE67204B80222B6037236B60273BDD
:10421000AB6000232800B462EB602A616B61AB6184
:10422000EB612B6203F07CFA002801D0FFF72AF83B
:104230001D2000220321E567AC6203F0F9F81D2080
:1042400021E7C04600380140001002404408002029
:10425000080002401C000240E40700200044004027
:104260008407002044000240300002402407002060
:10427000004800400008005000040050C406002020
:1042800058000240640600206C0002400368254A82
:1042900010B50400934215D1234A2449136CA02081
:1042A0000B40C0211364C900C00503F0B5FD231DF8
:1042B000D86F03F0A3FAE06F03F0A0FA1B2003F01D
:1042C000EDF810BD1A4A934212D1A020164A19499E
:1042D000D36BC0050B40D3630C2103F09DFD231D60
:1042E000D86F03F08BFAE06F03F088FA1C20E6E742
:1042F000114A9342E5D10C4A1049D36B10480B4048
:10430000D363302103F088FD02210E4803F084FDC1
:10431000231DD86F03F072FAE06F03F06FFA1D20CF
:10432000CDE7C0460038014000100240FFBFFFFF4C
:1043300000440040FFFFFDFF00480040FFFFFBFF7F
:1043400000080050000400500368094A10B5934269
:1043500002D10CF075FB10BD064A934202D108F061
:1043600077FEF8E7044A9342F5D109F069FEF2E7D7
:104370000038014000440040004800400368094AFA
:1043800010B5934202D10CF065FB10BD064A934272
:1043900002D108F05FFEF8E7044A9342F5D109F034
:1043A00079FEF2E700380140004400400048004038
:1043B0000368094A10B5934202D10CF055FB10BDB9
:1043C000064A934202D108F063FEF8E7044A93429A
:1043D000F5D109F085FEF2E70038014000440040C5
:1043E0000048004070B5202001F0C2FE041E04D039
:1043F000002520C000F0EEF82577200070BDF7B54D
:1044000006000D001F000192002801D172B6FEE7E0
:1044100080235B04994201D372B6FEE7002901D1E3
:1044200072B6FEE701F03AFA002804D1089B002B8F
:1044300001D072B6FEE700F0BFFF346823002B40C6
:10444000002F14D1002B14D1089B002B17D00199F9
:104450004B1E99410906002F02D08023DB0419432B
:10446000089A2943301D01F027F9002409E09D42F4
:10447000EAD1019B002B02D02300AB433360002321
:10448000089301F033F8089B002B15D0002801D1C8
:1044900001F0AAFD01F0C2FA040083010AD401F080
:1044A000AFFD346823002B40002F07D1002B07D12C
:1044B00001F0B2FD2402240A2000FEBD9D42F7D186
:1044C000019B002BF4D02300AB433360F0E770B5C1
:1044D00004000D00002801D172B6FEE780235B04C2
:1044E000994201D372B6FEE701F08AFD26683300D7
:1044F000AB43236001F090FD300070BDF7B50400C0
:104500000D00002801D172B6FEE780235B049942BA
:1045100001D372B6FEE703000C33019300F04CFFA9
:10452000236820692B4300252360019A2368824277
:1045300005D1AB43236000F0D9FF2068FEBD1E000B
:10454000016847680A02120A1640B4468026F6043B
:10455000314204D16646002E03D13800E5E76245BA
:10456000FBD180267604314200D015438021890496
:10457000194301F013F9F0E710B5FFF7BFFF10BDC5
:1045800070B58025040000F017FFAD046368002BB0
:1045900008D1237F002B02D1200001F071FE00F032
:1045A000A5FF70BD230020690C33984201D172B67B
:1045B000FEE7290001F0F2F8E8E7000010B5044C2E
:1045C00013000A000100200001F0B6FC10BDC04637
:1045D000794501080300083301224360C360036189
:1045E00000235242826003607047002303617047DA
:1045F00043689A684B608A605160996003680861FB
:10460000013303607047020030B50C680832631C48
:104610000AD103695A684A6091608B6059600368E7
:1046200008610133036030BD130052681568A5426C
:10463000FAD9EFE70369416882688A605160596876
:10464000814200D15A60002202611A68013A1A6060
:104650001868704710B5040001F0D2FCA46B01F09B
:10466000DBFC6042604110BD70B51600026C0400B6
:10467000856B002A09D10668002E12D1806801F0EE
:104680005BF9A6600135A56370BD002E0ED14068B0
:104690000EF060FD6368226C9B18A2686360934211
:1046A00001D20020EEE723686360FAE7C0680EF0ED
:1046B00051FD226CE36851429B1A2268E3609342E9
:1046C00002D2A3685B18E3600020022EDAD12B002F
:1046D0005A1E9341ED1AD5E703001A6C080010B575
:1046E000002A0AD0DC689968A418DC608C4201D3E7
:1046F0001968D960D9680EF02DFD10BD70B50400A1
:104700002600453601F07CFC35786DB2002D02DDC7
:10471000636A002B13D1FF2333702600443601F067
:104720007BFC01F06DFC35786DB2002D02DD236954
:10473000002B0ED1FF23337001F06EFC70BD200002
:10474000243000F0F1FF002801D001F09BF8013D7A
:10475000DBE72000103000F0E7FF002801D001F077
:1047600091F8013DE0E770B504000D00002801D18B
:1047700072B6FEE701F044FC216CE36B22684B4308
:10478000D0185B1A6260D2182300A060E26000209B
:10479000FF224433A0631A705A7085420ED12369F8
:1047A000834207D02000103000F0BEFF002801D067
:1047B00001F01AFC01F030FC012070BD2000103027
:1047C000FFF708FF20002430FFF704FFF2E773B57E
:1047D0001C0006AB1D78002801D172B6FEE7002C44
:1047E00001D172B6FEE7002A03D0002905D172B6C6
:1047F000FEE7002901D072B6FEE750230193019B2A
:10480000502B01D072B6FEE7019B230001264633F0
:104810001E70002900D12200E063216420000121E4
:104820002260FFF7A0FF23004C3320001D7076BDEF
:10483000F8B506000D001700002801D172B6FEE79A
:1048400008007043503001F093FC041E11D00300A7
:10485000002246331A700300954200D05033236083
:1048600001212000E6632564FFF77DFF23004C3320
:104870001F702000F8BD13B513000C00002801D1F3
:1048800072B6FEE7884201D272B6FEE702220092BB
:1048900000221100FFF79BFF002800D0846316BDA3
:1048A00010B50C00002801D172B6FEE7884201D293
:1048B00072B6FEE702220021FFF7BAFF002800D0FF
:1048C000846310BDF0B585B004000F001E00019296
:1048D000002801D172B6FEE7002904D1036C002B39
:1048E00001D072B6FEE7022E04D1E36B012B01D09A
:1048F00072B6FEE700F0D2FF051E1BD0002501F0C6
:104900007FFBA26BE36B9A4219D232003900200080
:10491000FFF7AAFE636A002B03D02000243000F0CA
:1049200003FF002801D001F05FFB01F075FB0120BF
:1049300005B0F0BD019B002BE1D072B6FEE7022E60
:10494000E3D0019B002B03D101F066FB0020EFE7D1
:10495000002D02D102A800F059FF01F05DFB00F02C
:104960002BFD01F04DFB2200443213785BB2013382
:1049700001D1002313702200453213785BB201335A
:1049800001D10023137001F047FB01A902A800F038
:1049900049FF00281FD101F033FBA26BE36B9A4261
:1049A00010D101F039FB20000199103000F072FEA7
:1049B0002000FFF7A3FE00F099FD002809D101F0C7
:1049C00013FB06E001F028FB2000FFF797FE00F044
:1049D0008DFD012593E72000FFF790FE00F086FD96
:1049E000B4E7002213B50B00009011000120FFF77F
:1049F000EEFE041E07D000210B000A00816001605A
:104A0000C160FFF75FFF200016BD70B5041E01D125
:104A100072B6FEE7856800F03BFF0023854205D1B2
:104A2000E1680139E160994202D00123180070BDAC
:104A30000B000A002000FFF745FFF6E770B50600FF
:104A4000502001F095FB041E15D003000025012124
:104A500046331D70C16300600564FFF784FE2300C8
:104A60004C331E702A002B0029002000A560256011
:104A7000E560FFF727FF200070BDF0B585B00400AA
:104A800017001E000191002801D172B6FEE7019BBC
:104A9000002B04D1036C002B01D072B6FEE7022E6E
:104AA00004D1E36B012B01D072B6FEE701F0C2FA2C
:104AB000A26BE36B03909A4202D30025022E1AD117
:104AC0002300453302931D7832006DB22000019916
:104AD000A36BFFF7C9FD6B1C13D1636A002B09D0D0
:104AE0002000243000F020FE002803D0002F01D049
:104AF00001233B600125039801F0A0FA280005B0CE
:104B0000F0BD029B01356DB21D70F3E7F8B50400EE
:104B10000D00002801D172B6FEE7036C002B01D016
:104B200072B6FEE70368002B04D18368002B01D026
:104B300072B6FEE701F07EFAA26BE36B0600002777
:104B4000934215D9210045310B7801325BB2A26343
:104B50005A1C12D1636ABB4209D02000243000F0F5
:104B6000E3FDB84203D0BD4201D001232B600127F1
:104B7000300001F063FA3800F8BD01335BB20B700E
:104B8000F5E7F0B585B004000E000192002801D1D0
:104B900072B6FEE7002904D1036C002B01D072B677
:104BA000FEE700F07BFE051E1BD0002501F028FA71
:104BB000A76B002F1AD031002000013FFFF78CFDBA
:104BC000A7632369002B07D02000103000F0ACFD54
:104BD000002801D001F008FA01F01EFA012005B00A
:104BE000F0BD019B002BE1D072B6FEE7019B002BCC
:104BF00003D101F011FA0020F1E7002D02D102A843
:104C000000F004FE01F008FA00F0D6FB01F0F8F91C
:104C10002200443213785BB2013301D100231370B8
:104C20002200453213785BB2013301D100231370A7
:104C300001F0F2F901A902A800F0F4FD00281AD150
:104C40002000FFF707FD00280FD020000199243035
:104C500000F020FD2000FFF751FD00F047FC002888
:104C600001D101F0C1F90125A0E72000FFF746FDC1
:104C700000F03CFCF7E72000FFF740FD00F036FCB9
:104C80002000FFF7E7FC0028EDD0B4E7F0B585B0D1
:104C9000041E019101D172B6FEE7056C002D01D012
:104CA00072B6FEE700F0FAFD061E20D02E000127A6
:104CB00001F0A6F9A36B002B1ED0013BA363236870
:104CC000002B02D100F0B6FEA0602369002B07D0B4
:104CD0002000103000F028FD002801D001F084F9F8
:104CE00001F09AF9012005B0F0BD3500DFE7019B26
:104CF000002BFAD072B6FEE7019B002B03D1002DEA
:104D000062D072B6FEE7002E02D102A800F07EFD4E
:104D100001F082F900F050FB01F072F922004432F8
:104D200013785BB2013301D10023137022004532A6
:104D300013785BB2013301D10023137001F06CF9D9
:104D400001A902A800F06EFD002825D12000FFF780
:104D500081FC00281AD02368002B07D101F050F9FC
:104D6000A06800F0ABFD050001F056F920000199A4
:104D7000243000F08FFC2000FFF7C0FC00F0B6FBF1
:104D8000002801D101F030F93E0091E72000FFF743
:104D9000B5FC00F0ABFBF7E72000FFF7AFFC00F03D
:104DA000A5FB2000FFF756FC0028EDD0002D0DD00C
:104DB00001F026F9616A002903D03821236B1B68B2
:104DC000C91AA06800F0EEFD01F026F900208AE77C
:104DD00070B504000D00002801D172B6FEE78668A8
:104DE00000F056FD864204D10120E3680133E36000
:104DF00070BD29002000FFF749FF0028F8D0E368C4
:104E00000133E360F4E7F0B585B0040016000191CA
:104E1000002801D172B6FEE7019B002B04D1036C80
:104E2000002B01D072B6FEE701F004F90025A76B54
:104E30000390AF421AD02300443302931D78200020
:104E40000199013F6DB2FFF747FCA7636B1C13D1BB
:104E50002369002B09D02000103000F065FC0028E9
:104E600003D0002E01D0012333600125039801F007
:104E7000E5F8280005B0F0BD029B01356DB21D704C
:104E8000F3E70000002370B5064ADD00AC18266881
:104E9000002E02D1A950606070BD0133082BF4D1FF
:104EA000FAE7C046600A0020084A0023110010B546
:104EB0005468844205D10022DB00CA50C9184A60F8
:104EC00010BD01330832082BF2D1F9E7600A002047
:104ED00010B5041E01D172B6FEE7FFF7E5FF23000F
:104EE00046331B78002B02D1200001F0C9F910BD18
:104EF00070B5040016000D0001F082F82200443263
:104F000013785BB2013301D10023137022004532C4
:104F100013785BB2013301D10023137001F07CF8E8
:104F2000A36B002B05D1200032002900243000F0B3
:104F3000E3FB2000FFF7E2FB70BD0000F7B50400C3
:104F400001F05EF82A4B2B4D1A682B4E01321A6085
:104F50002F68002F41D12C601B68012B1ED114201B
:104F6000784301373018FFF735FB382FF7D1234F3F
:104F70003800FFF72FFB224B18000193FFF72AFBA5
:104F80002048FFF727FB2048FFF724FB1F48FFF7C7
:104F900021FB1F4B019A1F601E4B1A601E4A1368AB
:104FA0000133136063641D4BE26A19688A4200D9B9
:104FB0001A6014235343211DF018FFF719FB01F069
:104FC0002BF8174B1B68002B06D02B68DA6AE36AB4
:104FD0009A4201D201F008F8F7BD114B1A68E36A52
:104FE000002ADBD12A68D26A9A42D7D82C60D5E74A
:104FF000C40A0020980F0020380B0020240B00204A
:10500000100B0020F40A0020E00A0020C80A00204B
:105010000C0B0020080B0020A80A0020BC0A00206E
:10502000B80A0020F8B50400144B154D1E68286816
:105030000F000430FFF7FEFA631C07D1002F05D0E4
:10504000296810480431FFF7D3FAF8BD2B683419EA
:105050005C60A64206D90C4B186829680431FFF73A
:10506000D2FAF2E7094B186829680431FFF7CBFA46
:10507000074B1A68A242E8D91C60E6E7C00A002084
:10508000980F0020C80A0020080B00200C0B0020FD
:10509000A40A0020074A13681968074B002903D1A6
:1050A000012252421A6070471268D268D268526870
:1050B000F8E7C0460C0B0020A40A002010B504003D
:1050C00054300DF04FFF2300A5331B78002B06D181
:1050D000206B01F0D5F8200001F0D2F810BD012BB3
:1050E000F9D0022BFAD072B6FEE7000070B5114C71
:1050F0002368002B08D1104B1B68012B01D900F04D
:1051000073FFFEF74FF9F2E700F07AFF0B4BDB6815
:10511000DD68281DFFF78EFA094A1368013B13600A
:105120002368013B236000F077FF2800FFF7C6FFEC
:10513000DDE7C046DC0A0020380B0020E00A002032
:10514000C40A0020F7B50A9C9600320000900D00BA
:10515000206BA52101930DF0ADFE0722276B043EC5
:10516000BF199743002D3CD0210000233431EA5C65
:10517000CA54002A02D00133102BF8D12300002298
:1051800043331A70089D372D00D937250026201D7E
:10519000E562E5642665FFF728FA20001830FFF77E
:1051A00024FA38235B1BA36123002000A033246171
:1051B00064624C221E6031001E7154300DF07AFE84
:1051C0000A4B3800A3650A4B019AE365094B009925
:1051D000236600F0F7FE099B2060B34200D01C60FC
:1051E000F7BD230034331D70CCE7C046C0AA0120B0
:1051F00028AB012090AB012070B586B00B9D0C9CB4
:10520000002D01D172B6FEE7002C01D172B6FEE787
:10521000A8260596059EA82E01D072B6FEE7256346
:105220002500059E0226A5352E7004AD01950A9D28
:1052300002940095FFF786FF2000FFF77FFE049899
:1052400006B070BDF0B5070087B09000160004915D
:10525000059300F08DFF051E03D10120404207B0E9
:10526000F0BDA82000F084FF041E14D0030000222B
:10527000A53305631A700D9B320001930C9B0499B2
:10528000029000933800059BFFF75CFF2000FFF7BA
:1052900055FE0120E3E7280000F0F2FFDDE7000003
:1052A00070B5040000F0ACFE1C4D002C00D12C6841
:1052B000261D3000FFF7BEF9A36A002B03D02000A3
:1052C0001830FFF7B7F9164A1368013313602B68DB
:1052D000A34216D131001348FFF78AF9124A136826
:1052E0000133136000F098FE104B1B68002B14D0A4
:1052F0002B68A34211D10E4B1B68002B0BD072B64A
:10530000FEE70C4A20001368013B1360FFF7D6FE4E
:10531000FFF7C0FEE6E700F067FE70BD980F0020C3
:10532000A80A0020E00A0020DC0A0020B80A0020B9
:10533000A00A0020C40A002010B5002488B007AAE3
:1053400006A905A80594069401F0A4F9059B134944
:105350000293069B12480193079A23000094FFF7DB
:105360004BFFA04213D000F059FC012811D172B6B6
:105370000C4B0D4A1B685433136001220B4B5242F5
:105380001A600B4B18600B4B1C6000F0AFFE08B0AE
:1053900010BD0130FBD172B6FEE7C046EC590208E1
:1053A000ED500108980F00208C020020A40A002074
:1053B000B80A0020C00A0020024A136801331360B3
:1053C0007047C046A00A0020014B18687047C046CD
:1053D000C00A0020014B18687047C046C00A002070
:1053E000F0B5374B85B01B68002B60D1354B1D687D
:1053F00001351D60002D11D1334B1A681268002A47
:1054000001D072B6FEE7314A196810681860116061
:105410002F4A136801331360FFF73CFE2D4A2E4FCD
:1054200001923B682D4A002402929D4236D2029B93
:105430001B68DA6A14235343019AD358012B00D90D
:105440000124274B1B68002B37D1200005B0F0BD8D
:105450001B68DB68DE6873689D4226D3331D180025
:105460000393FFF7E7F8B36A002B03D0300018303E
:10547000FFF7E0F81B4BF06A1A68904200D91860F9
:1054800014235843019B311D1818FFF7B1F8029BF4
:10549000F26A1B68DB6A9A4200D301240A4B1A683D
:1054A0001268002AD4D101235B423B60BFE70E4A59
:1054B0000024136801331360C7E70124C5E7C04621
:1054C000A00A0020C00A00200C0B0020080B0020BE
:1054D000AC0A0020380B0020A40A0020980F0020FE
:1054E000B00A0020BC0A0020B40A0020F8B52B4CFA
:1054F0002368002B01D172B6FEE700F081FD23681E
:10550000013B23602468002C04D0002400F084FDBB
:105510002000F8BD224B1B68002BF6D01426012773
:105520001DE0DB68DC682000251D1830FFF782F8DD
:105530002800FFF77FF81B4BE06A1A68904200D9F9
:1055400018607043184B2900C018FFF751F8174B2B
:10555000E26A1B68DB6A9A4201D3154B1F60154B48
:105560001A68002ADDD1002C01D0FFF793FD124DFF
:105570002C68002C0AD00126FFF732FF002801D04A
:105580000B4B1E60013C002CF6D12C60084B1B68B5
:10559000002BBAD000F028FD0124B7E7A00A0020B4
:1055A000C40A0020BC0A0020380B0020980F0020FD
:1055B000B00A0020F40A0020B40A002070B5041ECE
:1055C00002D100F011FD70BD084B1D68002D01D007
:1055D00072B6FEE7FFF7F0FE29002000FFF722FD7C
:1055E000FFF784FF0028ECD0EDE7C046A00A0020BA
:1055F000214B70B51A68214B002A02D001221A6093
:1056000070BD1F4C1A6023681E491B6B1A688A42C2
:1056100008D15968914205D19A688A4202D1DB6863
:10562000934204D0206821683431FDF7C3FE14266C
:10563000154816490268330053435D58002D15D0B4
:10564000CD186E68083376685B186E609E4201D193
:1056500073686B6014235343C9184B68DB6823607D
:10566000026023680A4A54331360C9E7002A01D153
:1056700072B6FEE7013ADEE7A00A0020B00A002079
:10568000980F0020A5A5A5A5BC0A0020380B002076
:105690008C02002010B50C00002801D172B6FEE784
:1056A000044B19681831FEF7AEFF01212000FFF707
:1056B000B9FC10BD980F002070B50B001400002835
:1056C00001D172B6FEE70A4A1268002A01D172B609
:1056D000FEE78021074A090615681943A961116888
:1056E0001831FEF785FF01212000FFF79BFC70BDFC
:1056F000A00A0020980F002070B50C0015000028AB
:1057000001D172B6FEE7074B19681831FEF770FF3A
:10571000002D01D00124644229002000FFF782FC03
:1057200070BDC046980F0020C36870B5DC68002CBF
:1057300001D172B6FEE7250018352800FEF77AFF82
:10574000104B11481B68002B0DD1251D2800FEF7BA
:1057500071FF0E4AE36A11688B4200D9136014206E
:1057600058430B4BC0182900FEF742FF094BE26A71
:105770001B680020DB6A9A4202D9074B013018608F
:1057800070BDC046A00A0020F40A0020BC0A002018
:10579000380B0020980F0020B00A0020164A0B009A
:1057A000126870B5002A01D172B6FEE78021C46884
:1057B000090619430160002C01D172B6FEE7251DD0
:1057C000FEF738FF2800FEF735FF0C4AE36A116840
:1057D0008B4200D9136014205843094B2900C0188C
:1057E000FEF706FF074BE26A1B68DB6A9A4202D9A2
:1057F0000122054B1A6070BDA00A0020BC0A0020DF
:10580000380B0020980F0020B00A0020034B1B68C3
:105810000360034B1B6843607047C046AC0A00201E
:10582000C00A002070B505000C00002801D172B636
:10583000FEE7002901D172B6FEE700F0E1FB0F4B55
:10584000196823685A1C10D00D482E6800686A68D1
:10585000864201D08A420FD9881A83420AD95B1A3C
:105860009B1828002360FFF7D1FF002400F0D4FB31
:10587000200070BD002323600124F7E7C00A002048
:10588000AC0A00200122014B1A607047B00A0020C8
:10589000014B18687047C046980F0020054B012047
:1058A0001B68002B04D0044B186843425841400049
:1058B0007047C046B80A0020A00A0020F8B5041EB0
:1058C00027D01A4DC26A2B68DB6A9A4226D28369B6
:1058D000002B04DB2B68D96A38235B1A83611423FD
:1058E0005343134E62699B199A4213D1271D380006
:1058F000FEF7A0FE2B680F4ADB6A1168E3628B4259
:1059000000D91360142253433900F018FEF770FEDB
:105910000120F8BD2B68DB6AE362F9E72B68C06CF5
:10592000DB6A984280414042F3E7C046980F00206E
:10593000380B0020BC0A002070B5002801D10020DF
:1059400070BD154B1C68844201D072B6FEE7236D12
:10595000002B01D172B6FEE7E16AE26C013B2365E0
:105960009142ECD0002BEAD1251D2800FEF762FE03
:105970003822E36CD21AA261084AE36211688B42B2
:1059800000D9136014205843054B2900C018FEF7B6
:105990002FFE0120D4E7C046980F0020BC0A00204B
:1059A000380B002070B5041E31D0026D002A01D1E1
:1059B00072B6FEE7C36C8B4200D20B00E16A9942DB
:1059C00025D0012A23D1124A1268A24201D172B60F
:1059D000FEE7A269E362002A02DB3822D31AA36140
:1059E00014234B430B4D62695B199A420FD1261D5C
:1059F0003000FEF71FFE084BE26A19688A4200D9A0
:105A00001A60142353433100E818FEF7F1FD70BD0E
:105A1000980F0020380B0020BC0A0020044B1A68A5
:105A2000196890691A683823C96A5B1A93617047CC
:105A3000980F0020044B1A68002A03D019680A6DD9
:105A400001320A6518687047980F002070B506008B
:105A50000D0000F0D5FA154C2368A0331B68002B0D
:105A60000AD101212368A4331970002D04D0280025
:105A7000FFF7D8FA00F0B8FA00F0CEFA00F0C0FA5A
:105A80002368A0331D68002D05D02368002E0AD09E
:105A90000022A0331A6000222368A4331A7000F099
:105AA000BBFA280070BD6A1EA033F3E7980F0020F0
:105AB000F8B504000D0016001F00002801D172B6D1
:105AC000FEE700F09DFA002F03D02300A0331B68EF
:105AD0003B6022000221A43213781170DBB2042E45
:105AE0002DD83000FAF72CFC0803202725002100D0
:105AF000A0310A682A430A60012B2FD1251D2800F6
:105B0000FEF798FD194AE36A11688B4200D91360C9
:105B100014205843164B2900C018FEF769FDA36AEC
:105B2000002B13D072B6FEE72100A0310A680132C3
:105B3000E1E7022B17D02200A0321560DCE722003B
:105B4000A03212680132D7D072B6FEE7094BE26A82
:105B50001B68DB6A9A4201D900F046FA012400F082
:105B60005BFA2000F8BD0024F9E7C046BC0A00201B
:105B7000380B0020980F002010B504004160006130
:105B800091420BD8D21A836901209A4205D2074B61
:105B9000211D1868FEF737FD002010BD9A4202D281
:105BA00001209942F9D2024B211DF2E79810002002
:105BB0009C100020F7B500F023FA104C2568002D4A
:105BC00018D10F4F3800FEF705FD0E4E3000FEF7DE
:105BD00001FD0D4B10211F600C4B0A201E600C4A6A
:105BE0000C4B0095FEF7F3FD2060002802D00A4917
:105BF000FFF748F900F010FAF7BDC04694100020F6
:105C0000B4100020A01000209C100020981000204C
:105C1000EC0F00209C0F0020F159020810B588B04D
:105C2000FFF7C8FF104B1B68002B17D0002407AAF2
:105C300006A905A80594069400F038FD059B0B49BC
:105C40000293069B0A4801930223079A00932300BC
:105C5000FFF7D2FA074B1860A04201D172B6FEE7F7
:105C6000012008B010BDC04694100020F65902086B
:105C7000A55D010890100020F7B507002C200D004D
:105C80000092019300F074FA041E19D0060000235C
:105C9000283633709D4201D172B6FEE7FFF78AFFC6
:105CA000019B2760E361089BA5612362201DFEF72D
:105CB0009CFC009B002B03D00423327813433370E9
:105CC0002000FEBDF0B5170004001A0085B00028C2
:105CD00001D172B6FEE70D4D2E68301E0FD0009137
:105CE0000197029405290CDCFFF7D8FD00230A9ADE
:105CF000022800D01A0069462868FEF7E3FD05B0C7
:105D0000F0BD00236946FEF7B8FEF8E794100020C6
:105D1000F0B587B00590FFF757FB1F4F05003B68B4
:105D2000834223D800232800059A3D60136007B002
:105D3000F0BDDB68DC681A68231D18000392049329
:105D4000FEF778FC236A20009847230004222833BA
:105D50001B7813420AD0A369039AD3189A4210D22F
:105D60000499306863602461FEF74DFC0B4E336884
:105D70001A68002ADDD10A4A1168136031600123D4
:105D8000D1E7002120000B00039A0091FFF79AFF52
:105D90000028EBD172B6FEE78C1000209C1000208A
:105DA00098100020F0B501278BB05A4E3D003368A3
:105DB0001C68002C02D00025DB681C68FFF7FCFA89
:105DC00006A8FFF7A5FF069B0390002B5ED1002DD0
:105DD00049D1A0424CD3FFF789FB3368DB68DE680A
:105DE000301DFEF727FC32000421283213780B42C5
:105DF00013D0B16923003000039A6118FFF7BCFE8D
:105E000000280CD02B002200290030000095FFF75D
:105E100059FF002803D172B6FEE7BB431370300070
:105E2000336A98473C4B0022186806A9FEF7A9FE82
:105E30000028BAD0069B0898002B2ADB089C6369CF
:105E4000002B2DD105A8FFF763FF02000698092853
:105E5000E8D8250028352B78FAF772FA2626265836
:105E60004452262658442D4B1B681D686B425D41E9
:105E7000039B2A00E11A284B1868FFF739F8FFF74F
:105E800035FB0028CED100F0AFF8CBE7FFF72EFBB3
:105E9000C8E7079B09999847069B002BC2DBCDE713
:105EA000201DFEF7C7FBCDE73B432B70079BA16985
:105EB00020005918FFF760FE0028B3D0236A2000A5
:105EC000984704222B781342ACD00021A369079A8B
:105ED0002000D21800910B00FFF7F4FE0028A1D19A
:105EE00072B6FEE73B432B700799A161002901D1EF
:105EF00072B6FEE7130020005118FFF73DFE91E750
:105F00009A0703D4200000F0BBF98BE7BB432B704A
:105F100088E7C0469C1000209410002098100020B4
:105F200010B5041E01D172B6FEE700F069F8E4690D
:105F300000F072F8200010BD1FB514001A000223F3
:105F4000019006485B420093029100236946006875
:105F50000394FEF792FD04B010BDC04694100020DB
:105F6000002382B00193064B1B68013301D072B647
:105F7000FEE772B6019B002BFCD002B07047C04612
:105F800004000020000000000000000000000000ED
:105F90000B4A13681868203080F30988022080F3C8
:105FA0001488BFF36F8F3FBCAE4608BC04BC62B61A
:105FB0001847C046C046C046C046C046C046C04658
:105FC000980F002010B58024031F64041C60043B5C
:105FD00019600349043B1960143B40381A6010BD36
:105FE000615F0108704700008022044B52051A606F
:105FF000BFF34F8FBFF36F8F7047C04604ED00E0D3
:1060000072B6044A136801331360BFF34F8FBFF3B6
:106010006F8F704704000020054A1368002B01D1E0
:1060200072B6FEE7013B1360002B00D162B67047E9
:1060300004000020EFF3108072B6704780F31088E0
:106040007047000000000000000000000000000099
:10605000EFF309800E4B1A6820381060F0C04446F8
:106060004D4656465F46F0C008B572B6FFF7C0FA17
:1060700062B60CBC116808681030F0C8A046A9468A
:10608000B246BB4680F309882038F0C81847C0469E
:10609000980F002010B5FFF7CDFF0400FFF7A0F91F
:1060A000002803D08022034B52051A602000FFF71E
:1060B000C5FF10BD04ED00E00023FA2110B5074A2A
:1060C000074C890023601360064B1868FAF756F9ED
:1060D000054B013818600723236010BD18E000E06D
:1060E00010E000E00000002014E000E0FF220C4B74
:1060F0001204196810B50A431A60FF2200241968B7
:1061000012060A431A60FFF7D7FF064B1C60FFF721
:106110003FFFFFF76DFAFFF723FF200010BDC046D9
:1061200020ED00E00400002030B50F4B1A001B6882
:106130008342FBD354681119884203D1416810008F
:1061400009195160446819000519AB4207D1074984
:1061500009688B4203D059680919416019680160C8
:10616000904200D0106030BDE0100020DC10002014
:10617000F7B50400FFF720F93A4A3B481368002BB3
:106180001ED13A490733194225D0CD189D43C0236B
:106190005B02CB1829005B1B0025354ECB187560C0
:1061A00031600726083BB3431D605D605D1A28C15E
:1061B0001360304B1D60304B1D6080231B06036055
:1061C000036801931C4209D0FFF790F90026FDF700
:1061D000F2F83000FEBDC0235B02DDE7002CF3D0F7
:1061E0002300072108330B4201D08B430833002BD7
:1061F000EAD0214F3D689D42E6D31D490C68606896
:10620000984202D22668002E0ED11268A242DBD03C
:106210000E68226808360A60C21A102A0BD9E018E4
:10622000410704D072B6FEE721003400E7E7426080
:106230006360FFF779FF0F4A63681168ED1A3D60EC
:106240008D4200D21560019A1A43002362600B4A06
:106250002360136801331360FFF748F97307B8D060
:1062600072B6FEE7DC100020C8100020E810002005
:10627000E0100020D4100020D8100020D010002002
:1062800010B5041E1ED0104A083C636812681A42FA
:1062900001D172B6FEE72168002901D072B6FEE78F
:1062A00093436360FFF788F8084A63681168200029
:1062B0005B181360FFF738FF054A1368013313605A
:1062C000FFF714F910BDC046C8100020D8100020F8
:1062D000CC100020044B10B51B68FFF7DFFA012833
:1062E00001D0FFF7D7FE10BD10E000E0EFF305830B
:1062F000002B06D1054B1868002805D101221A6031
:10630000704706204042FBE70120FBE73898012058
:1063100010B5EFF30584002C0ED10A4A1368012B47
:106320000DD10949CB691B021B0ACB610223136003
:10633000FFF702F8200010BD06204042FBE70120D5
:10634000FBE7C0463898012000ED00E010B5EFF300
:106350000583002B02D0FFF73DF810BDFFF734F89E
:10636000FBE7F0B51400002289B005910792EFF326
:106370000582002A29D1002827D0002C2ED0A5691B
:10638000002D05D0691E372903D9100009B0F0BDD2
:10639000182561680022C907F7D466698032002E8B
:1063A00000D0B208A7682168E368002F0FD0A72BA0
:1063B0000BD92469002C08D0002E06D0059B02972B
:1063C00001940095FEF718FF0790079ADDE7002B70
:1063D000FBD12469002CF8D10C0001E018258022A3
:1063E00007A90191059B210092B20095FEF72AFFB3
:1063F0000128EAD000230793E7E710B5EFF3058300
:10640000002B05D1002801D0FFF7D8F8002010BDDF
:1064100006204042FBE7F8B50500EFF30587002FA3
:1064200002D000242000F8BD002824D0466833079D
:10643000F7D40120A968EB680640002913D04F2B40
:10644000EFD9002E00D00420FEF7CBFA041EE8D0CE
:1064500037002D6829002000FEF714FD002FE1D041
:1064600001231C43DEE7002BDBD1002E03D00420E8
:10647000FEF7E4FAEAE70120FEF7E0FA041ED0D0C6
:10648000002DE7D00026E3E70300012210B590437A
:106490000C001A40EFF30581002912D1012B13D90A
:1064A0002100002A0AD0FEF793FC012801D1002028
:1064B00010BD2000431E98410338F9E7FEF7E6FBC4
:1064C000F3E706204042F3E70420FBE70300012145
:1064D00010B588431940EFF30582002A11D1012B32
:1064E00011D9002908D0FEF790FA012801D1002027
:1064F00010BD03204042FBE70B000A00FEF7E2F963
:10650000F3E70620F6E70420F4E7012370B5050061
:106510009D43EFF30584002C09D198420AD9280045
:10652000FEF7C2FC2800FEF7D3FC200070BD062059
:106530004042FBE70420FBE773B50E001500EFF3C4
:10654000058100290BD1002809D0B04207D3002AC9
:106550000AD09368D268002B04D04F2A20D8002498
:10656000200076BD002AFAD101280BD03100FEF7B9
:1065700097F9041EF3D0002D10D129002000FEF75A
:1065800081FCEDE7032200210120FEF751F90EE026
:106590001A003100FEF76FF9041EE0D02D68ECE719
:1065A0000128F5D1032200920A00FEF710F9041E1B
:1065B000D5D0002EDFD000231A001900FEF782F993
:1065C0000128D8D02000FEF783FCC8E713B50C00E3
:1065D000002820D0EFF30583002B14D000291AD116
:1065E00001AA0191FEF70FFC012802D003204042CE
:1065F00003E0019B002B01D1002016BD8022074B38
:1066000052051A60F8E7FEF741FB0128F4D002209A
:10661000002CECD1EAE70420E9E7C04604ED00E0F5
:1066200007B500281DD0EFF30581002912D0002303
:1066300001A90193FEF76AFA012802D00320404223
:1066400007E0019B002B03D08022074B52051A6004
:1066500000200EBD0B000A00FEF734F90128F7D028
:10666000ECE70420EBE7C04604ED00E070B5050060
:10667000EFF30584002C08D1002809D0FEF714FCA4
:106680002800FEF725FC200070BD06204042FBE7F5
:106690000420FBE7034B0360034B0B608023136074
:1066A0007047C0469097012090950120034B0360EE
:1066B000034B0B6080235B0013607047E89401205C
:1066C000E890012070470000012210B50024074B1C
:1066D0005242DA62DC621A631C639A629C625A62FA
:1066E0005C62FFF7EFFF200010BDC04600100240C3
:1066F0008023084A5B00116810B50B430320136028
:10670000FCF78AFE041E03D1FCF766FE200010BDD4
:106710000124FBE700200240034A044B11681B7868
:106720005B1813607047C0463C98012008000020A9
:10673000014B18687047C0463C98012070B50400B2
:10674000FFF7F6FF0500631C02D0044B1B78E4182A
:10675000FFF7EEFF401BA042FAD370BD08000020F7
:10676000034A044913680B40034313607047C04653
:1067700000000140FFF9FFFF80684007C00F70472D
:106780000023F0B585B004000393984200D1F0E0F7
:10679000856D9D4205D1FDF761F823005433E56511
:1067A0001D70802325685B05AA681A4200D1A7E006
:1067B0000022AB680192DB0008D410230126A26DF1
:1067C00001961343A365E36D3343E3652800FFF7A8
:1067D000D3FF1022A36D1340034300D0CCE0A26D81
:1067E000674B20691A400633FF331343A365AB6838
:1067F000DB0761D4276BE1687B1E9F41A368A27E03
:106800000B43217E3F0389030B43617EC9030B4386
:1068100051030B439C46002800DB86E041004908F9
:10682000230066462C331B785B0033433B430B430A
:10683000611CC97F012905D1002A00D078E080229F
:1068400052021343626A002A05D0E02149000A403F
:10685000A16A0A431343EA684A490A401343EB60BA
:10686000230062683C33E16C1B78970FBF079C469E
:106870003943012B08D1236C666C33430B43A16C65
:106880000B4361463B4319432B693F4F3B400B434E
:1068900080212B6153005B08C9058B420CD08023FB
:1068A0001B069A4208D03949394F0B683B40F02704
:1068B000BF033A4013430B60072170276B69626B7B
:1068C0008B4313436B616969A36BB9431B010B4392
:1068D0006B61002834D11023A96A5B420B43AB6281
:1068E00007216B690B409A4239D10023E365A26D01
:1068F00003339A43023B1343A365019805B0F0BDEF
:10690000AA6824490A401343AB60234B2349186803
:10691000F9F734FD013040000390039B002B00D1B8
:1069200046E7039B013B0393F7E78021890377E761
:106930002022A76D3A43A265E26D1143E16581E72C
:1069400080239B039842CBD11C21AB6AE369013BB6
:106950009B000B402C3999400B00216EBEE712239F
:10696000A26D9A43023B1343A3650123E26D1343D7
:10697000E36501230193C0E7A36D1A43A265F8E71D
:10698000FDFEFFFF0102DEFF02FCFF1F08270140A2
:10699000FFFFC3FFE8FFFF6F00000020400D030072
:1069A000F7B5466904000F00082E0AD003680120DD
:1069B000DB680426034204D02023A26D1343A365A1
:1069C000FEBDFFF7B5FE019025682B681E4224D05E
:1069D0008023A26D9B001343A365C023EA681B01BB
:1069E0001A4215D1A37E002B12D12B681B070FD59D
:1069F0002800FFF7C1FE002827D10C226B689343C3
:106A00006B60A26D174B1A400433FF331343A36529
:106A1000237E002B22D00020D2E77B1CD5D0FFF7AD
:106A200087FE019BC01AB84201D8002FCCD132009A
:106A300023681B681A401E42C6D10423A16D54343A
:106A40000B43636003202270BAE72023A26D134337
:106A5000A3650123E26D1343E365D9E70C232B60A3
:106A6000D9E7C046FEFEFFFF0368186C7047704709
:106A700010B5806AFFF7FBFF10BD70474023806AA6
:106A800010B5826D134383650423C26D1343C36540
:106A90000AF0FEF810BD0000502370B5846AA26DA4
:106AA0001A422DD1A26DB133FF331343A365C02326
:106AB00025681B01EA681A4215D1A37E002B12D16A
:106AC0002B681B070FD52800FFF756FE00280ED1B4
:106AD0000C226B6893436B60A26D0F4B1A4004331A
:106AE000FF331343A36520000AF0C6F870BD2023CE
:106AF000A26D1343A3650123E26D1343E365F2E73F
:106B0000A36DDB0603D520000AF0C2F8EEE7236D83
:106B10005B6B9847EAE7C046FEFEFFFFF8B50368E7
:106B200004001E685D6802231E420FD01D420DD076
:106B3000836DDB0604D48023826D1B0113438365C0
:106B4000200000F073FC022223681A6004231E4216
:106B500001D01D4204D108231E422BD01D4229D052
:106B6000A36DDB0604D48023A26D9B001343A365B1
:106B7000C02327681B01FA681A4215D1A37E002B97
:106B800012D13B681B070FD53800FFF7F5FD002831
:106B900066D10C227B6893437B60A26D354B1A4013
:106BA0000433FF331343A36520000AF065F80C2279
:106BB00023681A6080273E420BD03D4209D08023D3
:106BC000A26D5B021343A3652000FFF756FF236805
:106BD0001F6080277F003E420BD03D4209D08023BA
:106BE000A26D9B021343A365200000F01DFC2368E7
:106BF0001F608027BF003E420BD03D4209D080235A
:106C0000A26DDB021343A365200000F00EFC236895
:106C10001F6010231E4217D01D4215D0236B002B7E
:106C200003D02368DB689B070BD08023A26DDB00B9
:106C30001343A3650223E26D20001343E3650AF0CA
:106C400027F8102223681A608027BF013E4206D031
:106C50003D4204D0200000F0EAFB23681F60F8BD2D
:106C60002023A26D1343A3650123E26D1343E36563
:106C70009AE7C046FEFEFFFF0023F0B585B0039300
:106C80000300009154331A7804000220012A4DD0E9
:106C9000012227691A7025682800FFF76DFD00287A
:106CA00000D0F7E0009B04225B6880219C4697435C
:106CB0006246009B09061B68022A00D1BEE05A0307
:106CC000520B8F4234D1A96A0A43AA62009A6869BA
:106CD00092681902724E0A403240884302436A6148
:106CE000002B1FDAE0216F4A6F48156849042940DC
:106CF000834200D08CE080200004054212D113684A
:106D00006A4D2B400B431843694B10601868694962
:106D1000F9F734FB431C0C2058430390039B002BD2
:106D200000D071E0002000235434237005B0F0BD82
:106D30001F2167460F401039B940CE430196266E99
:106D40008E433100002A12D1980E1F321040B840F5
:106D5000624608439208E169013220668A42B5D84A
:106D6000A96A01989A00120FBA400140ACE70122CB
:106D70001342ECD19218134224D10426334223D17A
:106D80001A0723D4DA0623D49A0623D45A0623D426
:106D90001A0623D4DA0523D49A0523D45A0523D41A
:106DA0001A0523D4DA0423D49A0423D45A0423D40E
:106DB0001A0423D4DA0323D49A0323D45A03C6D55E
:106DC0001220C4E70120C2E71000C0E70320BEE79D
:106DD0000420BCE70520BAE70620B8E70720B6E79D
:106DE0000820B4E70920B2E70A20B0E70B20AEE79D
:106DF0000C20ACE70D20AAE70E20A8E70F20A6E79D
:106E00001020A4E71120A2E7039B013B039385E731
:106E1000294883420BD180204004054200D081E7FD
:106E20001368224D2B400B43184310607AE7234828
:106E3000834200D076E78020C003EEE78F4204D182
:106E4000AA6A5903490B8A43AA62002B00DB69E74F
:106E5000144A15481168834208D1A02310685B04C6
:106E60000B40124901400B4313605BE71248834219
:106E700003D1C02310681B04F2E71048834200D0FE
:106E800050E7C020400413680140084803401943FC
:106E9000116047E72023A26D01201343A36542E759
:106EA00000FFFF0708270140001000B0FFFF3FFE72
:106EB00000000020400D0300004000B8002000B496
:106EC000C06D704770B5056804002800FFF754FCDA
:106ED000002801D1002070BDAB689B0705D4AA68CB
:106EE0000F4B1A4010231343AB60FFF721FC04261D
:106EF000050023689B683342ECD0FFF719FC401B68
:106F00000228F6D923689B683342F2D0102301206F
:106F1000A26D1343A365E36D0343E365DBE7C0465E
:106F2000E8FFFF7F0023F7B5026801939168013302
:106F30000400194201D00020FEBD90682249084299
:106F400008D01022A16D0A43A265E26D134301200F
:106F5000E365F1E791681D4F39400B4393601C4B8B
:106F60001B681B0221D4637E012BE4D0FFF7E0FBFA
:106F700001250600226813682B42DCD193682B425E
:106F800003D193683B402B439360FFF7D1FB801BF9
:106F90000228EFD923681B682B42EBD11023A26D86
:106FA0001343A365E36D2B43D1E70A4B0A491868E5
:106FB000F9F7E4F901300190019B002BD3D0019B3C
:106FC000013B0193F8E7C04617000080E8FFFF7F10
:106FD0000827014000000020400D030070B50400A8
:106FE0000068FFF7C9FB06000220002E1DD1250016
:106FF00054352B78012B18D0012320002B70FFF77C
:1070000091FF002812D1A26D094B1A4080235B002A
:1070100013431C22A3652368E0651A6028709968F1
:10702000044A114004220A439A6070BD2E70FCE7A6
:10703000FEF0FFFFE8FFFF7FF7B5056804002800BA
:107040000E000192FFF798FB022300283FD1270092
:1070500054373A78012A3AD0013B3B70EA681A4229
:107060000CD1AA681A4205D0AA681A4B1A4002230A
:107070001343AB600123EA681343EB602000FFF782
:1070800051FF031E23D1A16D134A114080225200EB
:107090000A43A265E065114A206D2168C262104A68
:1070A0000263104A42631C220A603B704A68103334
:1070B00013434B603200019B403100F0F3FB0300AF
:1070C0002068044A8168114004220A438260180043
:1070D000FEBDC046E8FFFF7FFEF0FFFF996A010892
:1070E000716A01087D6A01080122036870B5040015
:1070F00098689968114201D1002070BD02210842B0
:10710000FAD105209D680540012D1ED19A681348CB
:1071100002401143032299601A60FFF709FB060041
:1071200023689B682B42E7D0FFF702FB801B0228F5
:10713000F6D923689B682B42F2D01023A26D13432B
:10714000A365E36D2B43E36506E01023A16D0B43BC
:10715000A365E36D1A43E2650120CEE7E8FFFF7FF8
:1071600070B504000125002840D00223826D13432E
:107170008365FFF7A7FE051E0BD12000FFF7B4FFC4
:10718000051E01D10123A3652268194993680B40AC
:107190009360236817495A6800260A405A60164AC5
:1071A00016491A60DA6820000A400721DA605A6935
:1071B00054348A435A619A6A9E621A6A10490A4094
:1071C0001A625A6A0A405A62DA6A0A40DA621A692C
:1071D0000C49920092081A610B4A13680B40136025
:1071E000FCF7A0FBA660E66066602670280070BD14
:1071F000E8FFFF6F60FCFFFF9F03000000021E839B
:1072000000F000F0FFFF03FE0827014070B5060004
:107210005436337804000220012B12D001252000BF
:107220003570FFF74FFE002809D12000FFF75CFF03
:10723000002804D1A36D034A13401D43A565002314
:10724000337070BDFEFEFFFF70B506005436337814
:1072500005000224012B25D001233370FFF732FEF5
:10726000041E1DD1286D831DDB7F022B07D100F08A
:1072700061FB041E03D04023AA6D1343AB651021AC
:107280002A68280053688B435360002C0CD1FFF709
:107290002BFF041E0BD001212A68D3688B43D360D7
:1072A00000233370200070BDFFF71EFFF3E7AA6DC7
:1072B000034B1A400433FF331343AB65EBE7C0467F
:1072C000FEFEFFFFF0B500230500022285B0029309
:1072D00054352B7804000092012B3ED001262E70ED
:1072E000FFF702FF2368009099680A00324031429C
:1072F00006D01023A26D1343A36500232B702CE04E
:107300008026A06D4249360608400631FF31014310
:10731000A165D8683F49B44608400190D9683E4805
:1073200001400820D9603D4967469E680E403E43B3
:107330009E609E68002E13DA029E01360296029F1E
:10734000374EB742F5D91223A26D9A43023B13433D
:10735000A36500232B7001230093009805B0F0BDB6
:107360001E007F27B436366801383E409219002847
:10737000DAD101269868D20808403043986080200E
:107380001F69C00587421CD31E007F27B4363068B2
:10739000B843104330609A680126114002220A4324
:1073A0009A60FFF7C5F9070023689A6832421ED138
:1073B000DA6801990A43DA600322A36D93433343E9
:1073C0009AE718480768F02080033840E0277F03D9
:1073D000B842D9D3800C03388640039603984008FE
:1073E000039003980028CFD003980138F8E7FFF7FF
:1073F0009FF9C01B0228D7D923689B683342D3D09A
:107400001023A26D1343A365E36D3343E365A2E745
:10741000FDFEFFFF03800000FC7FFFFFE8FFFF7F12
:10742000FFF102000827014070477047704770471E
:1074300010B5FF2403220B0021000240D20091402E
:107440009B012340C943934000280ADBC0240B4A18
:10745000800880008018A40002590A401343035199
:1074600010BD0F2210400838054A8008800080189F
:10747000C26911401943C161F2E7C04600E100E072
:1074800000ED00E0002805DB1F2318401E3B834071
:10749000014A13607047C04600E100E0002809DBA4
:1074A0001F2318401E3B8340034AD367BFF34F8F0F
:1074B000BFF36F8F7047C04604E100E00B00F7B5E3
:1074C0009608B600741805680194019CA3420BD17C
:1074D000032714003C403A4203D0895D012C10D1AF
:1074E000297003681868FEBD1C785F7824063F0485
:1074F0003C43DF783C439F7804333F023C432C609D
:10750000E3E75A7809020A432A80022CE9D09B78E3
:107510002B70E6E7F0B50D00002600685408B44271
:1075200006D1D20702D5A400635A03800068F0BDDB
:107530002B886F881B043B43036001360435EEE75C
:1075400010B5041E01D1012010BD437FDAB2002B1B
:1075500002D10277FCF720FA022363772379002B0C
:107560001CD118212368124A5A619A688A439A608A
:1075700062792368002A19D1013A60211A619A6858
:1075800000208A4361690A4380219A609A688A438D
:10759000A1690A439A6001236377D5E72000E26876
:1075A000A16800F04BF80028E2D0CCE72269E4E7BC
:1075B000B71DC104022310B54377036A0400022BF0
:1075C00014D0032B06D00020012B09D12000FFF797
:1075D00075FF05E0920003688A18914203D118688C
:1075E0000123637710BD01C91860F6E7FFF792FF2A
:1075F000F6E7022370B543770400036801209D6815
:1076000028439860206A022814D0032805D0012856
:107610000CD000200123637770BD92008A1891423C
:1076200001D11868F6E701C91860F8E72000FFF7F4
:1076300045FFEFE72000FFF76DFFEBE730B50125D1
:107640000400280029420FD01F23013B22D3080049
:10765000D8402842F9D0102A15D0102A05D8002A7F
:1076600008D00120082A12D030BD0120182AFBD1F1
:10767000062BF9D820684161182183688B43134396
:1076800083600020F0E70120072BF3D9ECE70F2BF4
:10769000EAD8EFE70120102ADFD1E5E770B5C46C26
:1076A000056D6560446D002C02D0846DC56D65600C
:1076B0001C24456C066C25401B3CAC40746004687F
:1076C00063608368102B02D1A260E16070BDA1608D
:1076D000E260FBE770B50668446C0500F0B2142167
:1076E0000838F8F74BFE0A4BA408A4009E420AD8BB
:1076F000084BE418084BAC64EB641F2318401E3B96
:1077000083402B6570BD054B0730E418F2E7C04697
:107710000704024000080240800802401C080240A2
:10772000F8B504000120002C4BD025682B4B142108
:107730009D4247D82A4BE818F8F720FE294B8000D5
:1077400023640223A61D6064F3772B68264AA7688A
:1077500013402B60E36821693B430B4361692A684E
:107760000B43A16920000B43E1690B43216A0B43E2
:1077700013432B60FFF7AEFF8023DB019F4201D153
:10778000002363607F236268A16C13400B60206D4F
:10779000E16C013A4860032A1BD8144A144899182E
:1077A0000122013B9A40E2651300002289006165D5
:1077B000A0650A60436000200123E0630534F3778D
:1077C000E077F8BD0B4BE818F8F7D8FD0A4B8000BE
:1077D000B6E700236365A365E365ECE707040240B1
:1077E000F8FFFDBF000002400F80FFFF3F82001046
:1077F00040090240F8FBFDBF00040240012270B5C1
:1078000004001000002C37D02668142133689343FD
:1078100033601D4B9E4230D81C4BF018F8F7AEFD7C
:107820001B4B80000025606423641C223560012608
:1078300010403200824020005A60FFF74BFFA36CDB
:10784000226D1D60E36C5A6063685A1E032A06D8D5
:10785000964010495B189B001D600F4B5E60002036
:10786000A31D6065A065E065E06220636063A063BE
:10787000E0630534D877E07770BD084BF018F8F76F
:107880007DFD074B8000CDE707040240F8FFFDBFF8
:10789000000002403F82001040090240F8FBFDBF9B
:1078A00000040240F7B5451D0193EE7F040002205D
:1078B000012E33D00138E877A71DFE7FB44663461A
:1078C000F6B200960026834230D10130F877256861
:1078D000E6632868009B98432860019B2000FFF71F
:1078E000DDFE236BB3421AD00E232A6813432B60AC
:1078F000A36C1A68D20304D58022196852000A4387
:107900001A60636D002B04D08022196852000A436C
:107910001A60012300202A6813432B60FEBD042255
:107920002B6893432B602A680A23DFE78023E363F5
:10793000EE77F3E7F0B5002808D0841DE37F411D02
:10794000022B05D00423C3630023CB770120F0BDB5
:107950000E250268866C13681C27AB4313603368DE
:107960000E4D2B403360012316689E431660426C17
:10797000066C3A409340026D7360C36C5A60436D6D
:10798000002B05D01A682A401A60836DC26D5A60B8
:1079900001230020E377C877D9E7C046FFFEFFFF49
:1079A00070B5811DCB7F022B03D00423C36301205C
:1079B00070BD0E2402681C261368856CA3431360F7
:1079C000012314689C4314602A680F4C22402A60EB
:1079D000426C056C32409340026D6B60C36C5A6020
:1079E000436D002B05D01A6822401A60836DC26D6A
:1079F0005A6001230022CB77431DDA77836B9342D1
:107A000000D098470020D3E7FFFEFFFFF8B51C2603
:107A10000427426C016C32403E0096400D680368BA
:107A20001C6835420DD03C420BD01A68920602D435
:107A30001A68BA431A60036B4E60002B1DD098473A
:107A40001BE002273E009640354219D03C4217D039
:107A50001A68920606D40A211A688A431A600939FC
:107A6000821DD177124A934208D9124B00225E60E0
:107A7000431DDA77C36A9342E1D1F8BD0E4BF5E7B7
:107A80000826370097403D42F7D03442F5D00E2506
:107A90001C68AC431C6001231C009440821D4C6098
:107AA000C363D3770022431DDA77436BE3E7C04615
:107AB000800002400004024000000240C06B70479A
:107AC0000020054B5A69824205DA044A9A60044A4A
:107AD0009A605869C00F7047002002402301674533
:107AE000AB89EFCDF8B50400FEF722FEC0270600F3
:107AF000BF02144D2B693B4216D12A69124B11006B
:107B00001248194028611A4217D18027FF022B69B9
:107B1000180038403B420FD0631CF8D0FEF708FE37
:107B2000801BA042F3D306E0631CE3D0FEF700FE07
:107B3000801BA042DDD30320F8BD054B0120596016
:107B4000FAE7C04600200240FA830000FB830800E9
:107B500040980120F7B5174E0193337804000D00CB
:107B600002200092012B1ED00123FA203370002343
:107B700080007360FFF7B6FF002812D10E4F012C72
:107B800012D17B6923437B61009B2B60BFF36F8F16
:107B9000019B6B60FA208000FFF7A4FF7B69A34381
:107BA0007B6100233370FEBD280000990DF0A8FE14
:107BB000F0E7C0464098012000200240FA2010B5AE
:107BC0008000FFF78FFF8022044B120659690A4399
:107BD0005A615869C043C00F10BDC0460020024022
:107BE000084A536904280AD00748034080208001CE
:107BF0000343C9001943054B0B43536170470448C5
:107C00000340F6E70020024007E0FFFF020001000A
:107C100007C0FFFFF7B5224F05003B780224019112
:107C2000012B1BD00123FA203B70002380007B60D6
:107C3000FFF758FF041E0FD12B68042B10D11949F0
:107C40006B684A69FA201A4380235B0213434B6135
:107C50008000FFF747FF040000233B702000FEBDBB
:107C60000123019A5B421360AE68AB68EA689B1817
:107C7000B3420CD968683100FFF7B2FFFA208000E8
:107C8000FFF730FF002808D00400019B1E6002218E
:107C9000044A53698B435361DEE70136E5E7C0468A
:107CA00040980120002002400023F0B585B00A680A
:107CB0001400DC4001D105B0F0BD012514009D4049
:107CC0002C4000942A4200D195E04A685F00944617
:107CD0000322644622400324BC40E4430194541E22
:107CE000012C2ED88668019C2640CC68BC403443C9
:107CF000846044680126AC4325006446240934406E
:107D00009C402C434460C568019C25408C68BC4065
:107D10002C43C460022A16D107250F261D40AD0052
:107D2000AE40DC08A40004190294246A03962600DD
:107D3000039CA64334000E69AE402643029C266293
:107D400001E0032ADFD1BA400468019D25402A439F
:107D5000C02402606246A40222424CD0274A032576
:107D60009C08A400A4180F221D40ED00AA40A027E3
:107D7000266EFF0596430022B84210D0204F0132F4
:107D8000B8420CD01F4F0132B84208D01E4F01320A
:107D9000B84204D01D4A8218571EBA410432AA4084
:107DA000674632432266154C009A2668009DD243EE
:107DB0003543FF0201D435001540674625606668EB
:107DC000009D3543BF0201D435001540674665600C
:107DD0000F4C009DE66F3543BF0301D435001540BD
:107DE0006746E5670B4C009EE56F2E43FF0301D409
:107DF00015402E00E667013359E7C04600180240DF
:107E00000004005000080050000C005000F0FFAFCC
:107E10000818024004180240F0B500220F0085B097
:107E20003B00D34001D105B0F0BD012393401C00BD
:107E300001933C401F4257D02C4B032591088900E9
:107E4000C9180F231540ED00AB400E6E02931E4083
:107E50000396A0260023F605B04213D0244B9C467F
:107E6000012360450ED0234B9C460223604509D078
:107E7000214B9C460323604504D0204BC3185E1E53
:107E8000B3410433AB40039DAB4212D11C4E174BA0
:107E9000F56FA543F5671B4EF56FA543F5675D6864
:107EA000A5435D601D68A5431D600B6E029CA34346
:107EB0000B66032451008C4007210F2611408900D6
:107EC0008E400368019923430360D3089B00C318C5
:107ED0001D6AB5431D628368A343836043688B4377
:107EE0004360C368A343C360013299E700180240AE
:107EF0000004005000080050000C005000F0FFAFDC
:107F0000041802400818024000690840431E9841C6
:107F1000C0B27047002A01D0816170478162FCE7DE
:107F2000426913000B401B0491430B43836170476C
:107F300070B5084D0400EB68184202D0E86008F004
:107F4000B3FE2B69234203D020002C6108F0C2FE4F
:107F500070BDC0460018024070B504000120002C1E
:107F600016D02368124A07261A60124A1A606268FD
:107F70005A60A2689A60FEF7DBFB05002368DA68A6
:107F8000324206D11969E26891420DD01A6100208F
:107F900070BDFEF7CDFB401B3128EFD92368DB68AD
:107FA0003342EBD00320F3E7034A1A60EFE7C04601
:107FB000CCCC000055550000AAAA00000368024A74
:107FC00000201A607047C046AAAA00008023034A16
:107FD0005B0011680B4313607047C046007000409F
:107FE00010B5114C1149236802000B400343236074
:107FF000802300209B009A420ED10D4B0D4918683A
:1080000006235843F8F7BAF98022431CD20061696D
:1080100008001040114200D110BD002B01D0013BDF
:10802000F5E70320F8E7C04600700040FFF9FFFFC6
:108030000000002040420F0070B5FEF779FB80235E
:1080400080260500244C5B002268F6001343236061
:10805000236833422BD08023DB016360FEF768FB8B
:10806000002305003826A360A368334226D180236D
:108070005B0023602360FEF75BFB80260500B604EF
:1080800023681A00324033421FD180235B01E36032
:1080900001235B42A2612362104A114B1A60114B0B
:1080A0001868FBF7B9F9431E9841C0B205E0FEF726
:1080B0003FFB401B0228CBD9032070BDFEF738FBE5
:1080C000094B401B9842CFD9F6E7FEF731FB401B26
:1080D0000228D5D9F0E7C046001002400024F40081
:1080E000000000200C00002088130000F0B5040000
:1080F00085B0002802D1012005B0F0BD0368DB0780
:1081000010D423689B075CD423681B0700D5C1E00B
:1081100023685B0700D5F2E0E369002B00D079E12A
:108120000020E9E73822AF4DAB681340EA68102B16
:1081300009D1D3439B0708D12B689B03E1D5636822
:10814000002BDED1D7E7082BF6D0802263685202DD
:10815000934211D12A6813432B60FEF7E9FA802776
:108160000600BF022B683B42CBD1FEF7E1FA801B31
:108170006428F7D90320BFE7A021C9028B4208D1A8
:1081800080232968DB020B432B602B681A432A608B
:10819000E3E72A6894490A402A602A6893490A401A
:1081A0002A60002BD9D1FEF7C3FA80270600BF0250
:1081B0002B683B42A5D0FEF7BBFA801B6428F7D999
:1081C000D8E73822874DAB681340EA68102B28D1D6
:1081D00003210A40022A26D12A68520503D5E26803
:1081E000002A00D187E7696862698148120201406C
:1081F0000A436A60002B0CD12B687E4A7E491340EB
:10820000226913432B602B687C4A9B045B0FDA4086
:108210000A607B4B1868FBF7FFF8002800D173E772
:1082200069E7002BD8D0E368002B20D02B68714A77
:10823000802713402269FF0013432B6080232A68A4
:108240005B0013432B60FEF773FA06002B683B427A
:1082500007D06A68636966491B020A4013436B6072
:1082600052E7FEF765FA801B0228EFD982E72B68F8
:10827000644A802713402B60FEF75AFA0600FF007D
:108280002B683B4200D13FE7FEF752FA801B0228E1
:10829000F6D96FE73822534DAB681340182B08D13D
:1082A0002B6E9B0700D433E7A369002B00D02FE788
:1082B00021E7A2690123002A10D02A6E0227134366
:1082C0002B66FEF735FA06002B6E3B4200D01FE707
:1082D000FEF72EFA801B0228F6D94BE72A6E0227FA
:1082E0009A432A66FEF724FA06002B6E3B4200D121
:1082F0000EE7FEF71DFA801B0228F6D93AE738226E
:10830000384DAB681340202B08D1EB6D9B0700D490
:1083100002E7A368002B00D0FEE6ECE680220021F5
:10832000EB6B52050091134208D1EB6B1343EB63E7
:10833000EB6B13400393039B012300938027324E82
:108340007F0033683B4215D0A368012B22D1EA6D30
:108350001343EB65FEF7ECF902270600EB6D3B4299
:1083600038D0009B012B00D0D6E6EB6B274A134098
:10837000EB63D1E633683B433360FEF7D9F90190F4
:1083800033683B42E0D1FEF7D3F9019BC01A0228C3
:10839000F6D9EFE6EA6D052B05D1013B1343EB65FA
:1083A000EA6D0123D4E701218A43EA65EA6D0331CE
:1083B0008A43EA65002BCDD1FEF7BAF90227060001
:1083C000EB6D3B42CDD0FEF7B3F9114B801B9842C9
:1083D000F6D9CFE6FEF7ACF90D4B801B9842BDD91C
:1083E000C8E6C04600100240FFFFFEFFFFFFFBFF94
:1083F000FF80FFFFFFC7FFFF000000200024F40004
:108400000C000020FFFEFFFF00700040FFFFFFEFA9
:10841000881300003821434DAA680A40102A53D01F
:10842000414A022B3AD12B68802713402B60FEF77C
:108430007FF90600BF042B683B4229D1616A236A99
:10844000EA680B43394980260A401343E26AB604BE
:108450001343226B1343626B1343A26A120213434A
:10846000EB6080232A685B0413432B608023EA6857
:108470005B051343EB60FEF75BF904002B683342A6
:1084800000D04DE6FEF754F9001B0228F6D971E63C
:10849000FEF74EF9801B0228CDD96BE62B688026AB
:1084A00013402B60FEF744F90400B6042B683342F6
:1084B00004D1EB681E4A1340EB6031E6FEF738F951
:1084C000001B0228F2D955E6012B00D113E6032246
:1084D000E868216A02408A4200D00CE67022616A94
:1084E00002408A4200D006E6FE21A26AC90101408C
:1084F0001202914200D0FEE5F822E16A92030240A6
:108500008A4200D0F7E5E022216B120502408A4240
:1085100000D0F0E5636B400F4007C01A431E98413E
:10852000C0B2E9E500100240FFFFFFFE8C80C111E0
:10853000FCFFFEEE382370B51D4CA2681A4205D12F
:1085400023681C489B045B0FD84070BDA2681A408A
:10855000082A27D0A2681A40102A17D1E368E168D8
:10856000DB43E5684906490F6F322D0A013115409A
:108570009B0709D11048F7F701FFE1686843490FED
:108580000131F7F7FBFEE0E70A48F4E7A2681A407A
:10859000202A09D0A26800201340182BD5D1FA2038
:1085A000C001D2E70448D0E780200002CDE7C046F2
:1085B000001002400024F40000366E01F7B50400FC
:1085C0000D00002801D10120FEBD0727484E336869
:1085D0003B408B422AD3226893073BD4D20748D42E
:1085E000072733683B40AB420AD93368BB432B4370
:1085F0003360FEF79DF8019033683B40AB4268D191
:1086000023683C4D5B076CD4FFF794FFAB683A4995
:108610001B051B0F9B005B581F210B40D840374A9E
:10862000374B10601868FAF7F7FECDE73368BB43A5
:108630000B433360FEF77CF8019033683B40AB425C
:10864000C9D0FEF775F8019BC01A2E4B9842F4D999
:108650000320B9E72749530704D5E0238868DB01E5
:1086600003438B608B6828480340A06803438B60FA
:10867000B4E760681F4F032829D8F7F761FE20028E
:108680001C243B689B039ED50722BB68934303438E
:10869000BB60FEF74DF801903823BA681A40636852
:1086A000DB009A429CD0FEF743F8019BC01A154BA1
:1086B0009842F1D9CCE73B689B01E5D483E73B685E
:1086C0005B05E1D47FE73B6E9B07DDD47BE7FB6D69
:1086D000FAE7FEF72DF8019BC01A0A4B98428BD996
:1086E000B6E7AB68094A1340E2681343AB608BE717
:1086F0000020024000100240BC820208000000205E
:108700000C00002088130000FFF0FFFFFF8FFFFF29
:10871000064B07499B68074A5B045B0F9B005B584D
:108720001F2110680B40D8407047C046001002401F
:108730009C82020800000020072230B5F025094B7A
:1087400002609C682D01144044609C682C40846049
:10875000E0249B68E4012340C360034B1B68134083
:108760000B6030BD0010024000200240F0B50368ED
:10877000050085B000209B0352D58022664C52052F
:10878000E36B0090134208D1E36B1343E363E36BA5
:1087900013400393039B0123009380275F4E7F00C8
:1087A00033683B433360FDF7C3FF019033683B42BE
:1087B00028D0E26DC02310009B00696A584E184013
:1087C0001A4218D0814216D08022E36DE06D190064
:1087D00052020243E265E26D524831400240E265D6
:1087E000E165DB0707D5FDF7A3FF07000222E36D74
:1087F000134200D188E0E36D6A6A334013430020DE
:10880000E36506E0FDF794FF019BC01A0228CDD96D
:108810000320009B012B03D1E36B434A1340E36326
:108820002B68DA0706D503243B494A6DA2436C68DE
:1088300022434A659A0706D50C2437494A6DA2435C
:10884000AC6822434A655A0706D5302432494A6D3E
:10885000A243EC6822434A659A0606D52E49334C5A
:108860004A6D22402C6922434A655A0606D52A4998
:108870002F4C4A6D22406C6922434A655A040FD539
:1088800025492C6A4A6D9200920822434A6580224B
:10889000D205944204D18022CC6852022243CA609D
:1088A0001A050DD503261C49AC698A6DB2432243D3
:1088B0008A65012C04D18022CC6852022243CA600E
:1088C0009A040DD50C261449EC698A6DB2432243F3
:1088D0008A65042C04D18022CC6852022243CA60EB
:1088E000802149040B420DD00B4AAC6A936D0F4DA9
:1088F0002B402343936580239B019C4202D1D36884
:108900001943D16005B0F0BDFDF712FF094BC01B44
:10891000984200D86AE77BE70010024000700040F0
:10892000FFFCFFFFFFFFFEFFFFFFFFEFFFCFFFFF9B
:10893000FF3FFFFF88130000F8B50B4A03680400EF
:10894000DA60FDF7F5FEFA2705002026BF00236850
:10895000DB68334201D00020F8BDFDF7E9FE401B83
:10896000B842F4D90320F7E75F000100F7B54026CD
:1089700003680500DA680024324211D18022D968E8
:10898000FA270A43DA60FDF7D3FEBF0000902B6898
:10899000DB681A0032400192334201D1032C01D12D
:1089A0002000FEBDFDF7C4FE009B019CC01AB8422A
:1089B000EDD92B00032429331C70E8E7802270B521
:1089C0000F4C0500E3689343E360A369603A1342E8
:1089D00007D1FFF7B1FF002802D003202935287006
:1089E00070BDA3699343A361FFF7A6FF002802D0DF
:1089F0000320293528702023A2691343A361EFE7E0
:108A00000028004070B504000120002C17D025007C
:108A100029352B78DAB2002B08D1230028331A70BD
:108A200088231B0220006360FBF7CAF802232B7027
:108A30002368DA68D20603D5012300202B7070BDAD
:108A4000CA225A62773A20005A62FFF78FFF002845
:108A500025D1236815499A6960690A409A61A2681C
:108A600099690243E06902430A439A61226920003E
:108A70001A61E268196912040A431A61FFF79EFF3E
:108A800000280CD12268266A9369DB00DB08936119
:108A9000636A91693343A66933430B439361FF22B1
:108AA00023685A620028C7D0C9E7C046BFFF8FFBC2
:108AB0000023092803D81B011843C0B270470A38A5
:108AC0000133C0B2F5E700000300F0B5283385B0EC
:108AD000019317001A78022305000C001800012AE0
:108AE0004AD00122019928000A702A002932137005
:108AF0000292CA222B685A62773A5A62FFF736FF0F
:108B000000282ED162782E680392B26940231100AA
:108B100020781940002F31D11A4200D1E170FFF7BF
:108B2000C7FF07000398FFF7C3FF0390A078FFF784
:108B3000BFFFE278039B920510433F0438431B02BA
:108B40001843144B144A18403060B369216913402C
:108B5000B361E368B2690B4313432800B361FFF7C5
:108B60002DFFFF222B685A62002802D10123029AAE
:108B700013700023019A137005B0F0BD1A4200D1A2
:108B8000E170039B00041B021843A3781843E378A9
:108B90009B05D5E77F7F7F00FFFFFBFFF0B5060059
:108BA000022328360D003178040085B01800012911
:108BB0002DD027000121293731703B70A978E87842
:108BC0006B780191297849030291002A21D0019AFA
:108BD00005040D4315431B02CA221D4323682000D0
:108BE0005A62773A5A62FFF7C1FE002806D1144A4A
:108BF0002368154020005D60FFF7E0FEFF22236838
:108C00005A62002801D101233B700023337005B064
:108C1000F0BD1022134202D093430A336B70FFF76A
:108C200047FF03906878FFF743FF05000198FFF7BF
:108C30003FFF039B029A1B04104303432D02CBE723
:108C40003FFFFF00030902000A200F2158430A409A
:108C50008018C0B27047000070B50C0001688B68C6
:108C600063600B695B045B0CA3600B680D490B40F0
:108C700098021D0ADEB2800EEDB29B0D2070657069
:108C8000A670E370002A0AD1FFF7DCFF20702800ED
:108C9000FFF7D8FF60703000FFF7D4FFA07000200E
:108CA00070BDC0467F7F7F0070B50C0003680E4921
:108CB0005B680B40180CDD04DEB21B04ED0E5B0F8D
:108CC000E0706570A6702370002A0AD1FFF7BAFF22
:108CD000E0702800FFF7B6FF60703000FFF7B2FFCA
:108CE000A070002070BDC0463FFFFF0009C81B18E0
:108CF0000133FF338900C9180A6070470CC89B18FC
:108D00000133FF338900C91808687047F0B50E00B9
:108D100085B015000400FDF70BFDAD192D1AFDF708
:108D200007FD8027254B01901B685B011B0D6B43E2
:108D3000039322689368180038403B4232D0731C7A
:108D4000F8D0FDF7F5FC019BC01AA8422CD3E02116
:108D500023685A688A435A608222616852009142AD
:108D60000CD18021A26809028A4203D08021C90067
:108D70008A4203D140211A688A431A608021A26A7C
:108D800089018A4206D119680D48014019601968A5
:108D90000A431A60230001225D331A700023032066
:108DA0005C34237005B0F0BD039B002B00D02B007A
:108DB000039A1D00013A0392BBE7C0460000002061
:108DC000FFDFFFFFF0B51700002285B01D0002ABEA
:108DD000DA7004000E00FDF7ABFCED192D1AFDF75B
:108DE000A7FC23222368009001932A4B1B6853435E
:108DF0001B0D6B43039302AB2168DA1C8B681800D0
:108E0000304033423BD0C023DB009E4204D1019B63
:108E10001B7BDBB2137013787B1CEFD0FDF788FC53
:108E2000009BC01AA8422CD3E02123685A688A43C9
:108E30005A6082226168520091420CD18021A2685E
:108E400009028A4203D08021C9008A4203D140210D
:108E50001A688A431A608021A26A89018A4206D16F
:108E600019680D480140196019680A431A60230007
:108E700001225D331A70002303205C34237005B097
:108E8000F0BD039B002B00D02B00039A1D00013A7C
:108E90000392B0E700000020FFDFFFFF70B5130072
:108EA0000D0016000A00C02149010400FFF78AFFE7
:108EB000002805D020230320226E1343236670BDB3
:108EC000320029002000FFF721FF0028F2D1C02145
:108ED00033002A002000C900FFF774FF0028EED0FD
:108EE000E8E70000F8B504000120002C67D0636AB1
:108EF000002B65D1822261685200914200D0E3616B
:108F000000232500A3625D352B78DAB2002B05D152
:108F100023005C3320001A70FAF77CFD0223402204
:108F20002B702168E6680B689343E0220B60D20047
:108F30000023964248D9F02218001201964200D030
:108F4000A36282228427636852001340A2683F0212
:108F50003A40022713432269A5693A40134301228C
:108F6000676917403B438027BF002F403B43E769B9
:108F7000373217403B43276A4832174080223B4331
:108F8000A76A920117403B43102708220B60636ACF
:108F90002D0C3B40676B17403B43F0273F013E40A1
:108FA0003343042635402B4303434B60CB690848C9
:108FB00003400020CB61012320665D342370F8BD9F
:108FC0000023236163619BE780204001B6E7C04630
:108FD000FFF7FFFFF0B585B0009303005C33160088
:108FE0001A7804000D000227012A00D182E0012234
:108FF0001A70FDF79DFB230001905D331A78D7B2FC
:10900000012A00D0A6E0002D71D0002E6FD00232D0
:109010001A700023A21D23662364A563A687E68732
:1090200002329387D3878022A1682365E36412020A
:109030002368914208D140211A688A431A6080222D
:109040001968D2010A431A6040221968114202D1FC
:1090500019680A431A60E021E0686268C900884222
:109060004BD9002A01D0012E07D12A880235DA60B7
:10907000E38FA563013B9BB2E3870225E38F002BBF
:1090800019D12000019A0099FFF708FF00285ED14E
:10909000A368002B06D103932368DA6803929B68C8
:1090A0000393039B226E002A21D1230001215D330B
:1090B000170019701BE0226893682B4209D0A36B3C
:1090C00019880233D160A363E38F013B9BB2E3872E
:1090D000D4E7FDF72DFB019BC01A009B9842CDD32E
:1090E0000133CBD02300012203275D331A70002304
:1090F0005C342370380005B0F0BD002A01D0012E89
:1091000008D12A781A73A36B0133A363E38F013B61
:109110009BB2E3870225E38F002BB2D023689A68C5
:109120002A420AD0A26B12781A73A36B0133A3638D
:10913000E38F013B9BB2E387EDE7FDF7F9FA019B73
:10914000C01A009B9842E6D30133E4D0CAE720233B
:1091500023669DE70227CAE7F7B51E0003005C33CC
:1091600017001A7804000D000220012A1BD00122EA
:109170001A70FDF7DDFA230001905D331B786168FA
:10918000DAB2012B09D0822302205B00994207D179
:10919000A368002B04D1042A02D1002D04D10120A0
:1091A00000235C342370FEBD002FF8D0002EF6D0D3
:1091B00023005D331A78042A01D005221A70220098
:1091C0000023083223662764D687A21DD687E022B3
:1091D000E068E3642365A5632368E687A687D20079
:1091E000904235D95A68604F3A405A6040221F6811
:1091F000174202D11F683A431A60E022D20090421F
:1092000061D9002901D0012E07D12A880235DA6000
:10921000E38FA563013B9BB2E387012502272E0064
:10922000E38F002B19D123000833DB8F002B14D1DF
:109230002000019A0899FFF731FE002800D08EE047
:10924000236E002BABD1230001225D331A70A7E7F8
:1092500080225F6852013A43C7E7206883683B4237
:109260000ED0E38F002B0BD0012D08D1A36B1A88F1
:109270000233C260A363E38F013B9BB2E387002507
:1092800083681900314033420ED022000832D38F58
:10929000002B09D00D00C068236C188002332364B2
:1092A000D38F013B9BB2D387FDF742FA019BC01AD3
:1092B000089B9842B4D30133B2D0230001225D331E
:1092C00003201A706CE7002901D0012E08D12A78FA
:1092D0001A73A36B0133A363E38F013B9BB2E38754
:1092E000012502272E00E38F002B04D12300083331
:1092F000DB8F002B9CD023689A683A420FD0E28F14
:10930000002A0CD0012D09D1A26B12781A73A36B1D
:109310000133A363E38F013B9BB2E38700252368FE
:109320009A681100314032420FD022000832D08FAB
:1093300000280AD00D001B7B206C0370236C0133C6
:109340002364D38F013B9BB2D387FDF7F1F9019BD7
:10935000C01A089B9842C6D30133C4D0ADE720237E
:10936000012023666CE7C046FFEFFFFF7047000057
:109370000368F0B504005868996801258A09160049
:1093800085B02E402A4208D1294206D0450604D590
:10939000E36C2000984705B0F0BD8D0703D50506A6
:1093A00001D5236DF5E780274D097F0039402A4319
:1093B000FF3F3A400A43EED08206ECD5002E0FD094
:1093C00022005D321278032A50D00422266E3243E6
:1093D000226600220092DA6800929A680092009A4F
:1093E000012215420BD0256E2A4322660022402519
:1093F00002929A6802921A68AA431A60029A002995
:1094000008D00822216E0A432266002203929A683D
:109410000392039A226E002ABDD0E0215A688A4343
:109420005A602200DF395D3211700231084225D0C6
:109430005A68A06D8A435A60002809D0114B836393
:10944000FEF7AEFA002803D04023226E13432366B2
:10945000606D00289FD00B4B8363FEF7A1FA0028B4
:1094600099D04023226E1343236694E70022019291
:10947000DA6801929B680193019B8CE72000FFF75B
:1094800075FF88E789940108806A0023020010B5FF
:109490000832D387C387FFF769FF10BD70B5012479
:1094A000036A026AA24302624468134A856915404E
:1094B0000A681543022293438A6813430F4A904275
:1094C00008D00F4A904205D00E4A904202D00E4A70
:1094D00090420BD108229343CA688E691343042239
:1094E00093430A4A22404C69344314434A68446017
:1094F00085614263036270BD8CFFFEFF002C01405A
:10950000004001400044014000480140FFFCFFFFD3
:1095100070B5184A056A036A134003624268164B25
:10952000C4691C400B681C43144B1D408B681B0214
:109530002B43134DA8420ED1124D1D40CB681B0288
:109540002B43114D2B40114D8E6915404A69324312
:1095500012012A4308E00E4DA842F4D00D4DA84256
:10956000F1D00D4DA842EED042604A68C461C2639A
:10957000036270BDFFFEFFFF8CFFFEFFFFFDFFFFDC
:10958000002C0140FFF7FFFFFFFBFFFFFFCFFFFFB6
:1095900000400140004401400048014030B5144AF9
:1095A000046A036A134D134003624368C2692A4088
:1095B0000D682D021543104A14408A681203224395
:1095C0000E4CA04208D00E4CA04205D00D4CA0423B
:1095D00002D00D4CA04204D10C4C1C404B699B01A5
:1095E000234343604B68C5610364026230BDC046DB
:1095F000FFEFFFFFFF8CFFFEFFDFFFFF002C0140AE
:10960000004001400044014000480140FFBFFFFF0F
:1096100070B5066A124C036A124A2340036243681B
:10962000456D15400A6815430F4A16408A681204B2
:1096300032430E4EB04208D00D4EB04205D00D4E12
:10964000B04202D00C4EB04203D11C404B691B0209
:10965000234343604B6845658365026270BDC04625
:10966000FFFFFEFF8FFFFEFFFFFFFDFF002C01400D
:1096700000400140004401400048014030B5144A18
:10968000046A036A134D134003624368426D2A4023
:109690000D682D021543104A14408A6812052243B2
:1096A0000E4CA04208D00E4CA04205D00D4CA0425A
:1096B00002D00D4CA04204D10C4C1C404B699B02C3
:1096C000234343604B684565C365026230BDC046B5
:1096D000FFFFEFFFFF8FFFFEFFFFDFFF002C0140CA
:1096E000004001400044014000480140FFFFFBFFF3
:1096F0007047000001000300012010B53D310C78D7
:10970000E2B284421ED1001808701B68D968114368
:10971000D9600E498B4208D00D498B4205D00D49C6
:109720008B4202D00C498B420DD19A680B490A40FA
:10973000062A06D007398A4203D0012219680A4353
:109740001A60002010BD1968F9E7C046002C0140DE
:1097500000040040000800400040014007000100F4
:1097600070477047704770470222036870B5DD6824
:109770001E69040016420DD015420BD0053A1A613D
:10978000043202779B699B0700D17CE0FFF7E9FF79
:109790000023237704231E4212D01D4210D005223D
:1097A000236852421A61073222779A69C0239B00CC
:1097B00020001A4200D16CE0FFF7D3FF002323778B
:1097C00008231E420FD01D420DD0092223685242A9
:1097D0001A610D322277DB6920009B075FD0FFF70B
:1097E000C0FF0023237710231E4211D01D420FD04B
:1097F0001122236852421A6119322277DA69C02392
:109800009B0020001A4250D0FFF7ABFF00232377C4
:1098100001231E4208D01D4206D002222368524274
:1098200020001A61F9F724FD82239B011E4207D014
:109830002B0605D52368204A20001A6100F031FB71
:10984000F30507D52B0605D523681C4A20001A61AD
:1098500000F028FB40231E4208D01D4206D04122C2
:109860002368524220001A61FFF77DFF20231E4229
:1098700008D01D4206D021222368524220001A61DE
:1098800000F00EFB70BDFFF76BFF2000FFF76AFFD3
:109890007EE7FFF765FF2000FFF764FF8EE7FFF725
:1098A0005FFF2000FFF75EFF9BE7FFF759FF2000F7
:1098B000FFF758FFAAE7C0467FDFFFFFFFFEFFFF6D
:1098C00010B51F4C0368A04205D01E4A904202D03A
:1098D0001D4A904208D1702293434A6813431B4AA1
:1098E0001A40CB6813430BE0194A9042F7D0194A4B
:1098F0009042F4D0184A9042F1D0184A9042EED0EB
:10990000802293434A69134303608B68C3620B68E8
:109910008362A04208D00F4B984205D00E4B98426C
:1099200002D00E4B984201D10B69036301224261C0
:109930000369134202D003699343036110BDC0461B
:10994000002C01400004004000080040FFFCFFFF25
:109950000020004000400140004401400048014018
:1099600070B504000120002C23D025003D352B7854
:10997000DAB2002B05D123003C3320001A70FFF728
:10998000B7FE02232B702068211DFFF799FF2200EC
:10999000012300204832137047340A3A1370537081
:1099A0009370D370137153719371D37113722370C9
:1099B0002B7070BD70B504000120002C23D0250051
:1099C0003D352B78DAB2002B05D123003C33200043
:1099D0001A70FAF723F902232B702068211DFFF774
:1099E0006FFF2200012300204832137047340A3AE7
:1099F000137053709370D370137153719371D3714B
:109A0000137223702B7070BD102270B5056A036A43
:109A1000174C934303624268836923400C68240215
:109A20001C4320239D438B681B012B43114DA842EF
:109A30000FD18025AB431E00CB68403D1B01334353
:109A4000AB430D4D8E6915404A69324392002A435B
:109A500008E00A4DA842F4D0094DA842F1D0094DC2
:109A6000A842EED042604A6884618263036270BD9E
:109A7000FF8CFFFE002C0140FFF3FFFF0040014080
:109A80000044014000480140F8B507003C3715008C
:109A90003A7803000C000220012A0CD001383870FB
:109AA0000C2D51D008D8042D2DD0082D3CD0002DE0
:109AB00017D000233B70F8BD102D58D0142DF8D1CD
:109AC0001D682800FFF7DAFD80236A6D1B01134330
:109AD0006B656B6D2E4A13406B6523696A6D1B02C3
:109AE00053E01D682800FFF7D9FC0823AA69134337
:109AF0000422AB61AB699343AB61AB692269134349
:109B0000AB610020D5E71D682800FFF77DFF8023AB
:109B1000AA691B011343AB61AB691D4A1340AB61DA
:109B20002369AA691B02EAE71E683000FFF7F0FC10
:109B30000422F3691D43F561F3699343F361F3690B
:109B400022691343F361DCE71D682800FFF726FD57
:109B50008023EA691B011343EB61EB690C4A134054
:109B6000EB612369EA691B021343EB61C9E71D68D6
:109B70002800FFF74DFD08236A6D134304226B652F
:109B80006B6D93436B656B6D226913436B65B8E72F
:109B9000FFFBFFFF1F2310B5012419408C408A40B2
:109BA000036AA3430362036A1A43026210BD000002
:109BB000020010B508291CD006D800290BD00429B2
:109BC00014D01300433308E00C2915D01029F8D124
:109BD0000300423301E003003E331B78013B581E73
:109BE0008341DBB20120002B09D010BD03003F33BD
:109BF000F3E703004033F0E703004133EDE70223CE
:109C0000082936D006D800290BD004292ED0100000
:109C1000433008E00C292FD01029F8D11000423031
:109C200001E010003E300370146801222000FFF7AD
:109C3000B1FF1A4A944208D0194B9C4205D0194BE7
:109C40009C4202D0184B9C4219D18023616C1B02AC
:109C50000B436364944202D0114B9C4218D1A36819
:109C6000124A1340062B0FD10020BEE710003F30F0
:109C7000D9E710004030D6E710004130D3E70C4B55
:109C80009C42ECD00B4BE8E7802252029342EBD08F
:109C90000123226813432360E6E7C046002C0140FD
:109CA000004001400044014000480140070001001D
:109CB000000400400008004010B5FFF779FF10BD18
:109CC00070B505680022040028000E00FFF762FF4F
:109CD0001E4B1F4A9D4208D01E4B9D4205D01E4B75
:109CE0009D4202D01D4B9D420AD12B6A134207D1DF
:109CF000296A1B4B194203D16B6C1A490B406B64E8
:109D00002B6A134207D12A6A154B1A4203D101224A
:109D10002B6893432B600123082E12D005D8002E08
:109D200009D0042E0BD0433406E00C2E0BD0102E9D
:109D3000F9D1423400E03E340020237070BD3F343E
:109D4000FAE74034F8E74134F6E7C046002C01401A
:109D50001111000000400140004401400048014052
:109D600044040000FF7FFFFF10B5FFF7A9FF10BDFF
:109D7000F0B5040002223C34257803001000012DC8
:109D800025D01D003D352A701B68114E5A68986811
:109D9000B34203D10F4F3A404F683A437027BA435A
:109DA0000F683A435A60B34208D00B4A934205D039
:109DB0000A4A934202D00A4A934204D18022904335
:109DC0008A6810439860012300202B702070F0BD3A
:109DD000002C0140FFFF0FFF00040040000800407E
:109DE0000040014010B504003C34237802000220FA
:109DF000012B39D01D48CB680340886803431C48B9
:109E00000340486803431B480340086803431A485B
:109E1000034008690343194803404869034318484D
:109E20000340086B03431748034088690004034359
:109E300015480340C86903431068144A904210D182
:109E4000134A13408A6A12051A43124B1A400B6ACE
:109E50001A43114B1A404B6A1A43104B1A40CB6AF3
:109E6000134343640020207010BDC046FFFCFFFF79
:109E7000FFFBFFFFFFF7FFFFFFEFFFFFFFDFFFFF2E
:109E8000FFBFFFFFFFFFF0FFFFFFFFEF002C0140D0
:109E9000FFFF0FFFFFFFFFFEFFFFFFFDFFFFFFDFE5
:109EA000704770477047000030B5EFF3108401220F
:109EB00082F31088C02501680B68AB430B6084F304
:109EC0001088EFF3108182F310880268044C9368C5
:109ED0002340936081F3108820238830036030BDD5
:109EE000FFFF7FFF30B5EFF31084012282F310886B
:109EF0000168134D0B682B400B6084F31088EFF35F
:109F0000108182F3108802680E4C9368234093609E
:109F100081F31088C36E012B0AD1EFF3108183F314
:109F20001088102402681368A343136081F310881B
:109F3000030020228C331A600023C366436730BDC0
:109F4000DFFEFFFFFEFFFFEF70B505000120002DD3
:109F500019D02E0024230024883633602B681A6819
:109F600082431A6028001C605C609C60FAF78EF9DE
:109F70002B00200090331C60043B34601C60EC66B6
:109F80002C6784352C7070BDF7B50500883513003B
:109F90002A6804000220202A04D1002901D0002BC5
:109FA00001D10120FEBD8022A0685201904204D15F
:109FB0002269002A01D1CA07F3D4220026005432B4
:109FC0002165002713805380212290363760E06F8F
:109FD0002A6022680192B84211D0114A8763C26296
:109FE000104A0263104A4263019A2832FDF75AFC74
:109FF000B84204D010233360DB182B60D1E7402235
:10A0000023681A62EFF31081012383F3108822681A
:10A010007F3390680343936081F310880020C1E789
:10A02000A5A20108F7A2010805A3010870B5040064
:10A03000EFF31080012282F3108821683F4D0B68F6
:10A040002B400B6080F31088EFF3108182F31088AF
:10A0500022683B4893680340936081F31088E36E65
:10A06000012B0AD1EFF3108183F3108810202268AE
:10A0700013688343136081F31088250080212368CF
:10A0800090359B680B421CD0EFF31080012383F3C3
:10A090001088226893688B43936080F31088E06F88
:10A0A00000280ED000238363FDF744FC002808D06D
:10A0B000E06FFDF703FD202803D1102303202B6060
:10A0C00070BD402123689B680B4219D0EFF31080CC
:10A0D000012383F31088260004CE93688B4393609A
:10A0E00080F31088F06F00280AD000238363FDF707
:10A0F00021FC002804D0F06FFDF7E0FC2028DCD024
:10A100002300002256331A801A8123680F321A6204
:10A110008022616E9205914203D1102299690A430F
:10A120009A610822996900200A439A61220020233B
:10A13000883213605360E0662860C1E71FFEFFFFAE
:10A14000FEFF7FEF70B50400EFF31080012383F36F
:10A150001088C02521680A68AA430A6080F3108825
:10A16000EFF3108083F3108821681D4D8A682A4020
:10A170008A6080F310888021226892680A421CD08D
:10A18000EFF3108083F31088226893688B43936009
:10A1900080F31088E06F00280FD000238363FDF761
:10A1A000C9FB002809D0E06FFDF788FC202804D106
:10A1B0001023903423601D3870BD230000225633D5
:10A1C0001A808023626E9B059A4204D11023226874
:10A1D00091690B4393612023883400202360EBE7CF
:10A1E000FFFF7FFF70B50400EFF31080012282F3C0
:10A1F00010882168294D0B682B400B6080F3108874
:10A20000EFF3108182F31088226825489368034099
:10A21000936081F31088E36E012B0AD1EFF3108174
:10A2200083F310881020226813688343136081F33E
:10A230001088402123689B680B421ED0EFF31080EA
:10A24000012383F31088250004CD93688B4393602A
:10A2500080F31088E86F00280FD000238363FDF798
:10A2600069FB002809D0E86FFDF728FC202804D1FD
:10A270001023903423601D3870BD230000200F226E
:10A280005E33188023681A629969073A0A439A6113
:10A29000230020228C331A60E066EDE7DFFEFFFF2B
:10A2A000FEFFFFEF03001B6870B51A682023110042
:10A2B000806A19401A421AD1030056331980EFF30D
:10A2C0001084012282F31088802501688B68AB43DB
:10A2D0008B6084F31088EFF3108182F310884023A1
:10A2E000026810680343136081F3108870BDFAF7A9
:10A2F00045F8FBE7704710B5806AFFF7FBFF10BD1C
:10A300007047704770B5846A230088331A685D68A7
:10A3100023689B681B0608D5212A06D1230000224A
:10A32000563320001A80FFF7BFFD23689B685B0649
:10A3300008D5222D06D1230000225E3320001A808A
:10A34000FFF7D0FD220010239032116820000B434C
:10A350001360FAF72DF870BD806A0023020010B573
:10A360005E321380083A1380FAF722F810BD00001D
:10A37000F7B50168C14DCB6904000A6888682B42B3
:10A3800010D120252B4200D19BE080267605154078
:10A390000640354300D194E0636F2000002B00D0CD
:10A3A00085E085E0B64D05400095B64D009E154010
:10A3B000354300D185E0250001269035334205D094
:10A3C000D70503D50E622F683E432E600226334226
:10A3D0000CD0C7070AD527000E6290373E68019758
:10A3E000B446042667463E43019F3E60042633423E
:10A3F0000CD0C7070AD527000E6290373E68019738
:10A40000B446022667463E43019F3E600826B44696
:10A41000334209D02027009E1740374304D06646B8
:10A420000E622F683E432E6080263601334206D0EE
:10A43000570104D50E6220212E6831432960296816
:10A44000002935D020210B420AD080235B05114022
:10A450000340194304D0636F002B01D020009847BC
:10A4600022682B684027966828223E40134020002F
:10A470001E4322D0FFF736FD23689B683B4218D06D
:10A48000EFF31081012383F31088250004CD936836
:10A49000BB43936081F31088E86F002809D07A4BA2
:10A4A0008363FDF77DFA002802D0E86F836B98473D
:10A4B000F7BD2000F9F77CFFFAE7F9F779FF2E6086
:10A4C000F6E7E56E012D00D09FE01026334200D163
:10A4D0009BE0324200D198E00E62896840230A0076
:10A4E0001A40194257D0211DCA6F1068426892B2B3
:10A4F000002ADDD027005C373F889742D8D9270053
:10A500005E373A8002682020844610400090604602
:10A51000024232D1EFF3108785F3108820685B4E3A
:10A5200002683240026087F31088EFF3108785F3EA
:10A53000108820688268AA43826087F31088EFF34E
:10A54000108785F31088206882689A43826087F3B9
:10A550001088230062468C331A60009BE366EFF399
:10A56000108085F3108822680F351368AB431360A1
:10A5700080F31088C86FFDF7DDF9022322002367FE
:10A5800023005C325E331B881188C91A89B220000F
:10A59000F9F7DAFE8CE7230020005C335E3019887F
:10A5A000038800889BB2002800D181E7C91A89B2CC
:10A5B000002900D17CE7EFF3108785F3108820682D
:10A5C000334E03683340036087F31088EFF310873E
:10A5D00085F3108820682F4E83683340836087F3AB
:10A5E0001088230020208C331860E2666267EFF346
:10A5F000108085F31088102522681368AB43136020
:10A6000080F3108802232367C1E780256D032B4266
:10A6100006D0460204D520000D6200F043FC47E757
:10A6200080210B4207D080252D0411402840014392
:10A6300001D0A36FB1E640210B4216D00A4214D0DC
:10A64000EFF31080012383F31088226813688B4393
:10A65000136080F310882300202288331A600023BF
:10A660002000A367F9F78AFE22E7190214D55100EA
:10A6700012D5200000F018FC1AE7C0460F080000B1
:10A68000010000102001000459A30108FFFEFFFF94
:10A69000DFFEFFFFFEFFFFEFDB0100D408E7002A2B
:10A6A00000DB05E7200000F0FEFB01E70123806AE4
:10A6B00010B50367C36E012B06D103005C33198804
:10A6C0004908F9F741FE10BDFFF71BFEFBE700004C
:10A6D00003001B6820221B6870B51900806A1140B6
:10A6E000134234D103005E331980EFF31085012348
:10A6F00083F3108804681D4E21683140216085F382
:10A700001088EFF3108583F310880468A1689943DB
:10A71000A16085F31088EFF3108483F3108840253F
:10A7200001688B68AB438B6084F3108803008C3323
:10A730001A60C36E012B0AD1EFF3108183F31088E6
:10A74000102402681368A343136081F31088002368
:10A750000367C36E012B05D103005C331988F9F739
:10A76000F3FD70BDFFF7CCFDFBE7C046FFFEFFFF2A
:10A7700070B504002569A168036829436569C26949
:10A7800029431868664D11432840014319605968F0
:10A790006448256A0140E06801435960A1699868EE
:10A7A0002943614D284001430F209960D96A8143B4
:10A7B000606A0143D9625D498B4215D103215C4B2C
:10A7C0005B6D0B40022B00D19AE08B4236D0012BFF
:10A7D00017D080231B029A4200D19AE0FDF798FF20
:10A7E000002800D199E073E052498B421AD10C2124
:10A7F0004F4B5B6D0B40082B00D181E009D8002B3B
:10A80000E7D080231B029A4200D076E0FDF792FE4B
:10A8100081E00C2B12D00120474BA3660023636715
:10A82000A36770BD45498B420DD13021404B5B6D14
:10A830000B40202B64D0E2D9302BECD180200002D9
:10A84000824245D118E080213D48090283425DD013
:10A850003C4883425AD03C481B18581E834118017B
:10A860008A4226D10828D6D8F5F760FD53D505D5FC
:10A87000D0D5D5D50600354A616A354B4900100060
:10A88000C95AF5F77BFD656840006B08C0182900C0
:10A89000F5F774FD02002F4B103A9A42BBD80F23F4
:10A8A000020000079A4393B2400F22680343D3602B
:10A8B00033E00828AFD8F5F74DFD91FFAEFF270034
:10A8C000AEFF2000AEFFAEFFAEFF09008020000209
:10A8D000626A1F4B5200D15AF5F750FD65686B084C
:10A8E000C0182900F5F74AFD02001A4B103A9A42A7
:10A8F00000D990E72368D8600FE0FDF71BFE6FE7F3
:10A9000080231B029A42B6D01048E1E78A4200D069
:10A9100064E7FDF7FDFE021EAED100207CE7C046D5
:10A92000F369FFCFFFCFFFFFFFF4FF1100380140B5
:10A9300000100240004400400100010000480040B7
:10A94000004C00400050004000C4FEBF0024F40052
:10A95000FC820208EFFF0000836A30B51A0706D5B3
:10A960000168284C4A682240846B22434A60DA0717
:10A9700006D50168244C4A682240C46A22434A60D2
:10A980009A0706D50168214C4A682240046B22438D
:10A990004A605A0706D501681D4C4A682240446B3C
:10A9A00022434A60DA0606D501681A4C8A682240BA
:10A9B000C46B22438A609A0606D50168164C8A68E1
:10A9C0002240046C22438A605A0610D50168134D58
:10A9D0004A68446C2A4022434A60802252039442CF
:10A9E00005D14A680E4C2240846C22434A601B0603
:10A9F00006D502680B4953680B40C16C0B4353608A
:10AA000030BDC046FF7FFFFFFFFFFDFFFFFFFEFFE2
:10AA1000FFFFFBFFFFEFFFFFFFDFFFFFFFFFEFFF8A
:10AA2000FFFF9FFFFFFFF7FFF7B504000D001700C2
:10AA300000932268D3692B405B1B59424B41BB42B8
:10AA400001D0002026E0089B0133F3D0FBF770FE15
:10AA5000009BC01A089B98422DD8002B2BD023684E
:10AA60001A685207E5D52A004021403A8A43E0D0CF
:10AA7000DA69082611003140019132420BD02000E2
:10AA80001E62FFF72FFA230090331E60002301207F
:10AA900084342370FEBD8022D96912011142C8D0CE
:10AAA0001A622000FFF71EFA2300202290331A605A
:10AAB000019B843423700320ECE7F0B517000200FB
:10AAC00087B088320593136804000D000220202B04
:10AAD00039D10138002936D0002F34D08023A16825
:10AAE0005B01994204D12369002B01D105422AD18F
:10AAF0002300002690331E6021231360FBF718FE0D
:10AB0000230054331F80023303931F808023A268E5
:10AB100004905B019A4204D12369B34201D12E0013
:10AB20001D00230056331B889AB2002B0DD1059BC4
:10AB3000200000934021049BFFF776FF20238834F8
:10AB4000236000280ED107B0F0BD059B00220093C2
:10AB500080212000049BFFF767FF002804D02023FA
:10AB6000883423600320EEE72268002D0BD1338860
:10AB70000236DB05DB0D9362039B039A1B88013BC6
:10AB80009BB21380CDE72B7801359362F4E7000088
:10AB9000030073B50026040090331E60FBF7C8FD68
:10ABA000236805001B681B071FD58021284B320036
:10ABB0000093890303002000FFF736FFB04214D052
:10ABC000EFF31081012383F310888020226813683B
:10ABD0008343136081F310882300202288331A6096
:10ABE000032000238434237076BD260023688C362E
:10ABF0001B685B0723D58021154B002200932000A2
:10AC00002B00C903FFF710FF002818D0EFF31080C6
:10AC1000012282F3108821680E4D0B682B400B60D7
:10AC200080F31088EFF3108082F3108821688B681E
:10AC300093438B6080F3108820233360D0E7230098
:10AC40002022002088331A603260E0662067C8E75F
:10AC5000FFFFFF01DFFEFFFF70B5041E01D10120E1
:10AC600070BD050088352B68002B04D102008432AA
:10AC70001370F9F797F92423012122682B601368D8
:10AC80008B431360A36A002B02D02000FFF764FE01
:10AC90002000FFF76DFD0128E1D0236807495A68BD
:10ACA00020000A402A215A609A688A439A60012249
:10ACB00019680A431A60FFF76BFFD1E7FFB7FFFF80
:10ACC000F8B513000200060005005C3281650F0034
:10ACD00013802221002290368C3532602960011DBC
:10ACE0000400C86F904213D01D498263C1621D49A0
:10ACF0003A0001631C49416321682431FCF7D2FD0D
:10AD0000002805D0102301203360DB182B60F8BD2C
:10AD10002369002B0BD0EFF31081012383F31088FC
:10AD20002268FF3310680343136081F31088EFF348
:10AD30001080012383F3108821688A681A438A608F
:10AD400080F31088EFF3108183F3108822683F337B
:10AD500090680343936081F310880020D7E7C046D2
:10AD6000D1A60108ADA6010805A3010803008C3097
:10AD700070B504680220202C25D10138002922D08A
:10AD8000002A20D080209C684001844205D11869A7
:10AD9000002802D10130014215D10020D866186880
:10ADA000406800020CD5EFF31085012080F3108875
:10ADB00080201C68C00426683043206085F310881A
:10ADC0001800FFF77DFF70BDF7B50700436E040064
:10ADD0006A37002B04D10120388068342080F7BD09
:10ADE00003680B4E9A689B680A4D5B0FF05CE95C48
:10ADF000C0000192F5F74CFB019B38801B015B0FF3
:10AE0000F05CE95CC000F5F743FB80B2E5E7C046C3
:10AE10001C83020814830208F7B504000E001D000D
:10AE20000192002801D10120FEBD070088373B6850
:10AE3000002B04D1020084321370F9F7B3F82423F5
:10AE4000012122683B6013688B431360A36A002BC7
:10AE500002D02000FFF780FD2000FFF789FC0128C9
:10AE6000E1D080222368D20199682D040A439A60B8
:10AE70009A680A4920000A4032439A60019A5105B3
:10AE80000D431A6806490A40154301221D601968DE
:10AE90000A431A60FFF77CFEC6E7C046FF7FFFFF4C
:10AEA000FFFF00FC704770477047000070B504005A
:10AEB0008434227803000220012A11D01D002422AC
:10AEC000012688352A601A6811681068B04310603E
:10AED0000448014000205866202311602B60207038
:10AEE00070BDC046FFFFFFDFF8B5050084350B00DD
:10AEF00029780222012915D006000121046888362C
:10AF000022323260276822688A432260A168C90021
:10AF1000C9081943A160FFF757FF202300222760CB
:10AF200033602A701000F8BDF8B5050084350A00BA
:10AF300029780223012915D00600012104688836EA
:10AF400022333360276823688B432360A168064B54
:10AF500019401143A160FFF737FF202327603360BA
:10AF600000232B701800F8BDFFFFFFF103008C33A6
:10AF70001B6870B504000220202B02D1002901D1EA
:10AF8000012070BD002AFBD08020A568012340016C
:10AF9000854204D12069002801D11942F0D1E3662D
:10AFA000002320002367FFF78BFE0028E9D1E26E23
:10AFB000012AE5D1102321680B62EFF3108182F39F
:10AFC0001088226814682343136081F31088D8E73F
:10AFD00070B5FBF7BBF904006420FBF70EFA80267E
:10AFE000002006F05BF80025B60031000848FCF7A9
:10AFF00097FF002D07D1FBF7A9F9064B001B9842DC
:10B0000002D906F023FB01256420FBF7F6F9ECE7F3
:10B01000000C00508713000013B505F0DBFE194C3F
:10B02000002806D004221F21174B200002F0F8F858
:10B0300013BD05F029FD002803D004222321134B62
:10B04000F3E702F049F8031E03D004222721104B36
:10B05000EBE702220092C0220E49D2000E48019373
:10B06000FAF7F0F80200012803D004222B210B4B41
:10B07000DBE70B49200000910A4B2E2102F0D0F8AB
:10B08000D6E7C046285A0208FE5902083A5A020872
:10B09000675A0208965A0208D1AF01089A5A020864
:10B0A000D85A0208BC5A020810B5034B0A00010026
:10B0B000180002F029F910BDDE5A020810B5124836
:10B0C00002F022F9114802F01FF9114802F01CF9B0
:10B0D000104802F019F9104802F016F90F4802F072
:10B0E00013F90F4802F010F90E4802F00DF90E485E
:10B0F00002F00AF90D4802F007F90D4802F004F9D0
:10B100000C4802F001F910BDF05A02082C5B02084D
:10B11000415B0208825B0208C85B0208F05B020820
:10B12000335C02088D5C0208A65C0208E25C02083F
:10B13000365D02087F5D020810B5094802F0E4F8A8
:10B14000084802F0E1F8084802F0DEF8074802F08B
:10B15000DBF8074802F0D8F8064802F0D5F810BD31
:10B16000CA5D0208115E02082C5E0208565E0208E3
:10B17000B25E0208E15E020870B50E4B06000C00DC
:10B180001500002900D00C4B0C482200310002F0C1
:10B19000BBF80B48002C05DB002D06D00948002C1D
:10B1A00000D1094802F0B0F870BD0848002CF9D170
:10B1B0000748F7E71B5F0208165F02081F5F0208D7
:10B1C000335F0208485F02085C5F0208715F020893
:10B1D000855F020870B505000E00002802D000232C
:10B1E000002903D1164802F08FF870BDEA5C203ABE
:10B1F0005E2A0FD80133B342F8D3124802F084F824
:10B20000AE1929781048013502F07EF8B542F8D120
:10B210000E48E8E731000E4802F076F80024295D78
:10B220000C48013402F070F8B44206D2402CF6D13A
:10B23000402E02D9084802F067F80848D3E7C04614
:10B240009A5F0208B55F0208A45F0208A75F0208C0
:10B25000B75F0208AB5F0208B15F0208F372020831
:10B26000F0B50D0095B0012827D1A14E0FAD0022F9
:10B2700029003000FDF7F0FC021E9E4807D10EACFD
:10B2800021003000FDF710FD002806D09A4802F09A
:10B290003BF80120404215B0F0BDA3786278E17818
:10B2A000247896480394AC7802946C7801942C78B6
:10B2B000009402F029F80020EDE7092800D082E090
:10B2C0008F496868F5F720F8002800D001E1A868E8
:10B2D00006F0CBFC6B4605901B7DE8680B9306F0EF
:10B2E000C4FC6B4606901B7E28690C9306F0BDFCDF
:10B2F0006B4607901B7F68690D9306F0B6FC202211
:10B300006B4608909B18A8691F7806F0AEFC2422B3
:10B310006B4609909B18E8691E7806F0A6FC282267
:10B320006B460A909B18286A1C7806F09EFC0B9AC4
:10B330000500C3B2632A10D80C9A013A0B2A0CD824
:10B340000D9A013A1E2A08D8172F06D83B2E04D88A
:10B350003B2C02D85A1E062A01D96A4897E70022D8
:10B360000FA90B988C700EACE0700C984E7060704A
:10B370005F4E0D98CA70A0703000CA600A610F70ED
:10B380002370FDF7A1FB021E01D05F487FE721007B
:10B390003000FDF703FC002801D05C4877E7FF246C
:10B3A000254003950A9D079B25400295099D069A15
:10B3B00025400195089D05992540234022402140C4
:10B3C00053482C0074E705283DD14C684C492000B7
:10B3D000F4F79AFF002805D020004E49F4F794FFB7
:10B3E000002876D1A86806F040FC6B460590E86816
:10B3F0001F7D06F03AFC0400C6B2286906F035FC51
:10B400000500C3B2172F03D83B2E01D83B2B01D91F
:10B4100041483CE700220FA935480F704E708B70F1
:10B42000CA70CA600A61FDF74FFB0028ADD1FF2149
:10B430002B00220005980B4008400A4001003748C5
:10B4400001F062FF37E7062843D135496868F4F711
:10B450005BFF089000283CD1A86806F006FC6B460C
:10B460000590E8681F7D06F000FC6B460690286991
:10B470001E7E06F0FAFB6B46079068691C7F06F09B
:10B48000F4FB0500C3B2632F08D8721E0B2A05D83F
:10B49000621E1E2A02D85A1E062A01D92148F6E643
:10B4A0000EA91348089ACF704E708C700B70FDF780
:10B4B00075FB002800D070E7FF24079B069A0599CA
:10B4C00025401948234022402140009501F01CFFEF
:10B4D000F1E6164801F018FF154801F015FF154870
:10B4E00001F012FF144801F00FFF1448CFE6C046E8
:10B4F000A0050020C05F0208D75F0208EE5F0208C7
:10B500002260020826600208876002089E60020826
:10B51000B5600208F0600208F860020820610208C5
:10B52000426102084A6102088F610208C061020894
:10B53000C96102080E620208576202089962020895
:10B54000F8B506000D00012809D8274801F0DCFEF7
:10B550002648012401F0D8FE64422000F8BD4F685F
:10B5600023493800F4F7D0FE041E1BD038002149CF
:10B57000F4F7CAFE002814D038001F49F4F7C4FEBF
:10B5800000281CD038001D49F4F7BEFE002818D052
:10B5900038001B49F4F7B8FE0424002802D01948EB
:10B5A000D7E70124022E0ED1200005F06DFD164BC9
:10B5B00002006968180001F0A7FE0024CDE702240C
:10B5C000F0E70324EEE7A86806F04FFB0600C1B2DF
:10B5D000200005F0CDFC0400696823000B48F2B29E
:10B5E00001F092FEB9E7C046C0610208DF620208BE
:10B5F000096302080E630208126302081563020859
:10B60000186302081C6302084C6302085E630208A8
:10B6100070B501280FD805F04FFD0E4B0100180042
:10B6200001F072FE0C4801F06FFE0C4801F06CFE58
:10B630000025280070BD486806F017FB0400C0B262
:10B6400005F02CFD0500E1B22A00054801F05CFE82
:10B65000EFE7C0467C630208C06102088E630208FF
:10B66000C363020870B501280FD805F0F9FD0E4B31
:10B670000100180001F048FE0C4801F045FE0C489E
:10B6800001F042FE0025280070BD486806F0EDFA82
:10B690000400C0B205F0D6FD0500E1B22A0005485D
:10B6A00001F032FEEFE7C046DB630208C06102082A
:10B6B000EA6302082764020870B501280FD805F074
:10B6C000E9FD0E4B0100180001F01EFE0C4801F0D0
:10B6D0001BFE0C4801F018FE0025280070BD4868CC
:10B6E00006F0C3FA0400C0B205F0C8FD0500E1B2DF
:10B6F0002A00054801F008FEEFE7C0464264020850
:10B70000C0610208526402089264020870B5012800
:10B710000FD805F0D9FD0E4B0100180001F0F4FD23
:10B720000C4801F0F1FD0C4801F0EEFD0025280069
:10B7300070BD486806F099FA0400C0B205F0B8FD83
:10B740000500E1B22A00054801F0DEFDEFE7C04642
:10B75000AE640208C0610208C0640208F564020811
:10B76000F8B507000D00012809D8174801F0CCFDF5
:10B770000126164801F0C8FD76423000F8BD486841
:10B7800006F073FA0400C6B2022F0AD1300005F0A9
:10B79000C3FD0F4B0200E1B2180001F0B5FD002619
:10B7A000EBE7A86806F061FA0500C1B2300005F0C9
:10B7B00097FDFF2106002A0033000A40054821407A
:10B7C00001F0A2FDD9E7C046C06102080D6502087C
:10B7D0004265020855650208F8B507000D0001280A
:10B7E00009D8174801F090FD0126164801F08CFD9C
:10B7F00076423000F8BD486806F037FA0400C6B259
:10B80000022F0AD1300005F0B9FD0F4B0200E1B262
:10B81000180001F079FD0026EBE7A86806F025FA8C
:10B820000500C1B2300005F093FDFF2106002A009B
:10B8300033000A400548214001F066FDD9E7C046C3
:10B84000C06102086E650208A6650208B9650208B3
:10B8500010B505F03FFC040005F066FCF7F796FB19
:10B8600002000B000248210001F04EFD002010BD37
:10B87000D265020810B505F079FC040005F0A0FCC3
:10B88000F7F784FB02000B000248210001F03CFDA9
:10B89000002010BDF665020870B50C0001280CD818
:10B8A000194801F031FD194801F02EFD0124184816
:10B8B00001F02AFD6442200070BD022814D0154911
:10B8C000A068F4F721FD0028EAD1606806F0CDF900
:10B8D00011490500C0B205F065FD0400E9B222007F
:10B8E0000E4801F011FDE6E7486806F0BEF90500D4
:10B8F000C0B205F063FD0400E9B22200084801F07F
:10B9000003FDE417D7E7C046C06102081A660208C3
:10B910005166020893660208A9B001089C660208F5
:10B92000DE5A020810B505F05FFD04000248210050
:10B9300001F0EAFC200010BDBF66020810B5074800
:10B9400001F0E2FC3220F9F739FEBFF34F8F044BD0
:10B95000044ADA60BFF34F8FC046FDE7D3660208A2
:10B9600000ED00E00400FA0510B5012005F0A2FE8C
:10B97000084B0100180001F0C7FC3220F9F71EFE49
:10B98000BFF34F8F044B054ADA60BFF34F8FC046B9
:10B99000FDE7C046E166020800ED00E00400FA059C
:10B9A00070B58AB003AC1A220021200007F082FA99
:10B9B000200005F037FE174B0100180001F0A4FC31
:10B9C000238BE28A1B041343A28A618A12040A436E
:10B9D0001148039901F098FC23791049042B02D8EF
:10B9E0000F4A9B009958258AE6892D043543637ACE
:10B9F0006068227A01956589A489000A24042C4391
:10BA0000120602430094074801F07EFC00200AB0B1
:10BA100070BDC0460B6702081D670208096702086F
:10BA20003883020857670208F0B505000C0085B09E
:10BA3000012805D8FFF742FB0120404205B0F0BDC8
:10BA40004E68C7493000F4F75FFC00280AD103F0C4
:10BA50007BF90400C348210001F056FC631E9C41A1
:10BA60006042EBE73000C049F4F74EFC002806D1F5
:10BA700003F0A0FEBD4801F047FC0020DEE73000E7
:10BA8000BB49F4F741FC002832D1022D06D0A4684E
:10BA9000B8492000F4F738FC00280ED1B64803F06E
:10BAA000D3F9011E03D0B54801F02EFCC4E7B44819
:10BAB00003F064FB0400B348CDE72000B249F4F77B
:10BAC00023FC002805D1AC4803F0BEF90400AF48C0
:10BAD000C1E72000AE49F4F717FC002805D1A848BB
:10BAE00003F04CFB0400AB48B5E72100AA48DBE7B4
:10BAF0003000AA49F4F708FC002849D103F0EAFD18
:10BB0000050003F0F7FD040003F0FCFAA44B0293D8
:10BB1000042803D8A34B8000C358029303F0ECFB26
:10BB20009F4E042802D89F4B8000C65803F0EAFBC2
:10BB30009B4F042802D89B4B8000C75803F0E8FBBA
:10BB4000039003F0EBFB03000193039B3200029987
:10BB5000954800933B0001F0D7FB03F0AFFD0600D2
:10BB600003F0B2FD914B02003100180001F0CCFB54
:10BB7000002D04DB012229008D48FFF7FDFA002C7F
:10BB800000DA7AE7002221008A48FFF7F5FA74E725
:10BB900030008949F4F7B8FB00282AD1844E022DE1
:10BBA00019D0A46831002000F4F7AEFB002805D1BD
:10BBB00003F090FD012201003000E6E77D4D2000FA
:10BBC0002900F4F7A1FB041E05D103F093FD220028
:10BBD00001002800D9E703F07DFD012201003000BB
:10BBE000FFF7CAFA03F086FD724B0100002218002D
:10BBF000CBE730006449F4F787FB002844D16F4855
:10BC0000022D2DD0A6686E493000F4F77DFB002888
:10BC100004D103F07DFA04006A481CE730006A4949
:10BC2000F4F772FB002804D103F090FA040067488F
:10BC300011E730006649F4F767FB002807D103F0ED
:10BC400045FA644B0100180001F05EFB15E76249FC
:10BC50003000F4F759FB011E14D1032D03D15F48C6
:10BC600001F052FBE8E60200E06806F011FA050078
:10BC700080B203F00FFA040022005948A9B201F083
:10BC800043FBEBE65748EBE730004949F4F73CFB50
:10BC9000002800D002E15448022DE1D0A7684849AD
:10BCA0003800F4F731FB00281AD15048042DD7D9B9
:10BCB0000022E068110006F0EBF9002205001100F7
:10BCC000206906F053F90600A8B2310003F02CFBFE
:10BCD00004004748A9B22300320001F015FBBDE67D
:10BCE00038004449F4F710FB061E16D14248042DD3
:10BCF000B6D932003100E06806F0CAF9320005001A
:10BD00003100206906F032F90600A8B2310003F0D4
:10BD100063FBA9B204003948DDE738002A49F4F78B
:10BD2000F3FA002804D103F0F5FC0400344892E64D
:10BD300034493800F4F7E8FA011E69D1032D0CD01C
:10BD40000200E06806F0A4F90500280003F056FCA4
:10BD500004002D482200290091E72C4DF5E7C0464C
:10BD6000B8670208A2670208B6670208BD67020842
:10BD7000D1670208D567020892830208D9670208D2
:10BD800080830208F1670208086802080D6802084B
:10BD9000256802082B6802084468020871680208D6
:10BDA000096702082483020877680208AA68020863
:10BDB000D3680208D8680208DE680208E168020851
:10BDC000086902080C69020846770208246902081B
:10BDD0003D6902084169020855690208596902086B
:10BDE000736902088E690208AA690208D469020808
:10BDF000F9690208226A0208266A0208486A0208EB
:10BE00006F6A0208886A02088D6A020888130000B7
:10BE100077493800F4F778FA011E1DD1032D19D0A7
:10BE20000200E06806F034F9050003F039FB040075
:10BE30007048210001F068FA002C00D0FCE52800D1
:10BE400003F0A4FB040003F063FA02006A4B210034
:10BE5000180014E7694DE8E738006949F4F754FA27
:10BE6000061E19D16748042D00D8F9E632003100CA
:10BE7000E06806F07BF8320031000500206906F02A
:10BE800075F801000600280003F0ECFB04005E4892
:10BE900023003200290020E75C48E1E630005C49DD
:10BEA000F4F732FA002800D0C4E55A48022D00D138
:10BEB000D6E6A76858493800F4F726FA061E17D1C7
:10BEC0005648042D00D8CBE632003100E06806F079
:10BED000DFF8320005003100206906F047F806005F
:10BEE000A8B2310003F04CFAA9B204004C48F2E6C3
:10BEF00038004C49F4F708FA061E17D14A48042DB9
:10BF000000D8ADE632003100E06806F0C1F832003A
:10BF100005003100206906F029F80600A8B23100BA
:10BF200003F08CFAA9B204004048D4E63800404936
:10BF3000F4F7EAF9002804D103F012FC04003D48AC
:10BF400089E53D493800F4F7DFF9011E0ED1032DD4
:10BF50000AD00200E06806F09BF80500280003F014
:10BF600067FB04003548F5E6354DF7E72049380012
:10BF7000F4F7CAF9011E1BD1032D17D00200E068A7
:10BF800006F086F8050003F0C7FA04002D482100EA
:10BF900001F0BAF9002C00D04EE5280003F012FBA6
:10BFA000040003F0BBF9284B020050E7134DEAE709
:10BFB00038001349F4F7A8F9061E16D12348042DBA
:10BFC00000D84DE632003100E06805F0CFFF3200C6
:10BFD00031000500206905F0C9FF010006002800B6
:10BFE00003F056FB04001A4852E71A4838E6C046E8
:10BFF000AD6A0208B06A0208CD6A0208C0D4010026
:10C00000F06A0208F46A0208116B0208316B020838
:10C01000D86802084D6B020808690208786B0208AC
:10C020009E6B0208226A0208C86B0208EB6B0208CA
:10C0300046770208136C0208886A02082D6C020811
:10C04000881300004E6C02086C6C0208906C0208A9
:10C05000AE6C0208CF6C0208F0B512270023D3B0F3
:10C060000CAABF180C00059011933B80012804D83E
:10C07000FFF762F8002053B0F0BD01F0CBF866681E
:10C080000690CA493000F4F73FF9002808D1069B12
:10C09000C749002B00D0C749C74801F035F9E9E787
:10C0A000069BC648002B00D1B4E03000C449F4F729
:10C0B0002BF9002800D1B2E03000C249F4F724F98E
:10C0C000051E00D02DE1059BBF48022B00D1A1E049
:10C0D000022308340793236818000893F4F71EF925
:10C0E0002B180600FF2B01D9FF235E1B002E07D063
:10C0F00012AB58193200089907F02CF8AD19ADB2FF
:10C10000079B0133DBB20793079A059B934205D93E
:10C110006B1C9BB20434FF2B00D8FDE011AB012156
:10C12000009306982B00019712AA04F0B9FA011E99
:10C13000A64800D02AE13988A54801F0E5F8119811
:10C140003988FFF747F81198002800D192E704F0EA
:10C1500033F88FE7BE00A3599E4918000893F4F7FF
:10C16000D3F8011E3BD1A6190200706805F090FFBC
:10C17000051E00D101350237FFB2059A7B1C9342A0
:10C18000E8D36B1C00240F930023012600270A9399
:10C190000B940893013B05930F9B9E4244D1012DC4
:10C1A00015D9002F00D1B1E00A980B99089B3A00ED
:10C1B00002930023F4F7D0FA874C059BEE1B019005
:10C1C00000933A0033002900200001F09DF81198F7
:10C1D000002801D003F0F0FF784278411DE07F494C
:10C1E0000898F4F791F8011E06D1A61902007068AC
:10C1F00005F04EFF0990BEE779490898F4F784F8F6
:10C20000011E06D1A6190200706805F041FF0790D3
:10C21000B1E7744801F078F8012040422BE702278B
:10C22000012507900990A8E7FAF782FA12230CAAD1
:10C230009B18019311AB0093002304001A0019000E
:10C24000069804F02DFA0E90FAF772FA0E9B041B72
:10C25000002B07D1079B002B0DD0A3420BD2062346
:10C260005B420E932A0031005F480E9B009401F060
:10C270004BF8013690E70CAB5B8A032B34D911994C
:10C28000002931D0042212A806F064FF129B2A0074
:10C29000310056480194009301F036F811980028B7
:10C2A00003D003F089FF0023119312230CAA9B18DB
:10C2B00000221A80099B934201D0B54222D8059BE7
:10C2C0000137A34200D90594089BA34200D20894E9
:10C2D00000230C940D930C990D9A0A9B0B9C5B18F0
:10C2E00054410A930B94C4E72A003100404800945B
:10C2F00001F00AF812230CAA9B1819881198FEF76E
:10C3000069FFCBE70998FAF719FAD8E72A0029005C
:10C31000384800F0F9FF5AE7202112AA51551D00B4
:10C32000D9E630003449F3F7EFFF00286AD1059BC6
:10C3300005000200022B21D00227083423681800D0
:10C340000793F3F7EBFF2B180600FF2B01D9FF2310
:10C350005E1B002E07D012AB58193200079906F069
:10C36000F9FEAD19ADB20137059BFFB2BB4214D93E
:10C370006B1C9BB2043412AAFF2B0AD901212B009B
:10C38000069804F02BFA011E0CD01C4800F0BCFFEC
:10C3900042E7202151551D00D0E712AA002DEDD112
:10C3A0002A00EBE7164800F0AFFF63E67B75020852
:10C3B000EF6C0208EC6C0208036D0208146D0208B1
:10C3C0002A6D0208786E02087D6E02088F6E0208E0
:10C3D000A16E02082F6D02080B6E0208326D020872
:10C3E000356D0208386D0208816D0208A86D0208DB
:10C3F000DF6D0208506E0208B76E0208BB6E0208BD
:10C40000CC6E0208FEF798FE06E7C046F0B50E2790
:10C41000A84C0D00A54404ABFF18002302903B80FC
:10C42000012815D8A44800F06FFFA44800F06CFF65
:10C43000A34800F069FFA34800F066FFA24800F09F
:10C4400063FFA24800F060FFA14800F05DFF0FE02D
:10C450004E68A0493000F3F757FF00280DD101F0D6
:10C46000D3FD9D49002800D09C499D4800F04CFF19
:10C470000020C9239B009D44F0BD9A493000F3F78A
:10C4800043FF011E1FD1029B022B18D00200A86897
:10C4900005F0FEFD029B0400934E032B00D0EE68D6
:10C4A0003100200001F0B0FB050032002B0021001C
:10C4B0008E4800F029FF6B1E9D416842D9E7E124B8
:10C4C000894E6402ECE730008949F3F71DFF00282C
:10C4D0000AD101F047FB04002100631E9C418548FE
:10C4E00000F012FF6042C4E730008349F3F70CFF0D
:10C4F000041E3BD1029B8148022B00D182E002271F
:10C5000008352B6818000393F3F708FF83B21B1953
:10C510000600FF2B0BDD80235B001E1B08AB1819E8
:10C5200032000399A41906F015FEA4B201E0002818
:10C53000F4D10137029BFFB22200BB420AD9631C2F
:10C540000435FF2B06D810219CB204AB5B184918A8
:10C550009954D6E72100C82208A801F055FC05002F
:10C5600021002A00664800F0CFFEA4E730006549AC
:10C57000F3F7CAFE041E3BD1029B022B25D001001B
:10C580000200A86805F084FD029B06008021032BB1
:10C590000CD021002200E86805F07AFD8023011C00
:10C5A00080B29B00984200D9191C89B248AD330073
:10C5B0003A00280001F08CFC041E09D052482100EA
:10C5C00000F0A2FE0120404253E7C8268021EDE79B
:10C5D00039884E4800F098FE3B88A34201D84C4869
:10C5E00033E7295D4B48013400F08EFEE4B2F3E7F7
:10C5F00030004949F3F788FE041E59D1029B032BF2
:10C6000003D8464800F080FEDCE702000100A8687D
:10C6100005F03EFD0C3503232E000590039333688F
:10C6200018000493F3F77AFE83B21B190500FF2B61
:10C630000BDD80235B001D1B08AB18192A00049931
:10C64000641906F087FDA4B201E00028F4D1039B31
:10C650000133DBB20393039A029B934209D0631C1C
:10C660000436FF2B05D8220020219CB208AB995438
:10C67000D5E7059B48AD0193802321002A00009750
:10C680009B0008A801F0B0FC041E254897D139880A
:10C69000244800F039FE0E2304AA9B181B88A342ED
:10C6A0009DD9295D1B48013400F02EFEE4B2F2E76B
:10C6B0001D48A7E7DCFCFFFFFC6E0208136F0208B1
:10C6C000206F0208416F0208526F0208666F02086D
:10C6D0008A6F02087B750208ED6E0208F16E02088F
:10C6E000AD6F0208B8670208F86E0208B96F020859
:10C6F000B6670208DE6F0208F56F0208F86F0208DD
:10C700000B70020884750208257002083870020850
:10C71000F3720208AB5F02084F70020854700208FF
:10C72000767002088B700208A770020830B50E4BB5
:10C73000040018680D0087B0002812D06B4605AAC7
:10C7400059751C754021022304F048F8021E08D0D8
:10C750000092064B0322064806490295019400F018
:10C760005FFD07B030BDC046749C01201471020803
:10C770003E7102085202000010B5054B18680028EF
:10C7800002D003F009FFF8E70A20F8F717FFF4E7F3
:10C79000749C012010B5074C2000FDF723FD0022FA
:10C7A000054B20001A8080320449D200FEF7DEFAE1
:10C7B00010BDC04638090020609801206298012011
:10C7C000F0B585B0FFF7E6FF040002252D4800957F
:10C7D0000023012229000068F7F711FE28421FD02C
:10C7E0000021294B29481A6819608A4209D1284B2F
:10C7F0000322284900F014FD274B1B68222BE4D0AC
:10C80000E0E7130706D500920322244B244900F0E9
:10C8100007FDD7E7A6210092224B04228900F6E704
:10C82000002C03D02800F8F7C9FECBE71A4A1E4BAC
:10C830001268222AC9D11D4E30680028C5D00433A1
:10C84000DB6F002BC1D01B68194F5D688023DB00B4
:10C850005D1B3A88ADB29542B7D016490391511885
:10C86000954205D9AA1A92B203F0AAFC3D80ACE722
:10C870009A1A92B203F0A4FC002DF7D02A00039973
:10C880003068F1E7709C01205C9801203E7102083D
:10C890005A7102088F020000C40900209F7102082B
:10C8A00096020000D971020838090020749C01200A
:10C8B000609801206298012007B50423019201AA23
:10C8C00003F05AFF07BD000070B5114B04001E684D
:10C8D0000D0088B0002E18D00591049002F018FDCC
:10C8E000069002F01BFD04AA079010234C21300093
:10C8F00003F074FF021E08D0009252210322054B60
:10C9000005480295019400F08BFC08B070BDC0464C
:10C91000749C0120FC7102083E710208F0B5937905
:10C920000E0015008FB0002B00D019E3110030006D
:10C930001469578905F040F9002863D1287A4D28F9
:10C9400000D90BE3F3F710FD4E0054000A030A036D
:10C950000A030A030A030A030A030A030A030A036F
:10C960000A030A030A030A0363007B009C000A030C
:10C970000A030A030A030A030A030A030A030A034F
:10C980000A030A030A030A03DB00E900F600FE00BB
:10C99000010115011B0127012A0137013A01440158
:10C9A00047015501620170017D018D019001B701C0
:10C9B000BE010A030A030A03CA01D001D60100021C
:10C9C0002A022D0230023D020A030A0343025A02E0
:10C9D0007102740277029402AB02C202C502C8025D
:10C9E0000A03E502F9F7B2FC0423099009AA05E05D
:10C9F000002C09D0002F07D03B0022002900300076
:10CA000003F0BAFE0FB0F0BD00231A00F6E70021D4
:10CA1000102209A805910691079106F04BFA07AB81
:10CA20000093C14906ABC14805AA06F0D1F8059BA1
:10CA30000993069B0A93079B0B931023D6E7BC4FE1
:10CA40000022380009A9FCF707F9021E02D0F322E0
:10CA500052422BE106AC21003800FCF725F9E378BF
:10CA600007AA1370637802A95370A378898B937017
:10CA70002378D37002AB9B7F918093710723BDE72E
:10CA8000002C01D0062F01D8FF22E1E76078431E79
:10CA90000B2B13D8A3785A1E02931E2A0ED8E278C5
:10CAA0000392013A062A09D822799446172A05D812
:10CAB00067793B2F02D8A2793B2A01D9F122C7E737
:10CAC00009A963468A7000220B704F70CA702478DF
:10CAD000029B07AFFC70BB70954C039BCA600A6158
:10CAE00078703B702000FBF7EFFF021EAFD13900DA
:10CAF0002000FCF753F80028A9D10022D6E0002C32
:10CB0000C2D0012FC0D920780428D7D861786429F1
:10CB1000D4D804F02DFA0200C8E0002CB4D0002FC5
:10CB2000B2D020780428AFD804F0AEFA09AA0123C5
:10CB3000107063E7002CA7D0002FA5D0207804F058
:10CB4000ADFAE8E704F0B8FAF0E704F0C3FA07003A
:10CB500004F0EAFA09AC77492780F4F7B7F8F4F75C
:10CB60000FFA1E2302AA9B181880000C5880062377
:10CB700043E704F0FBFA070004F022FBEAE7002C8D
:10CB800082D0002F00D17FE72078642800D97BE78E
:10CB900004F058FBBFE704F063FBC7E7002C00D1AB
:10CBA00072E7002F00D16FE72078642800D96BE787
:10CBB00004F064FBAFE704F06DFBB7E7002C00D195
:10CBC00062E7002F00D15FE7207804F071FBA2E755
:10CBD00004F07AFBAAE7002C00D155E7012F00D81A
:10CBE00052E72078012800D968E7617804F078FBE3
:10CBF00091E7002C00D147E7002F00D144E72078CF
:10CC0000012800D940E704F087FB8FE7002C00D112
:10CC10003AE7012F00D837E72078012800D94DE7FF
:10CC2000617804F095FB76E7002C00D12CE7002F0B
:10CC300000D129E72078012800D925E704F09EFBE0
:10CC400074E7002C00D11FE7002F00D11CE72078EB
:10CC5000012800D918E704F0B1FB002800DB65E7E4
:10CC600059E704F0C1FB56E7002309A909939C4248
:10CC700000D109E7062F00D806E723790B70637906
:10CC80004B70A3798B706278237812021A43A378D1
:10CC9000E0781B0413430006184300F0B5FF041EA0
:10CCA00003D13100244801F0B7F9220029003000F7
:10CCB000FFF702FEA6E60021080001F0ADF900F042
:10CCC00051FF28E7002C00D1DEE6002F00D1DBE683
:10CCD000C8223900200001F097F81CE7174802F03D
:10CCE000ADF802F031F816E7002002F0A7F802F0E4
:10CCF00061FD02E7002C04D0002F02D02378002B26
:10CD000008D10F4802F0A0F8021ECFD10D4802F062
:10CD100035FA00E7012B03D1094802F095F8FAE64D
:10CD2000022B00D0CAE6F1E726720208D85A0208A0
:10CD3000A005002000007A4415D00108C9C80108E8
:10CD4000928302088083020802F0DCF909AC2070AB
:10CD500002F0D2FA607002F0D5FAA07002F0AEFCD8
:10CD6000E07002F0B1FC207102F0D2FA212302AA95
:10CD70009B18020A18705A70020C000E9A70D87034
:10CD800002F0CCFA252302AA9B18020A18705A70E6
:10CD9000020C000E9A70D8700D232EE602F0B8F93E
:10CDA000B9E602F0D3F9B6E6002C00D16CE6012F0B
:10CDB00000D869E6607823780002184302F06AF927
:10CDC000A9E602F083F909AA0223108016E6002CD6
:10CDD00000D159E6052F00D856E6E278A378120272
:10CDE0001A43237961791B041343607809061943B8
:10CDF00023780002184302F097FA8CE6002C00D149
:10CE000042E6052F00D83FE6E278A37812021A43E3
:10CE1000237961791B041343607809061943237849
:10CE20000002184302F0D8FA75E602F073FC72E6CD
:10CE300002F036FB6FE6002C00D125E6072F00D864
:10CE400022E66279237912021A43A379E1791B045D
:10CE50001343090662781943237812021A43A37810
:10CE6000E0781B0413430006184302F0FBFB52E674
:10CE7000002C00D108E6052F00D805E6E278A3785B
:10CE800012021A43237961791B041343607809065F
:10CE9000194323780002184302F072FA3BE6002C93
:10CEA00000D1F1E5052F00D8EEE5E278A378120273
:10CEB0001A43237961791B041343607809061943E7
:10CEC00023780002184302F0B9FA24E602F048FC85
:10CED00021E602F021FB1EE6002C00D1D4E5072F4D
:10CEE00000D8D1E56279237912021A43A379E17956
:10CEF0001B041343090662781943237812021A436C
:10CF0000A378E0781B0413430006184302F0C0FB2B
:10CF100001E6002C00D1B7E50B2F00D8B4E5637A09
:10CF2000227A1B021343A27AA17912041A43E37AEC
:10CF3000A0781B061343E279277812020A43E178AE
:10CF4000090201432079000408436179090601437D
:10CF500060780002384302F075FCDCE5F92277E5E1
:10CF6000022B00D04EE51100300003F091FC49E5A2
:10CF7000F0B5254D87B02F680C0018000592002FE2
:10CF800022D0224E3368002B1ED0FA21890048435C
:10CF9000F3F7F4F9010004903800F7F777FE070083
:10CFA000012811D11A4B21001800059A0393FCF7B0
:10CFB000EBFF041E0CD00398FDF7C4F800231A0001
:10CFC00019002868F7F77EFC0120404207B0F0BD49
:10CFD000049B3A000093390003003068F7F70FFA1A
:10CFE00006003E40384206D10398FDF7ABF8330007
:10CFF00032003100E5E72300220021002868F7F71E
:10D0000061FC2000E2E7C0466C9C0120709C01207E
:10D010003809002037B505000C00101E13D0002D74
:10D0200011D000290FD00B002A00412103F0D6FBBC
:10D03000002808D0044D0090032260212800034BF3
:10D04000019400F0EDF837BD3E7102082F7202081E
:10D0500070470000002307B502680193094B9A420C
:10D060000ED1094B186800280AD0012101AAF7F750
:10D07000A5FA019B002B03D08022044B52051A60B5
:10D0800007BDC04600440040709C012004ED00E054
:10D0900007B50022016801920B4A0300914212D1A8
:10D0A0000A4A106800280ED090331A68084B0221F3
:10D0B0001A6001AAF7F782FA019B002B03D08022A5
:10D0C000044B52051A6007BD00440040709C0120CB
:10D0D0005C98012004ED00E0F0B53E4F85B03B6860
:10D0E0000293002B35D1F7F77DF93B4C20600028E7
:10D0F0000AD00120F7F7A2FC384D061E286008D19F
:10D100002068F7F73DFA2660FB267642300005B02E
:10D11000F0BD33493348029A03F0BAF9061E38606D
:10D1200004D12868F7F7D4FE2E60E9E704F022FD69
:10D13000061E10D0386803F0EDF9029B28683B60AA
:10D14000F7F7C6FE029B20682B60F7F719FA029BDF
:10D150002360FE26D9E7244B802203930193042306
:10D1600022490093224833001201F8F76BF8012896
:10D1700004D0386803F0CEF93E60D2E71D4BC022E0
:10D18000019304231C4900931C483300D200F8F794
:10D1900059F80290012806D0039B1868F8F780F828
:10D1A000039B1E60E5E7164C3000210004F0FAF8FE
:10D1B0002100029804F0F6F880223100D2001148D4
:10D1C00005F078FE104B029A1049114800F028F83B
:10D1D0009CE7C046749C0120709C01206C9C01203F
:10D1E0001DC9010871CF0108689C01205572020811
:10D1F000C1C70108649C01205E72020879C701085A
:10D200002DC701086298012066720208170300000A
:10D210003E710208014B18687047C046749C01209B
:10D2200008B4F0B586B003915C210500160005F046
:10D230006EFE002801D0451C05E02F21280005F0D6
:10D2400066FE0028F7D10B9B002B4AD0274B002409
:10D250001B68B34230DC052E2EDC254B1978029377
:10D26000A14241D10123029A224F1370802238003B
:10D27000920005F01FFE80210CAB38000B9A89004C
:10D28000059305F04BFDA04226DB1B4B1C68002CD0
:10D2900018D10024184B1B68002B02D023000C333C
:10D2A0001DD1164B2A00995D1548039B009705F088
:10D2B0001FFC0023029A1370200006B0F0BC08BCCB
:10D2C00001B018473B00320028000399A04700280E
:10D2D000DFDA0C246442DDE70D246442E9E7002430
:10D2E000E7E70F246442E7E70B24FBE7789C012083
:10D2F000809C0120819C01207C9C01204C830208A1
:10D30000A0720208002070470FB410B596B018AB99
:10D3100004CB02AC50212000019305F0FFFC4F2804
:10D3200000D94F2000232354200003F00FFC16B037
:10D3300010BC08BC04B0184710B5054904000548E6
:10D34000FFF7E2FF002323706370A37010BDC04697
:10D35000B2720208BC72020810B503784278934298
:10D3600009D0013AD2B24270811C01309A4204DCE9
:10D370000448FFF7C9FF002010BD0133CC5CC45442
:10D38000F4E7C046C4720208037810B5002B0DD034
:10D390004278013B013ADBB2D2B203704270811C89
:10D3A00001309A4204DC0448FFF7AEFF002010BDB4
:10D3B0000133CC5CC454F4E7C172020810B50378A1
:10D3C00042789A4204D0013303700248FFF79CFF71
:10D3D000002010BDC8720208037810B5002B04D0DD
:10D3E000013B03700248FFF78FFF002010BDC046CD
:10D3F000CC720208C92270B59200835C0400002B35
:10D400001BD0013BDBB28354002B18D1124BC51843
:10D410001248FFF779FFA61C2000FFF78DFF2900B7
:10D42000300005F084FE3000F2F778FFC0B2607083
:10D43000207031000A48FFF767FF002070BD094ADD
:10D440000A21805C0A30C01AF3F708F9CDB2AD01A9
:10D4500053356519DCE7C046D3020000D0720208DC
:10D46000787D02082503000070B51C4B0400C25CE7
:10D47000002A31D0C925AD00435D9A422CD9184A03
:10D48000861C825C134304D1154B3100C01805F093
:10D490004EFE635D134A0133DBB26355A05C0A2183
:10D4A0000A30C01AF3F7DAF80D000F48FFF72CFF27
:10D4B0002000FFF741FFE9B28901533161183000C4
:10D4C00005F035FE3000F2F729FFC0B26070207021
:10D4D00031000648FFF718FF002070BD230300004D
:10D4E000D302000025030000D0720208787D0208F4
:10D4F000F0B500244378ABB0C21805009470A34285
:10D5000000D19EE0831C190016A806940293270000
:10D5100005F00DFE200016AA117800291DD1002C5F
:10D520000AD00F2F08D89023BA00D21806ABD21811
:10D53000903A01371460FFB2069B0193002B00D193
:10D540007BE00024414B1B880593414B0493059BD2
:10D550009C4226DB3F48019938E0002C04D1202969
:10D5600000D014000132D7E72029FBD10F2F0BD8B0
:10D570009023B900C91806ABC918903901370C605F
:10D5800010700024FFB2EDE710213348FFF7BCFE16
:10D5900001235B4201932800FFF7CEFE01982BB0D8
:10D5A000F0BD0C236343049A01989E1831680393DD
:10D5B000F2F7AAFE00280ED12848FFF7A5FE7368EF
:10D5C000002B0AD1049B039A25489958FFF79CFE2B
:10D5D0000023019305E00134B9E7380006A9984714
:10D5E0000190AB78002BD6D01E4F1F4EEB5DAC5D8B
:10D5F000002B07D0A101133102986918F2F784FEBD
:10D600000028C8D0A00153306A780299281805F084
:10D610006AFCA85D6A788301EB189B1800225333DB
:10D620001A70EB5D092B01D80133EB5501300A214B
:10D63000C0B2F2F729FFA955ADE70848FFF764FE2D
:10D64000C6E70648FFF760FEA5E7C0467E830208EE
:10D650001C00002010730208D6720208F372020840
:10D66000F67202082303000025030000F7B5427894
:10D6700004000D004E2A07D11548FFF745FE200093
:10D68000FFF75AFE0020FEBD0378581CC1B201917D
:10D690009A4204D01100A61CE71C8B4213DDE1184E
:10D6A0008D7001992170511CC9B2617064180021FC
:10D6B000A1709A4203D007480131FFF725FE2800E8
:10D6C00003F036FADEE7705C78540139E5E7C046CE
:10D6D000277302083A73020870B500250848FFF75F
:10D6E00013FE084B084C1E88AE4200DC70BDA268D9
:10D6F00021680648FFF708FE01350C34F4E7C04600
:10D70000407302087E8302081C0000206F73020829
:10D71000F0B589B0009043780593002B0AD1864874
:10D72000FFF7F2FDFFF7D8FF0098FFF705FE002096
:10D7300009B0F0BD009B059902330393009B039A47
:10D740001B78D318009A5218002191705A1E1100AC
:10D75000501C02900398541CA0423FD31E0020206E
:10D76000327882433FD1029AB21A0492029A9642C8
:10D77000DDD01A78202A05D1039A9A4202D20B787A
:10D78000202BD4D0039B029A93422ED000273C003A
:10D790006A4B01971B880693694B0793069B9F4230
:10D7A0002EDA079ABB00D55802982900049A05F092
:10D7B00089FB002810D1019B002B09D0002C5BD0E5
:10D7C00029002000F2F7A0FD434258414542254080
:10D7D0002C00019B013301930137DFE71078013AF8
:10D7E0002028B5D1BAE70136BAE700273C00554BEF
:10D7F00001971B880693544B0793069B9F421FDBA0
:10D80000019B012B68DD4C4D00242800FFF77CFDB7
:10D81000039B029A93425AD0484B1F88BC4240DA7D
:10D82000474AA300D65802983100049A05F04AFBF3
:10D83000002803D131004548FFF766FD0134EDE7CC
:10D840000C237B43079A0298D558049A290005F0C7
:10D8500039FB00280ED1019B002B07D029002000A6
:10D86000F2F752FD43425841454225402C00019BAE
:10D87000013301930137C0E72500A9E73B0063436B
:10D88000314A0298D658049A310005F01BFB002853
:10D8900003D131002D48FFF737FD0134019B9C4235
:10D8A000ECDB2800FFF730FD29492A48FFF72CFD63
:10D8B00003992948FFF728FD009B59781B78C91A5E
:10D8C000002900DC33E72548FFF71EFD2FE71D4B3D
:10D8D0000C271B880193E1E7019B012B00D026E771
:10D8E000002C00D123E72000F2F718FD049BC51A95
:10D8F000002D00DC1BE7059B5B194F2B00DD16E7B5
:10D900003000F2F70BFD7119421C300005F0C0FA2F
:10D91000049B2A00E4182100300005F01BFC009B4A
:10D92000009A5B78EDB2EB18537013782100ED1874
:10D9300009481570C8E7C046F37202087C830208E4
:10D94000100000207E8302081C0000207B73020868
:10D95000B2720208BC720208787D02087F73020866
:10D9600010B5334A01001378324C002B32D12038E5
:10D970005E280CD90D291FD8072922D9183005286F
:10D980001FD8F2F7DDFC4E03501E1E5002232A4A18
:10D9900098008258002A0ED0033B012B09D923009E
:10D9A00052331B78002B04D1C92080002354234814
:10D9B00023542000904710BD1B2907D007237F293F
:10D9C000E5D02300002252331A7001E001231370C6
:10D9D0000923DCE7022B08D0032B1AD0012BF0D14E
:10D9E00001335B28F3D00023F1E7002313703328C1
:10D9F0000DD00300413B032BEAD842380323022811
:10DA0000C5D8F2F79DFC0C0212000623BFE70323E2
:10DA1000DDE70023137008337E28D9D1B7E704234C
:10DA2000B5E70723B3E70123B1E70523AFE7C04616
:10DA3000D39E0120819E012054830208D30200005E
:10DA400010B5FFF749FE002010BD000010B50448D6
:10DA5000FFF75AFC0348FFF757FC002010BDC046F3
:10DA6000857302088A7302088022F0B5334B344E66
:10DA700085B03100180092000393FDF777FA314F1B
:10DA8000002803D002213868F6F738FD01235B42F5
:10DA90000093012200232A213868F6F7B0FC2023E6
:10DAA000184241D1830709D50398FCF79BFB8022DC
:10DAB000310003989200FDF759FAE7E70007E5D532
:10DAC000214B1D888023ADB22C1C9B009D4200D9A8
:10DAD0001C1C1E4B0A211868A4B2F7F7D7F80128BE
:10DAE00016D1002D04D022003100194805F032FB78
:10DAF0000122184B15481C80174B00681A70002330
:10DB000019001A00F6F7DEFE11213868F6F7F6FC68
:10DB1000124B1B68002BCAD0002DC8D0104A210020
:10DB2000300012689847C2E740213868F6F7E6FCF3
:10DB30000020F7F7B5FB05B0F0BDC046A4080020F3
:10DB4000B6A50120C4A70120B4A10120BCA70120D3
:10DB5000B6A10120B2A10120B0A10120ACA10120F9
:10DB6000A8A1012073B5204D204C2B68002B0FD0AD
:10DB7000206800280CD02021F6F7C0FC6423009315
:10DB80000122002340212068F6F739FC00232B6096
:10DB9000174D2800FCF74AFA164E3378002B04D0B4
:10DBA0002800FCF7D1F9F6F7C5F90025124B3570BE
:10DBB000124E1D803068124B1D70A84202D0F7F73C
:10DBC00087F935600F4D2868002803D0F7F780F9F2
:10DBD00000232B602068002803D0F6F7D1FC002337
:10DBE0002360002076BDC046B8A70120C4A701204D
:10DBF000A4080020B6A70120B4A10120BCA70120E1
:10DC0000B0A10120C0A70120F0B56C4B93B00693E2
:10DC10001B78059003910793002B00D0C9E0684959
:10DC2000684A4318934200D9C5E0F6F7DBFB664D1E
:10DC3000286000280AD00120F6F700FF634E041E7A
:10DC4000306006D12868F6F79BFC2C60FB20404230
:10DC5000ADE00120F6F7F2FE5D4B041E186004D122
:10DC60003068F7F735F93460ECE709AF3A00594B03
:10DC7000594C23CB23C223CB23C223CB23C2E3683B
:10DC8000A6680493039B2569002B2CD01800F2F79B
:10DC900045FB032814D1039B1B78372B14D0382B5A
:10DCA00015D0392B0CD1802676012022039B5B787E
:10DCB00093434E2B0DD0452B35D0C0254F2B33D061
:10DCC000FFF750FFFC20C2E780267605EDE7079EB0
:10DCD000EBE70025039B9B78312B27D08022920114
:10DCE0000492322BECD12000FCF7A0F92000FCF7C5
:10DCF0002BF93A00059B7E600993049BFD60BB6095
:10DD0000231D23CA23C323CA23C323CA23C3002337
:10DD1000200019001A00FDF77FF8011E09D0FFF757
:10DD200021FFF32093E78025ED00D3E70023049340
:10DD3000D9E72000FDF7D8F8011EF0D12000FDF74B
:10DD4000F3F80028EBD12000FDF7B0F8041EE6D16F
:10DD5000802221009200214805F0ACF880222100A9
:10DD600092001F4805F0A6F88022210092001D486D
:10DD700005F0A0F81C4B80221C801C4B1C491C8009
:10DD80001C4B1D481C701D4BD2001C601C4B1C60A2
:10DD90001C4B0193022300932300F7F753FA012849
:10DDA00002D0FFF7DFFE51E7069B1870200013B08A
:10DDB000F0BDFE204BE7F12049E7C046B6A70120A1
:10DDC00050FBFFFF903D0F00C4A70120C0A701201A
:10DDD000BCA70120A8080020A4080020B6A50120A7
:10DDE000B6A30120B6A10120B4A10120B2A1012057
:10DDF0007E750208B0A1012069DA0108ACA10120FA
:10DE0000A8A10120B8A70120F0B52C4B06001B7873
:10DE10000C00100087B0002B4BD0002E4BD080227E
:10DE20004B1E9BB29200934245D2FA21890048438F
:10DE3000F2F7A4FA224D010004902868F6F726FFB5
:10DE40000390012803D0F720404207B0F0BD1D4BDE
:10DE5000220031001800059305F07CF91A4F0421C7
:10DE60003868F6F734FB194E220030000599FCF7AC
:10DE70008BF8041E07D0002328681A001900F6F753
:10DE800021FDF320E0E7049B04210093039A0300A3
:10DE90003868F6F7B4FA070023002200210028684A
:10DEA000F6F710FD20007F07CFD43000FCF74AF9C9
:10DEB000C9E7FE20C8E7FF20C6E7C046B6A7012095
:10DEC000C0A70120B6A30120C4A70120A4080020F8
:10DED000F0B587B005933E4B0C001B7817000390FC
:10DEE000002B00D16DE0002800D16CE0002A00D1A9
:10DEF00069E0002967D00023364D1421286813807B
:10DF0000F6F7C4FE012823D1334E2B6831780493F1
:10DF1000002918D0314B1A88131CA24200D9231CA7
:10DF20009CB2002C04D022002D49039805F012F970
:10DF300000210B000A0004983170F6F7C3FC0020A2
:10DF40003C8007B0F0BD0B000A000498F6F7BAFC5D
:10DF5000FA21059889004843F2F710FA214E009003
:10DF60000023012212213068F6F749FA83072CD4E6
:10DF7000C0060FD514212868F6F788FE012809D1BC
:10DF8000154E2D683178002907D10B000A002800B2
:10DF9000F6F798FCF7204042D3E7104B1A88131C81
:10DFA000A24200D9231C9CB2002C04D022000C49B0
:10DFB000039805F0CFF8002128000B000A0031700B
:10DFC000BBE7FE20E7E7FF20E5E7F320E3E7C046F5
:10DFD000B6A70120BCA70120B0A10120B2A1012059
:10DFE000B6A10120C4A7012070B51400059A1D0038
:10DFF000FFF70AFF002805D129002000059B049A9D
:10E00000FFF766FF70BD0000024B1878431E984171
:10E010007047C046B6A70120064B1B78002B05D0E1
:10E02000054B18600020054B19607047FE204042E8
:10E03000FBE7C046B6A70120ACA10120A8A10120A2
:10E04000002307B50193984218D00D4B02689A42FD
:10E0500014D10C4B1868002810D00B4B1B78002BE8
:10E060000CD00A4B01AA19800821F6F7A7FA019BE8
:10E07000002B03D08022064B52051A6007BDC04614
:10E0800000480040C4A70120B6A70120B4A1012088
:10E0900004ED00E0002307B50193984216D00C4B25
:10E0A00002689A4212D10B4B186800280ED00A4B16
:10E0B0001B78002B0AD0042101AAF6F77FFA019BF6
:10E0C000002B03D08022054B52051A6007BDC046C5
:10E0D00000480040C4A70120B6A7012004ED00E0DD
:10E0E000002307B50193984216D00C4B02689A4260
:10E0F00012D10B4B186800280ED00A4B1B78002B4E
:10E100000AD0022101AAF6F759FA019B002B03D08D
:10E110008022054B52051A6007BDC04600480040EA
:10E12000C4A70120B6A7012004ED00E00A4A0B4B6A
:10E130001278002A04D01A004132107800280AD040
:10E140001A00423212780120002A04D04333187892
:10E15000431E9841C0B2704788A8012048A80120FA
:10E16000024B1878431E9841C0B2704718A801208E
:10E17000F0B585B002AB9D1D002304002B809842B2
:10E1800046D124272A4B2B4ADB7F2B4E0192002BB2
:10E190003BD02900380001F081FD002836D1FF2353
:10E1A000298838009943298001F050FD00282DD19D
:10E1B000224D002C35D1AB1CDC870023204A337064
:10E1C000117873600133002903D05278A24200D144
:10E1D0000233019A1370FFF7A9FF002815D06B1CBA
:10E1E000DB7F022B05D10122AB1CDA87F8F7AEF8F2
:10E1F000E863AB78022B05D101222B1DDA87F8F7F3
:10E20000A5F8E861200001F08DFD002005B0F0BD0B
:10E21000012809D1094B0B4A29279B780A4E019204
:10E22000B5E72B1DD887C8E7FF204042EEE7C04680
:10E2300049A8012068A8012078A8012048A8012049
:10E2400018A801204AA8012058A801201E23F0B5D3
:10E250008FB0140006AA9B1800221A800B00774A80
:10E26000183B9BB28C460690934200D9E0E0002C0C
:10E2700000D1DDE0E317E7185F4080235B029F4297
:10E2800000DBD5E000282FD16D4A6E4D0792252284
:10E290006D4B0995DB7F6D486D496E4E6E4D0A9250
:10E2A000013A0892022B00D1C4E002229343012BD1
:10E2B00000D0C1E03378002B26D0066809688E4272
:10E2C00022DD079B1A68A218914201DC96421BDAF4
:10E2D00001910092614B0322614862490296FEF768
:10E2E0009FFFF124644238E0069B012B00D09FE0A1
:10E2F0005D4A5E4B07925E4A9B7809925D482A22EE
:10E300005D495E4E5E4DCAE7634618215D4859433C
:10E31000F2F734F86B46C02107909B8B49004143CC
:10E3200058480B93F2F72AF8BEB2874200DB86B258
:10E33000BB1B6B600B9BE4436B8001231E272B7080
:10E3400006ABE40FFF186C7039000898AE6001F05E
:10E35000A5FC041E04D000232B7020000FB0F0BDDC
:10E36000E0223B88920113401E438023DB003343AD
:10E370003B806B78002B03D1A023DB0033433B8031
:10E380000B990A9801F062FC041EE4D139880898C0
:10E3900001F05CFC041EDED1069B0227334E002BED
:10E3A0003BD1102001F07AFD099B1F70F7F7CEFFDB
:10E3B000069AF319F063DA87FFF7B8FE002815D044
:10E3C000731CDB7F022B05D10122B31CDA87F7F720
:10E3D000BDFFF063B378022B05D10122331DDA872C
:10E3E000F7F7B4FFF061069801F09CFC6B782D22E2
:10E3F000012B00D1023A696804920591A968029242
:10E4000003919121079A204B0192069AC90000922C
:10E4100013480222FEF704FF9FE7202001F03EFD93
:10E42000099B1F70F7F792FF331DF061DC87C3E78C
:10E43000FF2457E7F22455E7FE2453E7880F000036
:10E440006CA8012068A8012049A8012074A8012017
:10E4500070A8012069A8012078A80120877502080A
:10E46000C8750208290400004CA8012048A8012012
:10E470004AA8012054A8012050A801204BA801203F
:10E4800058A80120C0FC9B01EE75020810B5044B92
:10E49000187E01F053FC431E9841C0B210BDC04627
:10E4A00018A8012010B5034B5878022801D101F0BB
:10E4B00039FC10BD48A8012037B50D00002104002B
:10E4C00001F0CAFC09490B68072B07D8084A9800D5
:10E4D0008450084A013385500B6037BD0322AE21BA
:10E4E000054B00940548FEF79BFEF6E7C8A7012000
:10E4F000ECA70120CCA701203C760208C8750208D1
:10E5000037B51D4C0500A3681B78022B02D160783B
:10E51000FFF72EFE00230121E2681370A26811703C
:10E52000A21DD377E0692370236A184301F0B6FC7B
:10E5300001F054FD6378002B10D180200F4B800038
:10E540001D602900FFF7B8FF2B000D48F8330AD1F2
:10E5500003220C4B0C49FEF763FE37BD80200B4BAA
:10E5600040001D60EDE7AD210422094B00958900B4
:10E57000FEF756FEF1E7C04618A8012010A80120BA
:10E58000C875020872760208B202000014A80120C1
:10E590009876020870B5184CA3681B78022B02D13C
:10E5A0006078FFF7E5FD00256368E2681D600123E0
:10E5B0001370A2681370A31DE069DD77236A2570CC
:10E5C000184301F06BFC01F009FD6378AB420ED1FA
:10E5D00080200A4A800013600021FFF76DFFA4210C
:10E5E0000222074B89000748FEF71AFE70BD802003
:10E5F000054B40001D60EFE718A8012010A801207E
:10E60000B9760208C875020814A801200E23F0B5D7
:10E6100089B004AA9B1800221A80D04CC32023780A
:10E62000002B04D0236AE0691843C3231843002356
:10E6300064211A0001F0F0FB049001F0C3FB039089
:10E640000028EAD12378002B3BD1F7F77FFEC44B9B
:10E650000500DB7FC34E022B17D1F36BC24AC31AEE
:10E66000934212D98021C14AC14B49000092C1484E
:10E670000422FEF7D5FD0398FFF77AFDF721042366
:10E68000102049423384FFF717FFB64EB378022BB0
:10E6900017D1F369ED1AB44B9D4212D90C21B34A3C
:10E6A000B54BFF310092B3480422FEF7B9FD0120BB
:10E6B000FFF75EFDF7210423202049427380FFF716
:10E6C000FBFE4022049B134224D02678002E1ED14C
:10E6D000A44DAF78032F1AD1E968AA68914204DDEE
:10E6E000002A02DC002900DBA9E0A44B0191009282
:10E6F000A34904229F48FEF793FD0123FE218020B9
:10E70000AB70A04B494240001960FFF7D5FE402096
:10E7100001F0C4FB049B1B0628D5904C2778002FE2
:10E7200021D18F4B8F4DDB7F0593032B1BD1E96AE2
:10E73000AA6A914204DD002A02DC002900DBB1E074
:10E740008E4B01910092904904228A48FEF768FDA1
:10E750000123FE2180200135EB778C4B494280005C
:10E760001960FFF7A9FE802001F098FB049B7B4C09
:10E770009B0700D191E10123049A1A421FD0784AE5
:10E78000784DD27F022A1AD12A00413213702B0011
:10E7900030331B78002B12D02B003133696AAA6BFF
:10E7A00018788B1A012800D153186B626B6B002B01
:10E7B00000DC11E1934200DAA7E09B1A6B63049B33
:10E7C0009B071FD5674DAB78022B1BD12B00012275
:10E7D00043331A702B7C002B14D06968AA69687CBB
:10E7E0008B1A012800D153186B606B69002B00DC79
:10E7F00033E1934200DA0AE19B1A6B61039B002B21
:10E8000000D010E1FFF792FC002800D142E1F7F7B9
:10E810009DFD534B534AD97F0023022903D1911CFC
:10E820000133CB87D0639178022900D02FE1131DEB
:10E830000139D987D061002001F074FA2AE1282239
:10E840003100200004F036FB01236370504B282078
:10E850006360504B2776A3604F4BEE70E3604F4BE5
:10E8600023614F4B63610823E3611833236201F096
:10E8700015FB01F095FBFFF709FE031E3D4808D08C
:10E880006A68277000920222464B4749FEF7C8FC8F
:10E890003DE70123C7216A68237089000092434B3A
:10E8A0000222F3E728223900200004F003FB404B4A
:10E8B000022663603F4B1420A3603F4B2676E36043
:10E8C0003E4B23613E4B63610423E3610C332362BF
:10E8D000AB19DF7701F0E2FA01F062FBFFF7D6FD3A
:10E8E000031E244809D0059B6A6A237000923200F7
:10E8F000344B3549FEF794FC35E701236A6A2370EF
:10E9000032490092324B3200F4E7AB63002304AA91
:10E910006B630E339B181900242001F0BFF9061E0B
:10E920000ED1FF2204ABDB89A96B9343194389B253
:10E9300004AB2420D98101F089F9061E00D13EE7FD
:10E940000020FFF715FCA2210422224B09484900B0
:10E950002A84FEF765FC039631E7C04618A801201B
:10E9600049A8012048A8012087130000881300004F
:10E97000E4760208C8750208187702084B77020887
:10E980003203000014A801205203000010A8012047
:10E990004CA801204AA801204BA8012050A8012022
:10E9A00054A801209177020813030000D7770208CA
:10E9B0006CA8012068A8012069A8012070A8012086
:10E9C00074A8012022780208160300001F0300002B
:10E9D00069780208B57802080020FFF7C9FB2378A0
:10E9E000002B0FD0617800290CD1206A102809D1A2
:10E9F00001F032FA54210222BC4BFF31BC48FEF731
:10EA00000FFCDCE600211020FFF756FDF2E7AB61BA
:10EA1000002304AA6B610E339B181900292001F012
:10EA20003DF900280BD00120FFF7A2FB0422BB21F7
:10EA3000B04BAF486A804900FEF7F2FBE2E6FF22E6
:10EA400004ABDB89A9699343194389B204AB29203C
:10EA5000D98101F0FBF80390D0E60120FFF788FB95
:10EA60002378002B0ED06378012B0BD1206A20284D
:10EA700008D1002101F0F0F9862102229E4B9C482A
:10EA8000FF31D9E700212020FFF716FDF4E7002B26
:10EA900000D0D0E6032001F001FA2378002B00D04B
:10EAA00016E101F0A3F9954D2B68002B00D1B4E5D8
:10EAB0000024934B1E68A64200D012E100232B6075
:10EAC000ABE5DB7F002B02D0F820404228E0FFF7C7
:10EAD000DDFC002802D00323237053E06078012876
:10EAE00021D123691B685D42013BDB171D40913535
:10EAF000FF3596212A00C900FFF7A8FB63780700BD
:10EB0000804A012B00D1804A804B00927848022233
:10EB10007F490195FEF784FB0223002FDCD03800EB
:10EB2000FFF7EEFC2EE063691D68EB43DB171D4029
:10EB30009135FF356D42DCE7DB7F002BC4D1FFF759
:10EB4000A5FC011E0FD06078FFF712FB236AE06975
:10EB5000184301F0A3F9E42102226E4B64488900B6
:10EB6000FEF75EFBB7E703000200206A01F054F9EC
:10EB7000A26803001278206A022A12D1184201D03A
:10EB800001F08CF9207800288BD0013E002E88D02F
:10EB90000138032800D999E0A31DF1F7C7FB92CDF6
:10EBA000164B184201D001F079F9FFF76FFC031EF4
:10EBB0004F4803D00222584B5849D1E70422584B02
:10EBC0005849FEF72DFBF7207FE7DB7F002B00D0B5
:10EBD0007AE7E069236A184301F060F96078012858
:10EBE0001FD163691D68EB43DB171D409135FF356D
:10EBF0006D42C8212A004900FFF728FB637807000F
:10EC0000404A012B00D1404A474B0092384802222B
:10EC100046490195FEF704FB0423002F00D15BE772
:10EC20007DE723691B685D42013BDB171D40913581
:10EC3000FF35DEE7D97F002900D045E7236AE06988
:10EC40000A0018430B0001F0E7F8A26803001578EA
:10EC5000E269022D18D1024214D06078FFF788FAD9
:10EC60000122631DDA77E069236A184301F016F97F
:10EC7000F1212A002E4B1E488900FEF7D1FAFFF73A
:10EC800089FC7FE7206A79E702420FD06078FFF7BE
:10EC90006FFA0122631DDA77E069236A184301F0F5
:10ECA000FDF80222224B12482249E6E7206A184268
:10ECB00000D167E701F0F2F8631DDB7F002B00D085
:10ECC00060E704221C4B0A481C497AE7002303E74B
:10ECD000212657E71A4A1B4BA00011581858B04775
:10ECE00001342B689C42F5D3E8E6C046D978020887
:10ECF000C8750208F478020817790208C8A701202D
:10ED00000CA80120DE760208D976020831790208C3
:10ED10007E03000065790208957902089F030000D0
:10ED2000C8790208A2030000037A0208AF030000BA
:10ED30003B7A0208CE0300006A7A0208D30300007F
:10ED4000CCA70120ECA70120F0B52B4B85B01C7897
:10ED50000393002C4ED121001800442204F0AAF89D
:10ED600021002822254804F0A5F8FE22244B524217
:10ED70001A60244B1A6000F013FF234E041E09D0C2
:10ED8000009004223000214B2149FEF749FA20006F
:10ED900005B0F0BD21001F4801F0DEF81E4F3860BD
:10EDA00000280AD1042230001C4B1D49FEF738FA16
:10EDB00000F036FFFB246442E9E73E21194801F0E8
:10EDC00079F8194B051E18600AD10422174B18490F
:10EDD0003000FEF725FA386801F0D8F83D60E7E723
:10EDE0000123039A3000137012490222124BFEF7DE
:10EDF00017FACCE7FE24DEE748A8012018A8012076
:10EE000014A8012010A80120C8750208AB7A0208D6
:10EE1000EB0400000DE6010844A80120CB7A0208AB
:10EE2000F2040000A5E4010840A80120F27A0208DB
:10EE3000FA04000002050000197B0208014B18606B
:10EE40007047C0460CA80120F8B5914B05001B780F
:10EE5000002B00D118E1002800D115E100F0B2FF2D
:10EE6000041E00D00EE129888905890D00F0EEFE10
:10EE7000041E00D001E103230C221026A978C1341E
:10EE80001940EB79FF345B021943EB7801209B00BA
:10EE9000134019432B7914321B01334019436B790A
:10EEA0005B0113401943AB7989B29B01234019439D
:10EEB00000F0CCFE041E00D0DFE00F27FF22297AED
:10EEC000EB7A39401B0319436B7A02201B01134074
:10EED000F0221943AB7A12011B02134089B2194385
:10EEE00000F0B4FE041E00D0C7E020206B7BAA7B9C
:10EEF0001B015201024033401343E022297BC134FD
:10EF000039401943EB7BFF349B01234019432B7C91
:10EF100012015B021340C02219436B7C92011B0358
:10EF2000134019431D3800F091FE041E00D0A4E0E8
:10EF30000420698A00F08AFE041E00D09DE0202093
:10EF40006B7DAA7D1B015201024033401343F02226
:10EF5000297D120139401943EB7D1B381B021340F8
:10EF600019432B7E0132FF321B031340194300F07B
:10EF70006DFE041E00D080E0698B06208905890D96
:10EF800000F064FE041E00D077E0AB7FA98BBB408D
:10EF90000905090D1943072089B200F057FE041E28
:10EFA0006BD1298C08208905890D00F04FFE041EC5
:10EFB00063D12B1DDB7FEA1CD17F3F22BB40114078
:10EFC0001943092089B200F041FE041E55D1802664
:10EFD000EB1DA98CDB7F89059B02F6003340890D70
:10EFE0000A20194300F032FE041E46D12B001822DD
:10EFF0000833DB7F8021DB0013402A002C3212789B
:10F000000901D2020A4013432A002D3212788021CE
:10F01000120313432A0029321278490012020A40CF
:10F0200013432A002A321278491852020A40134325
:10F030002A002B32127881399202324013439BB25C
:10F04000FF390B20194300F001FE041E15D12B00DF
:10F05000F8222E332F3519782B7852011B021340DA
:10F060000E20194300F0F2FD041E06D10421084AC7
:10F0700053788B4301D101335370022000F052FECC
:10F0800000F0B4FE2000F8BDFF246442FAE7C04659
:10F0900048A801200C4B70B51A780500002A0FD043
:10F0A0005B78002B0CD000F08DFE041E06D1A90564
:10F0B000890D00F0CBFD040000F098FE200070BD2B
:10F0C000FE246442FAE7C04648A8012007B50023A1
:10F0D0006A46D3800A4B1B78002B01D100200EBD5D
:10F0E00000F070FE0028F9D16B460C30991D00F03D
:10F0F000D5FD00F07BFE6B46D8888005800DEEE7DD
:10F1000048A80120014B58787047C04648A8012004
:10F1100070B50C4D2B78002B11D06B78002B0ED0D6
:10F120000024022B09D0084B186800F0ECFE041EE6
:10F1300003D10220687000F0F5FD200070BDFE24B0
:10F140006442FAE748A8012040A8012010B5094C04
:10F150002378002B0AD06378002B05D0064B186863
:10F1600000F0E7FE01236370002010BDFE20404246
:10F17000FBE7C04648A8012040A80120F7B55D4F35
:10F1800005003B78002B00D1B0E0002800D1ADE0B5
:10F1900000F018FE041E06D1FEF7E2FF002804D09E
:10F1A00000F024FEF23C2000FEBDF822C0216B7866
:10F1B00052011B021340AA78C90152030A40297860
:10F1C000134319436B4620209E1DD98000F03EFD5D
:10F1D000041E00D087E087212120318000F036FD19
:10F1E000041E00D07FE0308031000B2000F056FD7F
:10F1F000041E00D077E0802133880B201943318032
:10F2000000F024FD041E6ED1FC22AB7969799201D5
:10F210001B02134019432220318000F017FD041E09
:10F2200061D1297AEB79090219432320318000F05A
:10F230000DFD041E57D18023C0228020697A1B0156
:10F24000C9021940AB7A92011B0313401943C00055
:10F2500001432420318000F0F9FC041E43D1010059
:10F26000252000F0F3FC041E3DD1FC222B7BE97A23
:10F2700092011B02134019432720318000F0E6FC65
:10F28000041E30D1A97B6B7B0902194328203180F1
:10F2900000F0DCFC041E26D18023C0228020E97B04
:10F2A0001B01C90219402B7C92011B031340194317
:10F2B000C00001432920318000F0C8FC041E12D197
:10F2C00001002A2000F0C2FC041E0CD10422BB78ED
:10F2D000934301D10133BB7004220137FB7F934379
:10F2E00001D10133FB7700F081FD5CE7FF2464422C
:10F2F00059E7C04648A80120014B98787047C0469E
:10F3000048A80120014BD87F7047C04649A801207A
:10F31000014B58687047C04648A80120014B586A05
:10F320007047C04648A80120F8B5144F06003B7846
:10F330000D00002B1FD00C1E1BD0BB78002B1AD049
:10F3400000F040FD041E14D1BB78023B012B03D911
:10F35000FEF706FF002804D000F048FDF2246442C6
:10F3600007E02A0031000120FEF770FF040000F0E2
:10F370003DFD2000F8BDFE24F1E7C04648A801206D
:10F38000F8B5144E070033780D00002B20D00C1E6A
:10F390001CD00136F37F002B1AD000F013FD041EA1
:10F3A00014D1F37F023B012B03D9FEF7D9FE0028CD
:10F3B00004D000F01BFDF224644207E020002A0084
:10F3C0003900FEF743FF040000F010FD2000F8BDF7
:10F3D000FE24F1E748A80120F8B5174D07002B7867
:10F3E0000E00002B25D0AB78002B22D0EB78002B21
:10F3F0001FD000F0E7FC041E12D1AB78023B012BBA
:10F4000003D9FEF7ADFE002804D000F0EFFCF22493
:10F41000644205E06B68F41A9E4203D100F0E6FCFA
:10F420002000F8BD220039000120FEF70FFF040084
:10F43000F4E7FE24ECE7C04648A80120F7B5174ED4
:10F440000D0033780190002B26D0771CFB7F002B1A
:10F4500022D0B31CDB7F002B1ED000F0B3FC041EB7
:10F4600012D1FB7F023B012B03D9FEF779FE002866
:10F4700004D000F0BBFCF224644205E0736AEC1A8D
:10F480009D4203D100F0B2FC2000FEBD2200019994
:10F49000FEF7DCFE0400F5E7FE24EDE748A80120B6
:10F4A00070B5194D2B78002B2BD0AB78002B28D0C2
:10F4B00000F088FC041E22D16B1CDB7F022B07D0DE
:10F4C000AB78023B012B03D9FEF74AFE002804D09B
:10F4D00000F08CFCF224644211E08020400000F037
:10F4E000DDFC0323094902226B800948094BFDF723
:10F4F00097FE00F07BFC2100402000F0ADFC2000D6
:10F5000070BDFE24E7E7C04648A80120850600003C
:10F51000C8750208307B020870B5194D2B78002B96
:10F520002CD06E1CF37F002B28D000F04BFC041E67
:10F5300022D1AB78022B07D0F37F023B012B03D9FA
:10F54000FEF70EFE002804D000F050FCF2246442C6
:10F5500012E08020800000F0A1FC0323D5210222CC
:10F56000C9002B840748084BFDF75AFE00F03EFC0B
:10F570002100802000F070FC200070BDFE24E6E732
:10F5800048A80120C8750208557B02080B4B0100F2
:10F590001B7810B5002B0BD08024640000230122BF
:10F5A000200000F039FC204205D0054B186810BD42
:10F5B000FE204042FBE7F720FBE7C04648A80120B9
:10F5C00014A801200B4B01001B7810B5002B0BD0A9
:10F5D0008024A40000230122200000F01DFC204212
:10F5E00005D0054B186810BDFE204042FBE7F72010
:10F5F000FBE7C04648A8012010A801200B4B0100E2
:10F600001A7810B5002A0ED09B78022B01D000206A
:10F6100010BD00230122202000F0FEFB8006F6D45E
:10F62000F7204042F4E7FE20FBE7C04648A801204F
:10F630000B4B01001A7810B5002A0FD00133DB7F85
:10F64000022B01D0002010BD00230122102000F069
:10F65000E3FBC006F6D4F7204042F4E7FE20FBE7C8
:10F6600048A80120094B1A78002A09D081420ADDF6
:10F67000002808DC002906DB98600020D96070476C
:10F68000FE204042FBE7FF20FBE7C04648A80120E0
:10F69000094B1A78002A09D081420ADD002808DCCB
:10F6A000002906DB98620020D9627047FE204042A4
:10F6B000FBE7FF20FBE7C04648A80120014BD878B4
:10F6C0007047C04648A80120014BD87F7047C0460C
:10F6D0004AA80120064B10B51B78002B05D003204B
:10F6E00000F02CFB431E984110BD01204042FBE777
:10F6F00048A80120064B10B51B78002B05D002202E
:10F7000000F01CFB431E984110BD01204042FBE766
:10F7100048A8012070B5104D2B78002B19D000F0AF
:10F7200051FB041E13D10D4BAE781A78002A04D079
:10F730005A78012A01D10633DA770120FEF718FD45
:10F74000041E02D1022E00D1E87000F04FFB200011
:10F7500070BDFE246442FAE748A8012018A80120E1
:10F7600070B5124D2B78002B1CD000F02BFB041E23
:10F7700016D16B1CDE7F0E4B1A78002A05D05A7802
:10F78000002A02D106330132DA770020FEF7F0FCBE
:10F79000041E03D1022E01D10235E87700F026FBCA
:10F7A000200070BDFE246442FAE7C04648A801204C
:10F7B00018A8012070B51A4D2B78002B2FD0FFF719
:10F7C000C5FCFFF7CDFFFFF7A5FF164C206800280A
:10F7D00006D000F0AEFB206800F082FB002323601F
:10F7E000114C2068002803D000F0D0FB00232360D8
:10F7F000002400F015FA0D4B44221C600C4B210034
:10F8000028001C6003F056FB28222100094803F061
:10F8100051FB0222084B09480949FDF701FD70BD63
:10F8200048A8012040A8012044A801200CA80120DC
:10F83000C8A7012018A801207B7B0208C875020810
:10F8400027050000F0B58FB009931E230B9206AA7E
:10F850009B180022B04C1A8023780A90089193429A
:10F8600000D152E1A378934200D14EE1651CEB7FB9
:10F87000934200D149E100F0A5FA0790002800D09A
:10F8800040E1A378023B012B07D9EB7F023B012B20
:10F8900003D9FEF765FC002805D000F0A7FAF22393
:10F8A0005B4207932EE1089B002B00D12FE10A9BBE
:10F8B0009A4A183B9BB2934207D8089AD317D41898
:10F8C0005C4080235B029C4203DB00F08FFAFF2345
:10F8D000E6E718210A9B92485943F0F74FFDC026EE
:10F8E0000100760071438E48F0F748FDA5B28442CE
:10F8F00000DB85B231008A486943F0F73FFD031C05
:10F9000080B2002800D10123089A834ED24399B2D5
:10F9100073820123D20F641B2A2074617274B56153
:10F92000337400F093F9041E00D0D9E01E2706AB13
:10F93000FF183900292000F0B1F9041E00D0CFE0F3
:10F94000E0223B88920113401D438023DB002B43C0
:10F950003B80737C002B03D1A023DB002B433B8037
:10F960002920398800F072F9041E00D0B8E0202068
:10F9700000F094FAF6F7EAFC0222674BD8619A701D
:10F98000099B002B00D19FE00B9B644A183B9BB264
:10F99000934207D8099AD317D4185C4080235B029E
:10F9A0009C4208DB089B002B8FD000225A4B1A7414
:10F9B00001329A7089E718210B9B59485943F0F797
:10F9C000DDFCC0260100760071435548F0F7D6FCF7
:10F9D000A5B2844200DB85B2310051486943F0F79B
:10F9E000CDFC021C80B2002800D1012209984A4BAC
:10F9F000C0435A8691B201224A4FC00F641B5C6318
:10FA00009D633870303325201A7000F01FF9041EF2
:10FA100066D11E2606ABF6183100242000F03EF910
:10FA2000041E5DD1E0223388920113401D438023E0
:10FA3000DB002B4333803B78002B03D1A023DB007A
:10FA40002B4333802420318800F000F9041E47D175
:10FA5000102000F023FAF6F779FC02212E4B5A1CF5
:10FA6000D177D8639B788B422ED001222E4B2A4C23
:10FA7000DA87F6F76BFCE063002000F053F9264BC1
:10FA80002D22597C002900D0023A08993133C81739
:10FA90001B7809182D244140002B00D0023C0B9DFF
:10FAA000099E0595F517761903940A9C6E400191FD
:10FAB00000921E4B02221E481E4904960294FDF736
:10FAC000AFFB00F093F91DE001221B4B124CDA87CB
:10FAD000F6F73CFCE0610134E37F022BCCD1C4E7B4
:10FAE0000D4B0022190030310A701A749A780133D4
:10FAF000511E8A415A70DA7F511E8A41DA7700F02E
:10FB000075F9079407980FB0F0BDFE23C8E6099B6E
:10FB1000002B00D038E7D4E748A80120880F000068
:10FB2000C0FC9B0179A801204AA80120947B02080F
:10FB3000C8750208150800004CA80120074B10B535
:10FB4000074904001868F0F719FC05216043F0F735
:10FB500015FC013800D210BDC046FAE700000020B5
:10FB600040420F0010B50400F6F7DAF9031E01D089
:10FB70002000984710BD000070B50400074D01003B
:10FB800001222800F8F7C6F90520FFF7D7FF280063
:10FB900000222100F8F7BEF970BDC046000C0050ED
:10FBA000F8B51B4E3368002B30D11A4F3C68002C3F
:10FBB0002CD10120F4F742FF3060002802D1FB2055
:10FBC000404222E0F4F70EFC051E386004D1306894
:10FBD000F5F77EF93560F2E7220008210E48F8F7C4
:10FBE00099F90A20F6F709FC220010210B48F8F7D2
:10FBF00091F90A20F6F701FC012210210748F8F7D5
:10FC000089F93220F6F7F9FB2000F8BDFE20D7E78E
:10FC100090A801208CA8012000040050000C005086
:10FC200010B5084C2068002803D0F4F7A9FC002385
:10FC30002360054C2068002803D0F5F749F900231C
:10FC4000236010BD8CA8012090A801203F2313B58C
:10FC5000184001AC2070A0206170090A0122A17037
:10FC6000C0051021F8F756F90120FFF767FF2100C2
:10FC70000A2303220848F9F7ADF904000120FFF731
:10FC80005DFFA0200022C0051021F8F743F9201ED7
:10FC900001D0F320404216BD2C0500207FB502AEF6
:10FCA0000D00032200210400300003F003F90322B9
:10FCB000002103A803F0FEF8002D2BD03F23A02045
:10FCC0001C4001331C4301221021C0053470F8F799
:10FCD00021F90120FFF732FF0A23310003AA009324
:10FCE0000F48073BF9F738FA04000120FFF726FF19
:10FCF000A02000221021C005F8F70CF9002C0CD12F
:10FD00000D2320006B441A785B781B0213432B8071
:10FD100004B070BDFF204042FAE7F320FBE7C04685
:10FD20002C05002010B5012805D9022802D1013880
:10FD3000FFF722FF10BD0220FAE70000002310B5F4
:10FD400003280BD8F0F7FCFA020C100E0421074828
:10FD5000F8F7DAF801384342584183B2180010BD71
:10FD60000821F4E72021F2E74021F0E7000C0050E1
:10FD700007B500220192114A0300106800280CD038
:10FD8000042B0BD1012101AAF4F718FC019B002BD5
:10FD900003D080220A4B52051A6007BD082B02D1FE
:10FDA000022101AAF0E7202B02D1082101AAEBE7EA
:10FDB000402BF2D1042101AAE6E7C0468CA801201D
:10FDC00004ED00E0084B10B51868002806D0C821E3
:10FDD000F4F75CFF012804D1002010BDFE20404252
:10FDE000FBE7F420FBE7C04690A80120094B10B5C3
:10FDF0001868002808D000231A001900F4F762FDE3
:10FE0000012804D1002010BDFE204042FBE7F42071
:10FE1000FBE7C04690A80120F7B51E000D4B05007A
:10FE20001F6808001400002F01D10020FEBDFA2138
:10FE300089004843F0F7A2FA631E9C41731E9E415D
:10FE400000903300220029003800F4F7D8FA284245
:10FE5000EBD0EBE78CA8012007B50E4A0300106831
:10FE6000002814D000290ED000221900019201AA06
:10FE7000F4F7A4FB019B002B03D08022064B520514
:10FE80001A6000200EBD1900F4F738FBF9E7FE20D8
:10FE90004042F7E78CA8012004ED00E0044B01008C
:10FEA000186810B5002801D0F4F711FB10BDC0464A
:10FEB0008CA8012037B505000800FA2189004843C5
:10FEC000F0F75CFA044C054B0100009301222B0073
:10FED0002000F5F7D1FE3EBDCE7B020865FB010890
:10FEE00013B500280AD00024052123002200009425
:10FEF000F5F7E8FE012804D1200016BDFF2040429E
:10FF0000FBE7F020FBE737B5051E0DD0F5F75CFAEF
:10FF1000002402002300012128000094F5F7D2FEFE
:10FF2000012804D120003EBDFF204042FBE7F02025
:10FF3000FBE713B500280AD0002403212300220088
:10FF40000094F5F7BFFE012804D1200016BDFF2064
:10FF50004042FBE7F020FBE71FB500220B000392B5
:10FF6000904202D1002004B010BD03AA01920722E2
:10FF70000092C022044CD2002100F5F763F9012859
:10FF8000F0D10398EFE7C046DD7B020810B50028EA
:10FF900003D0F5F785F9002010BDFF204042FBE7B4
:10FFA0007FB51422002101A802F084FF094B1868D4
:10FFB000002802D00C21F4F78AFA602301938423ED
:10FFC0009B0302930123044801A90393F7F76CFEF6
:10FFD00007B000BD8CA80120000C0050064860212D
:10FFE00010B5F7F719FF054B1868002802D00C214F
:10FFF000F4F76DFA10BDC046000C00508CA801202B
:020000040802F0
:10000000F0B50022082504000A4E0B4893B299422D
:1000100000D8F0BDA35C1B0258402B0007B2400083
:1000200080B2002F00DA7040013BDBB2002BF5D12B
:100030000132EBE721100000FFFF000010B50400C3
:100040000069002803D000F04DFC00232361002349
:10005000A37510BD70B50025040085770584006C7C
:10006000A84202D000F03EFC256400212000A31D20
:100070000E22D987223002F01DFF70BDF7B50400B3
:1000800015001E00FA27019100F030FC7F0000905F
:100090002378002B3FD0206900F03DFC2200002394
:1000A000CD32FF32917C002921D01188B1421ED17E
:1000B0009188A9421BD191780198814217D11822C9
:1000C000534319001D00C931FF316118089803F02E
:1000D00041F863191A000025D932DF33FF32FF33AC
:1000E00015601D70206900F01EFC2800FEBD013364
:1000F0001832082BD6D1206900F015FC00F0F6FB71
:100100000100009800F0F6FBB84207D214216069A4
:1001100000F01CFCBCE702204042E7E70620FBE7BA
:10012000F0B585B0009107000C2100981C00160066
:10013000FFF766FF009B1873000A58731D48002CD8
:1001400002D0301E00D11B482100FFF759FF02AB3F
:10015000D880230010339BB21800019300F0BEFB3F
:10016000051E22D00E22009902F0F4FF002C07D0C9
:10017000002E05D02800220031000E3002F0EAFFE8
:1001800002AB0E34991D0222281902F0E3FF7C68AD
:1001900064232900019AF868A0470400280000F0B1
:1001A000A1FB002C03D0082400E0042464422000BA
:1001B00005B0F0BDF572020810B500F093FB10BD5C
:1001C000F0B504008DB0002808D0002906D08B18A7
:1001D00000910393009B039A934201D10DB0F0BDAF
:1001E0002378002BFAD0009BA07F1A7803282BD805
:1001F000F0F7A6F80209143B0123482A08D0009B17
:1002000001330093E6E74C2A04D19E4B236202237C
:10021000A377F4E70023482AFAD1F0E7238C0D2BCB
:1002200004D8591CE31803332184DA77228C0E2A70
:10023000E5D1210020002231303002F08BFF8023F5
:10024000608F9B00984203D92000FFF703FFD6E799
:10025000023080B2A31DD88700F040FB2064002844
:10026000F2D0002323840333D2E7206CA11D238C1A
:10027000CD8F00281FD09D421AD804AB256C678F04
:100280009E1D02223000E91902F064FF33887E4887
:100290000293002F00D028003900FFF7B1FE029B27
:1002A00083420DD0280000F01DFB00232364CBE720
:1002B0005D1C2584C254228CCB8F9A429FD3DCE7ED
:1002C000162004ABC0180A22002102F0F3FD210021
:1002D00006AE0E223000303102F03CFF029BB382AA
:1002E0000123B375002F10D0380000F0F7FA019009
:1002F0003061002804D1280000F0F4FA019BD5E712
:100300003A002900019802F025FF280000F0EAFADF
:1003100000230C2123643000FFF772FEB38983426F
:100320001AD1069B594A1B021B0A934214D1336906
:1003300055480193002F00D018003900FFF760FEE8
:10034000029B834208D1206900F0E5FA2378002B54
:1003500006D1206900F0E7FA06A8FFF76FFE73E701
:10036000B079032800D98AE0EFF7EAFF022A022ACF
:100370002200002318215E320D005D43575D002FDF
:1003800005D00133102BF7D105256D4211E028006F
:1003900006AE483018223100201802F0DBFE01239F
:1003A00065195E352B70A0690A97B77500F0D9FA08
:1003B0000025206900F0B7FA002D00D144E7CBE713
:1003C0000025012834D1AA23B1889B00E3181A78AC
:1003D000002A28D05A888A4225D106AA9E881089E8
:1003E000864220D11423AD216B438900E3185918AC
:1003F0000D68AE2189005918096800260291AA21CA
:1004000089005B181E7020690A96967500F08BFAB9
:10041000B54204D03B003100019A0298A8472069F8
:1004200000F079FAC4E701351433042DCFD100254B
:1004300023001822DF33FF3316006E43995D0191CC
:10044000002904D00135082DF6D10D3DB1E730006B
:10045000C93006AFFF3018223900201802F07AFEAA
:100460000123A619DF36FF36337000F03FFAA235BC
:10047000019BAD0060510A936069BB7596E7092541
:1004800083E7C0460200484CF5720208484C010060
:10049000F8B506000D001700002802D10024200046
:1004A000F8BD0029FAD0BE20800000F017FA041E23
:1004B000F4D0BE220021920002F0FCFC6660A56030
:1004C000E76000F01DFA206100F033FA606100F08F
:1004D00030FA2369A061002B12D06369002B0FD082
:1004E000002812D16069002801D000F029FA2069A3
:1004F000002801D000F009FA200000F0F3F9CDE760
:100500000028EFD000F01CFAECE701232370002351
:10051000A377C4E770B5041E3DD000230370406983
:1005200000F01FFA2600A06900F01BFA25002069E0
:1005300000F0F1F9C9364835FF3628001835FFF7C5
:100540007DFDB542F9D1A2239B00E618280018359D
:10055000FFF774FDB542F9D1AA2300259B00E554AD
:100560001433E5541433E5541433E554206900F092
:10057000DAF9206CA84202D000F0B4F92564606971
:1005800000F0DEF9A06900F0DBF9206900F0BDF9A8
:10059000200000F0A7F970BDF0B504008BB0002872
:1005A00078D0030005000127C933FF334835019394
:1005B0002378002B6ED0206900F0ADF9AE7D002EBF
:1005C00008D01822290004A802F0C4FD00233E0030
:1005D0002B61AB75206900F0A6F9002E07D0E0680A
:1005E0002100A36804AA984704A8FFF727FD019BF0
:1005F00018359D42DCD100F079F90190206900F0B6
:100600008AF9A223FA279B00E61802967F00AB7DA9
:10061000002B08D00199306800F06CF9B84202D381
:100620002800FFF70BFD029B183504369D42EED1E2
:10063000AA239B00E5185033E31803932B78002B73
:100640001AD00199A86800F055F9FA235B00984286
:1006500012D30026EF682B692E702069029300F0F8
:1006600062F9B74205D006213300320002984942B0
:10067000B847206900F04FF9039B14359D42DDD146
:10068000206900F050F92378002B05D01421A069CF
:1006900000F05CF90BB0F0BD142000F02DF9F9E783
:1006A000F0B591B0051E0491059203935FD0002B25
:1006B00009D0002A5BD08023039A00269B009A422F
:1006C00002D9032454E0039E286900F024F9AF8B7B
:1006D00028697B1CAB8300F026F90B2204ABD018F1
:1006E000002102F0E7FB234B06AC23800123A3701B
:1006F000049B21002381039B2800059AA780638126
:10070000FFF70EFD041E05D00136032EDCD12000BC
:1007100011B0F0BD010018220AA802F0CBFB0AAB11
:10072000009301213B002800049AFFF7A7FC071E55
:1007300011D104AB5B8C002B0DD00E9A002A0AD08D
:100740001699002907D01799002904D016990A6034
:10075000179A1380DBE70E98002801D000F0C2F84A
:10076000002FD4D00136032EAED13C00CFE70124B8
:100770006442CCE7484C0000F0B506000D001700BD
:100780001C0085B0002822D0002920D0002B05D0E5
:10079000002A1CD080239B009C421BD86B460B2256
:1007A0000021D81C02F086FB6A460B4B6946138079
:1007B00001239370AA888B718A802B893A000B8160
:1007C000300023004C81FFF7ABFC05B0F0BD0120E9
:1007D0004042FAE70320FBE7484C0000F0B591B037
:1007E00005001F000491059200284BD0002B08D073
:1007F000002A47D0802300269B009F4202D9032471
:1008000041E01E00286900F086F8AB8B286903934D
:100810000133AB8300F087F80B2204ABD018002122
:1008200002F048FB194B06AC23800123A370039B05
:100830002100A3800223A371049B28002381059A31
:100840003B006781FFF76CFC041E03D00136032ECA
:10085000D8D114E0010018220AA802F02BFB0AAB41
:10086000009303212800039B049AFFF707FC040070
:100870000E98002801D000F035F8002CE6D12000B9
:1008800011B0F0BD01246442F9E7C046484C0000B5
:1008900030B505000C0085B000281AD0002918D00A
:1008A0006B460B220021D81C02F004FB6A460A4B5F
:1008B0006946138001239370A38828009380032343
:1008C00093712389138100231A00FFF729FC05B0D7
:1008D00030BD01204042FAE7484C000010B5F5F762
:1008E00047FC10BD10B5F5F7CBFC10BD10B5F5F702
:1008F0002DFD10BD081A704710B5F5F77EFD10BD2F
:1009000010B50020F5F787FD10BD10B5002801D007
:10091000F5F7FBFD10BD10B5002803D001214942B9
:10092000F5F7B2FD10BD10B5002801D0F5F7CEFDEA
:1009300010BD002210B511000120F5F7FDFD10BD1E
:1009400010B5002801D0F5F791FE10BD10B50028B4
:1009500005D0F5F73BFE431E9841404210BD0120F3
:10096000FBE710B5002801D0F5F75AFE10BD0000D6
:10097000F7B5042614232A480093012200230521F9
:100980000068F3F73CFD274F274C284D304202D139
:100990003B78002B1AD0230090331A683978244B07
:1009A00001910092272132002248FCF739FC2000F7
:1009B000F9F73CFB0023204A2000136080221F49E6
:1009C00052002B60FAF7D2FA3870D3E70434E36FA1
:1009D000194F1B682C685A6880235B009B1A3B6088
:1009E000A342C7D010DCFF2C14DD00243B68A342D7
:1009F0000DDD124B185DFCF7B3FF0134F6E70F4B2A
:100A0000185DFCF7ADFF01343B68A342F7DC3B689F
:100A10002B60AFE7094B185DFCF7A2FF0134E2E75A
:100A200098A801200C010020CC090020A0A80120DA
:100A3000EB7B02081E7C02089CA80120A4A80120D0
:100A400010B5034B002201211868F3F7B7FD10BD64
:100A500098A8012010B5034B002202211868F3F773
:100A6000ADFD10BD98A80120012210B5044B042152
:100A70001A70044B00221868F3F7A0FD10BDC046A1
:100A80000C01002098A8012037B5F3F7ABFC1C4BF4
:100A90001C4D1860002807D1042245211A4B28005C
:100AA000FCF7BEFBFB2010E08022184918485200DA
:100AB000FAF75CFA174B041E187008D004224B2179
:100AC0002800154BFCF7ACFBF32040423EBD134B16
:100AD0008022019301231201009311492300114840
:100AE000F4F7B0FB0200012803D0042250210E4B82
:100AF000D5E7542128000D4BFCF792FB2000E5E7D9
:100B000098A801201E7C02084A7C0208A4A80120A3
:100B1000CC0900200C010020777C020894A8012059
:100B20009E7C020871090208AB7C0208D97C02088D
:100B300007B56B46D91D08700A2301220248F9F750
:100B4000BCFF00200EBDC046CC090020F7B5060052
:100B5000EFF7E4FB84B2002C01D10020FEBD1D4F55
:100B6000042C12D80A23220031003800F9F7A5FF1F
:100B70000028F2D0184C0090042269212000174B65
:100B8000FCF74EFBF3204042E8E7154D02212868B0
:100B9000F3F79DFC220031003800F9F7F5F9031E48
:100BA00006D00E4A0093702113000B480422E7E799
:100BB0006422009202212868633AF3F720FC800740
:100BC000CBD404227521074B0348FCF729FBF720FF
:100BD000D9E7C046CC0900201E7C0208EC7C020844
:100BE00098A80120207D020873B5642518261B48AB
:100BF00000950023012278210068F3F700FC04002F
:100C0000304213D0164A030700D5164A164B0092FD
:100C1000DD2101221548FCF703FB154B1B68002B57
:100C200004D00121E20800209143984760231C4230
:100C3000DDD00B4AA30600D50A4A0E4B0092E521EF
:100C400001220A48FCF7ECFA094B5B68002BCED076
:100C5000012001006409A1439847C8E7ACA901201D
:100C6000567D02084F7D02085E7D02087B7D0208EA
:100C7000A4A90120A17D020810B5F6F7E5FA034BFF
:100C8000002202211868F3F799FC10BDACA90120DD
:100C900010B5F6F7D9FA034B002204211868F3F7D0
:100CA0008DFC10BDACA90120802310B59B0198429A
:100CB00006D100220821064B1868F3F77FFC10BD0F
:100CC0008023DB019842FAD100222021004BF3E778
:100CD000ACA90120802310B59B01984208D10B4B91
:100CE0001868002803D000221021F3F767FC10BD1C
:100CF0008023DB01984206D1044B18680028F6D007
:100D000000224021F1E7FFF733F8F0E7ACA901201A
:100D1000F0B505000C0085B000284DD000294BD05F
:100D2000264B274F1900282238000393F6F784F941
:100D3000031E02D0F32040423CE06422214E009288
:100D40003068633A0721F3F75AFB04260200324069
:100D500030420BD03800F6F7B3F81B4C009032004D
:100D6000C3212000194BFCF75BFAE3E780070AD4A4
:100D70003800F6F769FA3200C821154B1248FCF723
:100D80004FFAF720D7E716001000039B0027D95F22
:100D9000023240180227D95F04337618282AF5D189
:100DA0001421EFF775FB142128803000EFF770FB5A
:100DB0002080002005B0F0BDFF20BCE7B0A90120D5
:100DC000E4030020ACA901207B7D0208BE7D02085F
:100DD000E57D0208002170B5524B86B00C2203A8B5
:100DE000197059709970D970197102F063F84E4CEE
:100DF0002000F6F729FA2000F6F7B2F900282BD1E7
:100E00000123E36123002C332061A07618702000B9
:100E1000F5F7B6FC00281FD1444B0490059003A9B8
:100E200020000393F5F728FF002815D10230F5F7CD
:100E300085FC2000F6F746FA00280DD12000F6F7D1
:100E4000CDF8002808D132212000F5F7A9FD0028AF
:100E500032D02000F6F7DAF900252000F6F780F905
:100E6000F2F7ACFC324B334AEB183349334E934222
:100E700032D80D6001228C213000314B0095FCF7F7
:100E8000CFF92000F6F71EFA002805D0032294219E
:100E900030002C4BFCF7C4F9F3F7A4FA2A4B186086
:100EA000002824D10422F921284B3000FCF7B8F99E
:100EB000FB20404206B070BD2000F5F7D5FD0500CF
:100EC0002000F6F7A3F9224B22481B88A9B2584309
:100ED000EFF754FA0500C0E71F4A30000A601F4BC5
:100EE00001928F2103220095FCF79AF9C9E70024AB
:100EF0000223C0220093D20023001949194801940B
:100F0000F4F7A0F90200012803D00422FD21164BBA
:100F1000CBE780213000154B4900FCF781F9200018
:100F2000C8E7C04600AA0120E4030020002000B466
:100F30003CF6FFFF14050000100100207B7D020835
:100F40000F7E0208807E0208ACA90120C07E020844
:100F5000AA75FF1FB80B0000E40C0000367E0208E3
:100F6000EE7E0208E90B0208F77E02081E7F0208E7
:100F7000F7B50B1C04000F00642900D96423DBB211
:100F80003D4D0193019A2B5D93422BD0042C00D947
:100F900070E03A4BA200D658394B1B5D0093002FEE
:100FA00035D1E31E012B24D8032C08D12B79002B3B
:100FB00008D03A0080213348F6F7ACFF12E0EB7816
:100FC000002B13D130000099F8F7CEFE002802D094
:100FD000F320404207E0009A3368002A04D15A63A4
:100FE00000232B550020FEBD9863F9E73A0040210D
:100FF000E1E730000099F8F7B7FE0028E8D1009A41
:101000003368002A01D15F63EAE79F63E8E733684A
:101010006421D86A1F00019B01305843EFF7AEF9F5
:10102000009B002B18D1330078633E331B78022BD2
:101030000BD1019B2B55032C12D101228021114889
:10104000F6F768FF019B2B71CCE730000099F8F7A9
:1010500033FE0028EDD0BBE73300B8633F33E5E74C
:10106000042CBFD1012240210648F6F753FF019B13
:10107000EB70B7E7FF20ACE700AA0120C8830208A5
:10108000C28302080004005003000020042B01D892
:10109000014AD05C7047C04600AA0120431E984117
:1010A000802110B5C2B249000248F6F733FF002094
:1010B00010BDC04600040050802110B5044849000E
:1010C000F6F722FF013843425841C0B210BDC04676
:1010D0000004005037B56B46002401AD991D28006F
:1010E0002C80FFF715FE03002000A34210D1002141
:1010F0006A5EA24200DA2B800022AB5E064A1068CC
:101100005843064B984204D80549EFF737F980B2A7
:101110003EBD0448FBE7C04610010020FFFFFE0F64
:10112000FF0F0000FFFF000010B5EFF749FF0C496B
:10113000EFF7FEFB0021041CEFF7F0FA00280BD1BB
:101140000849201CEFF7C2FD0749041CEFF7F0FA2D
:10115000002803D1201C10BD0024FBE7024CF9E756
:1011600000003C420000A0410050434837B56B46A8
:1011700000249D1D290001A82C80FFF7C9FD030054
:101180002000A34210D100216A5EA24200DA2B8027
:101190000022AB5E064A10685843064B984204D8BA
:1011A0000549EFF7EBF880B23EBD0448FBE7C046C7
:1011B00010010020FFFFFE0FFF0F0000FFFF0000E7
:1011C00070B5F1F7BFFE154A154BF1F725FA154A30
:1011D000154BF0F73BFF02000B0014481449F1F7E0
:1011E0001BFA0022002304000D00EFF753FA002839
:1011F00001D0002400252900200004F06BFA0D4ADC
:101200000D4BF1F709FA074A0C4BF0F7E5FA00220B
:101210000B4BEFF71BFFF1F701FF70BD9A999999FE
:10122000996DA1403F52448655BC913F282EC72B53
:10123000100F6740448B6CE7FB292B4055BC813F66
:1012400000003E40431E9841802110B5C2B2890083
:101250000248F6F75FFE002010BDC04600040050B3
:10126000802110B504488900F6F74EFE00230128BE
:1012700000D16433180010BD00040050431E984193
:101280008021C2B2A02010B5C0050902F6F742FEC7
:10129000002010BD8021A02010B50902C005F6F77E
:1012A00033FE0023012800D16433180010BD000074
:1012B000431E984110B5C2B201210248F6F72AFE3A
:1012C000002010BD0004005010B501210348F6F7BE
:1012D0001BFE013843425841C0B210BD000400500B
:1012E0000A0010B5012812D809D0531E9A41802156
:1012F0000848D2B20902F6F70DFE002010BD534295
:101300005A418021A020D2B24900C005F3E7FF2056
:101310004042F3E70004005010B504000020012C07
:101320000CD88021012C0AD008480902F6F7ECFD00
:101330000138012C07D043425841C0B210BDA02053
:101340004900C005F2E7431E9841F6E7000400504B
:101350000A0010B501280BD853425A418021D2B25D
:10136000012800D040390448F6F7D4FD002010BD14
:10137000FF204042FBE7C04600080050030010B5C4
:101380000020012B0AD88021012B00D040390448CD
:10139000F6F7BAFD0138431E9841C0B210BDC046F1
:1013A00000080050012804D8034B8000C1500020E1
:1013B0007047FF204042FBE7A4A9012010B5012897
:1013C0000CD88021012807D089010648F6F79CFD3A
:1013D0000138431E984110BDC901F6E7FF20404285
:1013E000F9E7C0460004005070B58025084C6D0038
:1013F000290001222000F6F78DFDFA204000F4F7C5
:10140000DDF8290020000022F6F784FD002070BDE1
:10141000000C005010B50A00002101F04BFD10BD7A
:1014200070B51F4B05001B6888B0002B35D01A2102
:1014300001A8FFF7EFFF1B4E1A23F46A307871689A
:1014400001AAA047041E0AD01A221749280001F059
:1014500081FE164801F0B2FB052464421AE0144BE9
:10146000019A9A4206D01A2228000F4901F072FE12
:101470000624F2E71622B36B01A998476B465A8BF4
:101480009B8B1B0413438342EDD11A22280001A930
:1014900001F060FE200008B070BD0224DDE7C04608
:1014A00060AA012064AA0120DC830208327F0208BE
:1014B0004F5441540300F7B50833154F9B00DC59D6
:1014C000050000910192002C1FD021000098EEF73A
:1014D00055FF604306000198009B0138C0180019B1
:1014E0002100801BEEF74AFF444331002200280010
:1014F0007B6B9847002807D023003200290005485D
:1015000001F0F6FA04204042FEBD0120FBE7C04690
:1015100064AA01205B7F020830B51C4B01001B68E8
:1015200089B0002B2FD01A2201A801F013FE184D0C
:10153000184B1622019301A9AB6B002098471A2380
:101540006B441880000C58801A2228786968FFF7CD
:10155000B1FF002805D0104801F030FB042464429C
:101560000EE02C6B1A232878696801AAA047041E94
:101570000A48F1D128782300220021002D6BA847CA
:10158000200009B030BD0224E9E7C04660AA01206E
:1015900064AA01204F544154A07F0208CB7F020867
:1015A00000B5010089B0002811D0C36A002B0BD010
:1015B000036B002B08D0436B002B05D0836B002BF3
:1015C00002D0C36B002B06D1104801F0F7FA0120BE
:1015D000404209B000BD40220D4801F0BBFD012290
:1015E0000C4B0D4858211A60FFF714FF01A8FFF7B4
:1015F00017FF0028EDD01A22084901A801F0AAFD22
:10160000074B01A80193FFF787FFE2E7F67F020887
:1016100064AA012060AA012008AA0120DC83020834
:101620004F54415430B5050089B000280BD001A8B3
:10163000FFF7F6FE1A22040001A9280001F08AFD36
:10164000200009B030BD01246442F9E710B5164B03
:1016500088B01B68002B25D001A8FFF7E1FE041E0F
:101660001DD16B461B7A022B12D16A4601331372CD
:1016700006336B44187058709870D87001A8FFF743
:101680004BFF00280BD0094801F098FA042405E02C
:10169000032B04D0064801F091FA0E246442200086
:1016A00008B010BD0224F9E760AA01206A80020890
:1016B0003280020810B50B4B04001B6888B0002B69
:1016C0000CD001A8FFF7ACFE16236B441C8001A8C8
:1016D000240C5C80FFF720FF08B010BD02204042C0
:1016E000FAE7C04660AA0120002800D162B6704720
:1016F00010B5040010001A1E05D0002805D0002CDB
:1017000003D101F027FD002010BD01204042FBE77E
:101710007FB50D0002AE010008220400300001F088
:1017200019FD08222900300001F0A4FB002290429C
:1017300002D1002004B070BDA95CB35C0B4099429B
:1017400006D00C48111901F0D3F901204042F1E70D
:101750000132082AF0D12900684601F0FBFC009A0A
:10176000019B21000120F6F7F5F90028E1D02100C6
:101770000148E8E79F800208C5800208002110B5F3
:10178000034B082203489981196001F093FB10BDB7
:10179000A4AA0120A8AA012010B5002808D072B67A
:1017A000054B98604368026882F308889847FEE713
:1017B0000120404210BDC04600ED00E010B50024FD
:1017C000064B5A7BA24206D005491868FFF7A0FFD6
:1017D0000400FFF7D3FF200010BDC046A4AA0120DB
:1017E000A8AA0120030070B5002A0CD000290FD050
:1017F0000848002B09D104680133A5682B43A36076
:10180000F5F7F7FE0200100070BDF5F7D3FEF9E71B
:101810000A00F8E748040020F0B50D00140089B074
:10182000002814D1002A2BD0FFF7A8FF704BED0A37
:10183000E418E40AE302ED020193EFF3108672B6B6
:10184000F6F73EF9041E05D03000FFF74DFF0120EA
:10185000404216E080228027664B120201001A6186
:1018600004A8102201F026FBBF030394019B002B68
:1018700009D1F6F7A3F90028E6D13000FFF734FFCD
:10188000002009B0F0BDC024C0215B4BA4041B683C
:1018900089045A4A1C400B4207D080235B049C42B7
:1018A00059D1574B1B683B4255D1136855499B0290
:1018B0000B40802109055B189D426ED3002C03D09C
:1018C0004F4B1B683B4257D113684E499B020B405C
:1018D000802109055B1880210902002C03D0484CA7
:1018E00024683C4255D114684648A4020440E418D8
:1018F000019B641BDB0AE40A9C4200D91C00022302
:101900000591C020C02104933B4B89041B688004CF
:101910001940034207D080235B04994241D1384BE0
:101920001B683B423DD1136836489B020340802030
:1019300000051B189D4245D2F8231B06EB18DB0A55
:1019400003A904A806930794F6F764F9002848D081
:10195000F6F734F978E713682B495B020B408021D6
:1019600009055B189D4203D2802304211B050CE06E
:1019700080235B049C42A3D0136823495B020B4085
:10198000802109055B1880210902802040048442DF
:10199000A5D014681C486402A8E7802304211B0515
:1019A0009BE7136818485B020340802000051B1862
:1019B0009D42C1D380235B04994205D01368124A2B
:1019C0005B0208E0002903D00D4B1B689B02F5D495
:1019D00013680C4A9B021340802212059B18EB1AD5
:1019E000ADE7019BE4021B1B2D1901933EE7C046A6
:1019F000FF070000002002400075FF1FE075FF1F79
:101A00002020024000FC0F0000FE0700F0B587B068
:101A10000E001F00019200280BD1002B1BD1EFF309
:101A2000108572B6F6F74CF8002807D02800FFF7AB
:101A30005BFE01246442200007B0F0BD80223E4BD3
:101A400012021A61FFF7BAFE0400F6F7B7F8280091
:101A5000FFF74AFEEFE7019B002BEAD0EFF310837C
:101A6000029372B6F6F72CF8002801D00298DEE750
:101A70008022314B12021A6135000723F7197A1EB2
:101A80009A439D432D4B03925A7B002A3AD01B6800
:101A90009D4237D9FFF792FE041E33D0F6F78EF839
:101AA0000298D5E7254B04A85A7B002A2ED01A6845
:101AB00095422BD11A1D12CA12C01A7B0198290017
:101AC000801B002384468E4209D88F4207D9604686
:101AD000445C04A81C5401249C402243D2B201332C
:101AE0000131082BEFD1039B9D4215D1FF2A13D062
:101AF0000121124B1A7359731D6004AA043303CADF
:101B000003C30835BD42CDD30024C7E7082229000E
:101B100001F020FB0022D1E7280004A9FFF7F8FD1F
:101B2000041EBBD1054B5A7B002AEAD01B689D429C
:101B3000E7D1FFF723FEE4E700200240A4AA01203A
:101B400010B50124644221000120F3F77FFF002833
:101B5000F9D03220F4F751FCBFF34F8F034B044A06
:101B6000DA60BFF34F8FC046FDE7C04600ED00E0EE
:101B70000400FA0537B50C48FFF712FD041E11D119
:101B80000A4D2B68002B0DD18022013300930849A8
:101B90002300084801959200F3F754FB012801D077
:101BA0002C60FB3C20003EBDF8830208B4AA012053
:101BB000E5800208411B020873B50B7A06000D0090
:101BC000502B11D000242000512B21D104233000B0
:101BD00001AA0194FEF7D0FD0E4B1868002816D01C
:101BE00023000222210010E00120FFF763FD0423FF
:101BF00001902900300001AAFEF7BEFD054B1868D0
:101C0000002804D0002302221900F3F751FF01201D
:101C100076BDC046B4AA01200D488546F1F74CFCBC
:101C20000C480D490D4A002302E0D458C450043337
:101C3000C4188C42F9D30A4A0A4C002301E013600D
:101C40000432A242FBD301F04BFAF1F7E7FAFEE7C8
:101C500000400220000000201403002058860208E3
:101C60001403002004AC0120FEE710B50A22002175
:101C700000F07CF910BD000010B5034B010018689E
:101C800000F026F810BDC0468C02002070B50F4E43
:101C90000D0031680400002902D101F0F5F930602F
:101CA0002900200001F0F0F9431C03D101256D4209
:101CB000280070BD0323C51C9D43A842F8D0291AF3
:101CC000200001F0E1F90130F2D1EFE7B8AA0120DC
:101CD000F7B50322CB1C9343083305001F000C2BE0
:101CE00034D20C27B94233D8280000F071F8374EAF
:101CF00033681C00002C2FD139002800FFF7C6FFE5
:101D00000400431C5FD134680094009B002B4AD12F
:101D1000002C52D023682800E3180099019301F0A9
:101D2000B3F9019B834248D123682800FF1A390088
:101D3000FFF7ACFF013040D02368DB192360336824
:101D40005A68002A33D1009B336019E0002BC9DAAE
:101D50000C232B600020FEBD2168C91B20D40B2959
:101D60000AD9E2192760A34204D132606368116086
:101D7000536005E05A60F9E76268A3420ED1326011
:101D8000280000F02DF8200007220B30231D90437F
:101D9000C21A9842DFD01B1AA350DCE75A60EFE763
:101DA00023006468A6E7009C63680093ADE71A000F
:101DB0005B68A342FBD10023DAE70C2328002B60E9
:101DC00000F00EF8C6E70760DAE7C046BCAA0120BB
:101DD00010B5024801F0A9F910BDC04600AC0120C1
:101DE00010B5024801F0A2F910BDC04600AC0120B8
:101DF000F7B506000C001500002905D11100FFF70A
:101E000067FF04002000FEBD002A03D102F020F885
:101E10002C00F7E702F014FC0700854202D84308C3
:101E2000AB42EFD329003000FFF752FF01900028AA
:101E300001D1019CE6E72A00BD4200D93A00210009
:101E4000019801F087F92100300002F001F8F0E775
:101E5000F0B585B017001E0003900191242B23D804
:101E60000C00012B20D03D4B08229C4623006146EC
:101E70001D780134485D010011401042F6D12D2D2E
:101E800019D125789C1C0123009310223300934321
:101E90001DD1302D15D1202123788B43582B10D103
:101EA00065780234102612E001F014F9162303605D
:101EB000002005B0F0BD00912B2DE6D125789C1CAB
:101EC000E3E7002EEED10A36302D00D1023E244A3F
:101ED000009B94466344310018000293EEF7D4FA55
:101EE0000022844610002B00303B092B11D81D0026
:101EF000AE421DDD531C09D001225242844505D358
:101F000001D1A94211DB0122704328182578013440
:101F1000E9E72B00413B192B01D8373DE8E72B00BF
:101F2000613B192B04D8573DE2E701225242EDE70D
:101F3000531C08D12223039A02981360002FB8D0B3
:101F4000631E019307E0009B002B00D04042002F4E
:101F5000AFD0002AF4D1019B3B60AAE73984020884
:101F6000FFFFFF7F10B5FFF773FF10BD10B5044CE6
:101F700013000A0001002068FFF76AFF10BDC04689
:101F80008C020020F0B51E003E4B17000C009C4652
:101F9000082285B003900091230061461D7801342A
:101FA000485D010011401042F6D12D2D12D1257847
:101FB0009C1C0123029310223300934316D1302D31
:101FC0000ED1202123788B43582B09D16578023418
:101FD00010260BE002912B2DEDD125789C1CEAE711
:101FE000002EF5D10A36302D00D1023E01203100FD
:101FF0004042EEF7C3F90190012031004042EEF774
:1020000043FA00230122180094462A00303A092A94
:1020100012D81500AE421EDD5A1C0AD00123019AC7
:102020005B42824205D301D1A94211DB6346704372
:10203000281825780134E8E72A00413A192A01D8FE
:10204000373DE7E72A00613A192A04D8573DE1E70E
:1020500001235B42EDE75A1C07D1222203991800A5
:102060000A60002F09D105B0F0BD029A002A00D005
:102070004042002FF7D0002B01D0631E0093009B3D
:102080003B60F0E73984020810B5FFF77BFF10BD15
:1020900010B5044C13000A0001002068FFF772FF1E
:1020A00010BDC0468C020020F0B51F0000231600B2
:1020B0008BB09F4204DA802109067B181F002D2374
:1020C000129A149D1370202303229D43462D07D09E
:1020D0002B00453B59424B411099013ACB181093C4
:1020E00009AB049308AB0393139B00920293109BDC
:1020F000320001933B0001F0BBF80400472D1BD1D7
:10210000119BDB0711D5109BC318079300220023F6
:1021100030003900EEF7B8FA002801D0079B099388
:102120003022099B07998B4220D32000099B159AE6
:102130001B1B13600BB0F0BD109BC3180793462DFB
:10214000E4D10378302B0CD1002200233000390079
:10215000EEF79AFA002804D10123109A9B1A139AD9
:102160001360139B079A1B68D318CEE7591C09917B
:102170001A70D6E7F0B52B2385B005000C1E02704F
:1021800001DA4C4202336B70092C2CDD02ABDE1DF0
:1021900020000A21EEF762FA37003031013E2000BC
:1021A00031700A210194EEF773F9019B0400632B4F
:1021B000EEDCBA1EA81C010013003034147002AC0F
:1021C00007349C420AD80023944203D3093302AA5D
:1021D0009B18DB1BC018401B05B0F0BD1C780133F9
:1021E0000C700131EBE73023E418AB70281DEC7064
:1021F000F1E70000F0B597B00D000A921C9C0B931C
:10220000099000F099FE036818000D93EEF786F828
:1022100000230F9014932B7E07220C932B680E93B0
:102220000E992368C90545D59B1893431A000832B7
:10223000226001221E685F687B005B081193109684
:10224000AE64EF6410981199A74B5242F0F7EEFD7F
:10225000002831D1109811990122A34B5242EEF778
:1022600023FA002828D10022002330003900EEF79D
:1022700011FA002803D02B002D2243331A700C9B37
:102280009A4F472B00D89A4F032300240E9A2B61B4
:1022900001339A432A600B9B2900009309980A9BFB
:1022A00015AA00F0E5F9013000D09EE0012040427F
:1022B00017B0F0BD0733B8E732003B0030003900FB
:1022C000F0F7B4FD00280BD0002F03DA2B002D22ED
:1022D00043331A700C9B874F472BD5D8864FD3E7D3
:1022E00020220C9C6B6894435A1C46D107336B60C8
:1022F00080230E9ADB00134300222B60069214AA5F
:1023000005920C9A0AA9049213AA03922322521846
:10231000029201936B683200009309983B00FFF72B
:10232000C3FE139A0700472C2DD1D31C02DB6B6828
:102330009A4247DD0C9B023BDBB20C9328001399B9
:102340000C9A013950301391FFF714FF149A0400CE
:1023500013182B61012A02DC2A68D20701D5013348
:102360002B6123230AAA9B181B78002B00D192E72C
:102370002B002D2243331A708DE7472CB8D1002B48
:10238000B6D10133B3E70C9B652BD7D90C9B662BD9
:102390001AD16B68002A09DD2A61002B02D1296855
:1023A000C9070BD501339B182B6107E0002B03D124
:1023B00001222968114200D09A1C2A61139B002433
:1023C000AB65CEE767230C931399149B994206DB08
:1023D0002B682961DB07F1D501312961EEE7012284
:1023E0000029E0DC9218521ADDE72A68530508D468
:1023F0002B693A000A9909980B9CA047013029D112
:1024000054E70C9B652B00D8DBE0A86CE96C00223C
:102410000023EEF739F9002833D00123374A0A990F
:1024200009980B9CA047013000D13FE7149E139BF5
:10243000B34202DB2B68DB070CD50B9C0F9B0D9A7C
:102440000A990998A0470024013000D12EE7731E95
:10245000A3420ADC2B689B0700D506E1159BE868C0
:10246000984200DB24E7180022E72A0001230A999A
:1024700009980B9F1A32B847013000D116E7013492
:10248000E5E7139B002B3BDC01231C4A0A990998C2
:102490000B9CA047013000D108E7149E139B3343E7
:1024A00002D12B68DB07D5D50F9B0D9A0A990998A5
:1024B0000B9CA0470023013000D1F7E60C93139B3F
:1024C0000C9A5B42934201DC330092E72A0001231D
:1024D0000A9909980B9C1A32A047013000D1E5E611
:1024E0000C9B0133EAE7C046FFFFEF7FF480020850
:1024F000F0800208FC800208F88002083582020899
:10250000149BAE6D0C939E4200DD1E00002E31DC4C
:10251000F3430024DB1733400E93AE6D0E9BF31A8A
:10252000A34230DC139B0C9A9A4238DC2B68DB0701
:1025300035D4139C0C9B0C9A9B1B141B9C4200DDF6
:102540001C00002C34DCE3430026DB171C40139BEB
:102550000C9AD31A1B1BB34200DC7BE72A00012331
:102560000A9909980B9F1A32B847013000D19DE6AD
:102570000136ECE733003A000A9909980B9CA04712
:102580000130C5D192E62A0001230A9909980B9ED1
:102590001A32B047013000D188E60134BDE70F9B05
:1025A0000D9A0A9909980B9CA0470130C1D17DE68C
:1025B000BA1923000A9909980B9EB0470130C2D17D
:1025C00074E6149B0C93012B02DC01231A4239D0D0
:1025D00001233A000A9909980B9EB047013000D1B7
:1025E00064E60F9B0D9A0A9909980B9EB04701303B
:1025F00000D15BE6A86CE96C0C9B0022013B0C93BC
:102600000023EEF741F800281AD10C9B7A1C0A9996
:1026100009980B9EB04701300ED147E62A000123EE
:102620000A9909980B9F1A32B847013000D13DE64C
:1026300001360C9B9E42F1DB2A0023005032D9E682
:102640000026F6E73A00E2E72A0001230A990998F2
:102650000B9E1932B047013000D127E60134EB68F8
:10266000159A9B1AA342EFDCF8E60024F7E7C04670
:10267000F7B5160001938A680B690C00009093422D
:1026800000DA13002200336043321278002A01D0AE
:102690000133336023689B0602D53368023333600D
:1026A0002268062315001D401A4227D02300433319
:1026B0001B785A1E93412268920630D42200019959
:1026C0000098089D4332A847013025D00622236890
:1026D00000251340042B05D13368E568ED1AEB4360
:1026E000DB171D40A3682269934201DD9B1AED1898
:1026F0000026B54220D1002010E00135E3683268A1
:102700009B1AAB42D2DD2200012301990098089F59
:102710001932B8470130F0D101204042FEBD3020CF
:10272000E1184331087021005A1C45310978A2187C
:10273000433202331170C1E722000123019900984E
:10274000089F1A32B8470130E6D00136D1E70000C1
:10275000F0B58BB006920A004332079305900392BE
:102760000A7E0C00109B782A09D8622A0BD8002A0E
:1027700000D1BAE07A490491582A00D18EE02500B0
:1027800042352A7022E0100063381528F7D8EDF79B
:10279000E1FD16001F00F6FFF6FFF6FFF6FF1F0033
:1027A000F6FFF6FFF6FFF6FF9F0036007E00F6FF0D
:1027B000F6FFB000F6FF3600F6FFF6FF82002500B8
:1027C0001A684235111D196013682B7001239EE0B1
:1027D00018680968021D0D060BD506681A60002EE0
:1027E00003DA2D23039A764213705D4B0A27049374
:1027F00018E006681A604906F1D536B2EFE70868B6
:10280000196840C9050602D4400600D5B6B2196061
:10281000534B0A2704936F2A00D1023F2300002262
:1028200043331A706368A360002B06DB042122681F
:10283000039D8A43226033430CD0039D300039004E
:10284000EDF722FE049B013D5B5C2B70330006001C
:102850009F42F3D9082F09D12368DB0706D56268A8
:1028600023699A4202DC3023013D2B70039B5B1BE2
:102870002361079B210000930598069B09AAFFF797
:10288000F7FE013048D1012040420BB0F0BD2022BC
:1028900009680A43226078223249049121004531B7
:1028A0000A701968226840C9100602D4500600D583
:1028B000B6B21960D30702D5202313432360002E3C
:1028C00001D01027AAE72022236893432360F8E76A
:1028D0001A680D68101D4969186013682E0601D525
:1028E000196002E06D06FBD519800023039D23616A
:1028F000BFE71A68111D1960156800212800626879
:1029000000F01DFC002801D0401B6060636823615B
:102910000023039A1370ACE72A00236906990598EF
:10292000079DA8470130AED023689B0715D4099BAB
:10293000E0689842A9DA1800A7E722000123069967
:102940000598079E1932B04701309CD00135E368E5
:10295000099A9B1AAB42F0DCE9E70025F7E7C0468D
:102960000081020811810208002310B504000360F1
:102970004360836081814366C281036143618361F7
:10298000190008225C3000F095FA0B4B2462636258
:102990000A4BA3620A4BE3620A4B23630A4B9C4235
:1029A00005D00A4B9C4202D0094B9C4203D1200027
:1029B000583000F0B9FB10BD252C0208512C02083C
:1029C000892C0208B52C0208C0AA012028AB0120DE
:1029D00090AB012010B5034A0349044800F06CF89D
:1029E00010BDC04614010020FD52020890020020D4
:1029F00041680B4B10B50400994201D002F07EFCF7
:102A0000A168084B994202D0200002F077FCE168EF
:102A1000054B994202D0200002F070FC10BDC04668
:102A2000C0AA012028AB012090AB012010B5094BB2
:102A3000094A04211A6009480022FFF795FF012284
:102A400009210748FFF790FF022212210548FFF7EE
:102A50008BFF10BDF8AB0120D5290208C0AA0120C8
:102A600028AB012090AB012010B5024800F05DFBBF
:102A700010BDC04601AC012010B5024800F056FB65
:102A800010BDC04601AC012010B50400FFF7ECFFFB
:102A9000236A002B02D0FFF7EFFF10BD044B236227
:102AA000044B1B68002BF6D1FFF7C0FFF3E7C046CD
:102AB000F1290208F8AB0120F7B5140000260090B8
:102AC0000191A5686768013F04D52468002CF8D1FE
:102AD0003000FEBDAB89012B08D90E22AB5E01335D
:102AE00004D029000098019B984706436835EAE71F
:102AF0000FB407B5054904AB086804CB816801939E
:102B000002F0FAF803B008BC04B018478C020020A9
:102B1000036A70B505000E008468002B01D1FFF731
:102B2000B3FF636EDB0705D4A3899B0502D4A06DB8
:102B300000F0FBFAA3891B0702D52369002B1FD1E4
:102B40002100280000F038F9002819D001256D4235
:102B5000636EDB0705D4A3899B0502D4A06D00F04A
:102B6000E5FA280070BD0136A360002B04DAA269E3
:102B70009A4216DC0A2914D023685A1C2260197064
:102B8000A3683178013B0029EDD1A360002B0FDA57
:102B9000220028000A3100F0CDF80130D6D00A25F5
:102BA000D6E72200280000F0C5F80130E8D1CDE7D3
:102BB00023685A1C22600A221A70F0E710B5034BF2
:102BC00001001868FFF7A4FF10BDC0468C0200206A
:102BD0000EB470B581239DB06A46002521AC9B00E0
:102BE00040CC93821B9502900690EDF797FB0B4B20
:102BF0006A460B9301230390079009485B42D382F6
:102C000002A92300320000680F951495019401F089
:102C1000E7FE1DB070BC08BC03B018474D2C02087D
:102C20008C02002070B50C000E25495F00F018FAE8
:102C3000002803DB636D1B18636570BDA389024A1E
:102C40001340A381F9E7C046FFEFFFFF0020704764
:102C5000F8B51F008B8905000C001600DB0505D5B3
:102C60000E23C95E0022022300F0E6F9A389054A7B
:102C700028001340A38132000E23E15E3B0000F0E8
:102C800015FAF8BDFFEFFFFF70B50C000E25495F88
:102C900000F0D2F9A389421C03D1054A1340A38155
:102CA00070BD802252011343A3816065F8E7C046DE
:102CB000FFEFFFFF10B50E23C95E00F041F910BD14
:102CC00030B50500140008001A009BB0002C05DA8E
:102CD0008B2301202B6040421BB030BD822369460C
:102CE0009B008B8100210090199104908C4200D0B0
:102CF000611E01230291059169465B42CB81280048
:102D00001E9B01F013FD431C01DA8B232B60002C6A
:102D1000E2D00022009B1A70DEE7000013B5044CDD
:102D2000009313000A0001002068FFF7C9FF16BDD9
:102D30008C020020F8B506000D001400002804D015
:102D4000036A002B01D1FFF79FFEA369A360A3894B
:102D50001B0702D52369002B09D12100300000F0A8
:102D60002BF8002803D001256D422800F8BD236907
:102D70002068EFB2C01A6369EDB2834205DC21001E
:102D8000300002F0BBFA0028EDD1A3680130013B0E
:102D9000A36023685A1C22601F706369834204D0B9
:102DA000A389DB07E1D50A2DDFD12100300002F035
:102DB000A5FA0028D9D0D6E72D4B70B505001868C4
:102DC0000C00002804D0036A002B01D1FFF75CFE41
:102DD0000C22A35E1A0723D4DA0607D409222A603C
:102DE000402201201343A38140423AE05B0713D500
:102DF000616B002908D023004433994202D0280097
:102E000001F026F8002363632422A3899343A3815E
:102E100000236360236923600823A2891343A381ED
:102E20002369002B0BD1A0218022A3898900920065
:102E30000B40934203D02100280002F0B5FA0C2287
:102E4000A35E01211A000A400B420BD00022A260AF
:102E500062695242A26100202269824201D11A06AF
:102E6000BED470BD990700D46269A260F3E7C04682
:102E70008C02002030B500240139A24201D100208B
:102E800005E0035D01340D5DAB42F6D0581B30BD4B
:102E900010B5884202D98B18984208D300239A4271
:102EA00007D0CC5CC4540133F9E78B5C8354013AFE
:102EB000FBD210BD03008218934200D170471970F5
:102EC0000133F9E730B50500101E0BD00024013A9C
:102ED0002B5D085D834204D1944202D00134002B63
:102EE000F6D1181A30BD030030B51D00002A06D0F7
:102EF0000C78013A01332C700131002CF5D10021FE
:102F00009A18934200D130BD19700133F9E770B5BA
:102F10000024CDB2C9B2A14206D1290002F0FCFAC8
:102F2000040006E01C00581C290002F0F5FA031EFC
:102F3000F8D1200070BD000000487047100200204A
:102F4000002370B5064D040008002B60F0F7DFFA8F
:102F5000431C03D12B68002B00D0236070BDC046FA
:102F6000FCAB0120334B70B51B68040083425FD07B
:102F7000C369002B27D0DB68002B0DD00025E36947
:102F8000DB685959002918D10435802DF7D1E36940
:102F90002000D96800F05CFFE3691968002902D0BD
:102FA000200000F055FFE3699D68002D0BD029003B
:102FB00020002D6800F04CFFF7E70E68200000F0BD
:102FC00047FF3100DEE76169002902D0200000F0F0
:102FD0003FFFE169002902D0200000F039FF216B9A
:102FE000002902D0200000F033FF616B002902D0DD
:102FF000200000F02DFFA16B002902D0200000F07E
:1030000027FFA16C002902D0200000F021FF616C95
:10301000002902D0200000F01BFFE16A002902D045
:10302000200000F015FF236A002B01D020009847F4
:1030300070BDC0468C02002070B50400080011006D
:103040001A000023054D2B60F0F76BFA431C03D1E7
:103050002B68002B00D0236070BDC046FCAB012064
:1030600070B50400080011001A000023054D2B6004
:10307000F0F733FA431C03D12B68002B00D02360F8
:1030800070BDC046FCAB0120002370B5064D0400A6
:1030900008002B60F0F748FA431C03D12B68002B83
:1030A00000D0236070BDC046FCAB012070B50400A9
:1030B000080011001A000023054D2B60F0F71AFAE2
:1030C000431C03D12B68002B00D0236070BDC04689
:1030D000FCAB0120014B18687047C0468C020020F1
:1030E00070B500260C4C0D4D641BA410A64209D1EE
:1030F000002602F0F9FB0A4C0A4D641BA410A642FC
:1031000005D170BDB300EB5898470136EEE7B30028
:10311000EB5898470136F2E75086020850860208BD
:1031200054860208508602087047704770470300B3
:103130000A7801311A700133002AF9D17047C9B2F7
:103140008218904201D10020704703788B42FBD057
:103150000130F6E7002310B59A4200D110BDCC5CD7
:10316000C4540133F8E7F0B503690C6989B00390E2
:1031700006910020A34263DB0B00013C1433A50041
:1031800004935B190593039B143301935D19059B0D
:103190002F681E68380001363100EDF7EFF8029015
:1031A000B74227D3049B00279C46019E079762469F
:1031B00008CA30689446029A99B251431B0C534393
:1031C000C9190A0C9B1889B282B2521A07991F0CAE
:1031D0005218000C9BB21114C31A5B18191492B246
:1031E0001B041A43059B079104C66345DFD22B6875
:1031F000002B2BD00699039801F00CF900281EDB58
:103200000026019D049901C92B6887B29AB2D21B8E
:103210009219000C1B0C1B1A10141B181E1492B2CE
:103220001B041A43059B04C58B42ECD2019AA300F0
:10323000D3181A68002A14D0029B01330293029813
:1032400009B0F0BD2B68002B04D1013C019B043D6B
:10325000AB42F7D3039B1C61CCE71A68002A04D168
:10326000013C019A043B9A42F7D3039B1C61E3E7BC
:10327000F0B514001D00C6699DB00A940B95259FFA
:103280000390002E0FD11020FEF7F6FC039B021EC8
:10329000D86104D1EF21C74BC74802F06FF94660EF
:1032A00086600660C660039BDB69196800290BD045
:1032B0005A68012393404A608B60039800F068FECF
:1032C0000022039BDB691A60002D1EDA01233B609C
:1032D0006B005B080B930B9FB84BB84A3B40934283
:1032E00016D1B74B249A13603B031B0B234301D128
:1032F00000F080FDB34B269A0893002A02D0B24B0F
:10330000269A136008981DB0F0BD00233B60E2E7E9
:103310000A9A0B9B1292139312981399002200237E
:10332000EDF7B2F9061E0BD00123249A1360269BF9
:10333000002B02D0A54B269A1360A54B0893E1E71A
:103340001AAB01931BAB00930398129A139B01F0E5
:1033500017F97A000590520D00D17BE0139B189667
:1033600019039C4B090B0B439B495718129813994F
:1033700019000022994BEFF74FF9994A994BEEF754
:1033800065FE994A994BEDF761FE040038000D0087
:10339000EFF7AAFD964A974BEEF758FE02000B0096
:1033A00020002900EDF752FE04000D00EFF760FD4C
:1033B00000220490002320002900EDF76BF900287B
:1033C0000BD00498EFF790FD2B002200EDF75CF98D
:1033D00043425841049B1B1A049301231593049BF9
:1033E000162B10D812981399049A834BD2009B186D
:1033F0001A685B68EDF74EF9002847D0049B013B43
:1034000004930023159300221A9B0692DB1B5A1E7D
:103410003ED50122D31A069300230D93049B002B63
:1034200038DB049A0D9B944663440D930023149259
:103430000F93229B0124092B62D8052B02DD002467
:10344000043B2293229B981E032863D8ECF778FF55
:103450005456382B1B9B1A9EF618684BF218202ADC
:103460000FDD40239B1A9F40654B3800F318DC406A
:103470002043EFF767FD0122624B771ECB181892AD
:1034800076E7202320009B1A9840F2E71590BAE7D0
:103490000D92C3E7069B049A9B1A069353420F931F
:1034A00000231493C5E70123239A10939446049BA9
:1034B00063440E9301330993002B08DC012306E0DB
:1034C00001231093239B002B28DD0E930993039A6D
:1034D0000021D0690422150014359D4223D9416092
:1034E000039800F011FD089000281FD1B021464B31
:1034F0003148089AFF31D0E60023E2E70023D3E702
:10350000002310942293013B00220E93099313335E
:103510002392DCE701231093023BF5E701231A0015
:103520000E930993F4E701315200D4E7039B089A04
:10353000DB691A60099B0E2B00D9D6E0002C00D164
:10354000D3E0049B002B63DD0F21049A2A4B0A4031
:10355000D2009B181E685F68049B02241D11DB05C6
:103560000AD52A4B0D401A6A5B6A12981399EEF736
:1035700033F90A900B910134244B0C93002D08D1A0
:103580000A980B9932003B00EEF726F90A900B914E
:1035900059E001231D4209D0E4180C9B30001A6841
:1035A0005B683900EEF752FD06000F000C9B6D10B2
:1035B0000833E2E7358102084C8102080000F07F01
:1035C0000F27000031810208348102083682020888
:1035D000358202080000F03F01FCFFFF0000F83FC9
:1035E00061436F63A787D23FB3C8608B288AC63F09
:1035F000FB799F501344D33F7085020832040000CA
:1036000012040000000010FEA48102084885020890
:10361000049B0224002B16D0129813990F225D42AE
:103620002A40D54BD2009B181A685B68EEF70EFD56
:10363000012700230A900B91D04E2D11002D00D0B0
:1036400095E0002BA2D10A9E0B9F159B002B00D169
:1036500098E0002230003900C94BEDF71BF8002834
:1036600000D18FE0099B002B00D18BE00E9B002B3B
:1036700037DD049B0022013B0C933000C14B390025
:10368000EEF7E4FC0A900B910E9B0134200011939D
:10369000EFF72AFC0A9A0B9BEEF7D8FCBA4B0022F4
:1036A000EDF7D4FCB94B0600CF18119B002B6DD160
:1036B0000A980B990022B64BEEF7AEFF32003B00A2
:1036C00004000D00ECF7FAFF002800D0B6E28021DC
:1036D00009067B18320020002900ECF7DBFF0028E8
:1036E00028D1129B139C0A930B941B9B002B00DA8E
:1036F00074E1049A0E2A00DD70E19F4BD2009B1802
:103700005C681B6806930794239B002B00DBE7E0B3
:10371000099B002B00DDE3E00CD1069807990022FD
:103720009B4BEEF793FC0A9A0B9BECF7D1FF00281A
:1037300000D186E200263700239B089CDB430C93D4
:10374000049700273100039800F022FC049B002B13
:1037500000D1BBE0002F05D09F4203D03900039871
:1037600000F016FC0499039800F012FCAEE03D4214
:1037700005D032687368EEF769FC3B0001346D10C8
:1037800008365BE7049B0C93099B7FE7119A7A4B01
:10379000013AD20010999B181A685B6800294CD036
:1037A00000207C49EEF718F832003B00EEF734FFBA
:1037B000089A060094460F00089B1693119B6344D9
:1037C00011930A980B99EFF753FB0500EFF78CFB69
:1037D00002000B000A980B99EEF71EFF169B30357E
:1037E0005C1C1D7032003B000A900B91ECF752FFFD
:1037F00000286BD10A9A0B9B00206149EEF70CFF61
:1038000032003B00ECF746FF002800D0C6E0119BD9
:10381000A34200D165E7002230003900594BEEF792
:1038200015FC002206000F000A980B99554BEEF785
:103830000DFC16940A900B91C3E730003900EEF7A7
:1038400005FC089D119A2B0094461690179163442D
:1038500019930A980B99EFF70BFB0400EFF744FB61
:103860000B0002000A980B99EEF7D6FE3034199B34
:103870002C70013506000F00AB422AD1169817991B
:10388000089B119C9C460022424B6444EDF7DEFBF2
:1038900002000B0030003900ECF710FF002800D0C8
:1038A0007CE0169A179B00203A49EEF7B5FE02001D
:1038B0000B0030003900ECF7EDFE002800D110E7D6
:1038C0002300013C2278302AFAD01C000C9B049380
:1038D00042E000222B4BEEF7B9FB0A900B91B8E7C0
:1038E000099B089D013B5B190A9E0B9F0A93069A50
:1038F000079B30003900EDF76FFFEFF7B9FA099039
:10390000EFF7F2FA069A079BEEF7A0FB02000B0016
:1039100030003900EEF780FE2B00099A0135303275
:103920001A700A9A2C009A424BD102000B00EDF754
:103930008DFB069A079B06000F00ECF7BFFE0028E0
:103940002AD1069A079B30003900ECF79DFE00282B
:1039500002D0099BDD071FD40599039800F018FBDE
:1039600000232370049B249A01331360269B002BB1
:1039700000D1C7E41C60C5E47085020848850208D0
:103980000000F03F0000244000001C400000C0FC8C
:10399000000014400000E03F049B0C9323001C0037
:1039A000013B1A78392A08D1089A9A42F7D10C9A21
:1039B000089901320C9230220A701A7801321A707A
:1039C00084E70022C64BEEF741FB002200230600ED
:1039D0000F00ECF759FE002889D0BDE7109F0F9D1E
:1039E000069C002F14D0229A012A00DDE4E0189AE8
:1039F000002A00D1DAE0BB4A9B18069A0121D218AE
:103A000006920D9A0398D3180D9300F079FB0700E6
:103A1000002C0ED00D9B002B0BDD0D9A2300944241
:103A200000DD1300069AE41AD21A06920D9AD31AF0
:103A30000D930F9B002B21D0109B002B00D1D3E0C6
:103A4000059E002D14D039002A00039800F01AFCBE
:103A5000059A01000700039800F06AFB060005992B
:103A6000039800F095FA0F9B05965B1B0F9305D00A
:103A700031000F9A039800F005FC0590012103988E
:103A800000F03EFB149B0600002B00D1BCE11A00A5
:103A90000100039800F0F6FB229B06000025012B95
:103AA00016DC00250A9BAB420ED10B9B1B03AB42DD
:103AB0000AD18D4B0B9A134206D0069B0135013378
:103AC00006930D9B01330D93149B0120002B08D00E
:103AD000336903339B00F318586800F0C1FA2023C0
:103AE000181A0D9B181802001F231A40184200D103
:103AF00081E001339B1A042B79DD1C239B1A069A63
:103B0000E418D21806920D9AD3180D93069B002B39
:103B100005DD1A000599039800F010FC05900D9B37
:103B2000002B05DD31001A00039800F007FC0600A9
:103B3000159B002B61D03100059800F06BFC00282C
:103B40005BDA049B0A22013B0C930599002303983E
:103B500000F042FA109B0590002B00D15BE100239E
:103B600039000A22039800F037FA0E9B0700002B59
:103B70004DDC229B022B46DD0E9B002B00D0DBE5AB
:103B800031000522039800F027FA0600010005988D
:103B900000F040FC002800DCCEE5089B089A5C1C85
:103BA000312313700C9B01330C93C9E536231A9A09
:103BB0000F9D9B1A069C20E7099B5D1E0F9BAB4245
:103BC00008DB5D1B099B002BF4DA069B099A9C1A03
:103BD000002312E70F9B149AEB1AD31814930F9536
:103BE000069C0025099B08E70F9A059942E7042BDC
:103BF0008CD01C3383E71300FBE7049B0C93099BD9
:103C00000E93002BB5DD109B002B00D107E1002C9B
:103C100005DD39002200039800F090FB07000497AF
:103C2000002D20D07968039800F06EF9041E0CD1A5
:103C300022002E4B2E482F49FFF72FFB119E3700F5
:103C4000ABE7049B099E0C93F9E739003A690C3104
:103C5000023292000C30FFF77DFA01222100039816
:103C600000F06CFB0490089B0E9A0693013B9B1896
:103C700001220F930A9B13400E9331000598FFF722
:103C800072FA390005000A90059800F0C3FB049A07
:103C90000D903100039800F0D9FB0122C3680400A5
:103CA00030350992002B04D10100059800F0B2FBD9
:103CB00009902100039800F06BF9069B229A5C1C86
:103CC000099B13430E9A134316D1392D2FD00D9B08
:103CD000002B01DD0A9D3135069B1D7032E5C04683
:103CE00000002440330400000000F07FA48102089B
:103CF0004C810208EF0200000D9B002B04DB229A8E
:103D000013430E9A13431ED1099B002BE4DD059942
:103D10000122039800F012FB3100059000F07AFBBD
:103D2000002802DCD8D1EB07D6D5392DD2D13923E2
:103D3000069A137023001C00013B1A78392A50D0D0
:103D400001321A70FEE4099B002B03DD392DEED001
:103D50000135C1E7069B069A1D700F9B93422BD03D
:103D600000230A220599039800F036F9049B059078
:103D70009F4209D1390000230A22039800F02CF950
:103D800007000490069478E7390000230A2203987C
:103D900000F022F9002307000A220499039800F09A
:103DA0001BF90490EEE70E9B0124002B00DD1C00A4
:103DB00004970027089B1C1905990122039800F01D
:103DC000BDFA3100059000F025FB0028B2DC01D1DE
:103DD000ED07AFD423001C00013B1A78302AFAD03B
:103DE000B0E4089A9A42A6D10C9B01330C9331237C
:103DF0001370A7E4144B269A0893144B002A01D0A1
:103E0000FFF77EFAFFF77EFA229B012B00DC48E6E3
:103E10000120149D65E60E9B002B00DCA9E6002422
:103E200031000598FFF79FF9089B303018550E9B1D
:103E300001340500A342B6DD00230A220599039848
:103E400000F0CAF80590EBE72881020830810208EB
:103E500070B505000C1E10D0043C2368002B00DA5E
:103E6000E4182800FDF7B4FF1D4A1368002B05D1A4
:103E7000636014602800FDF7B3FF70BDA34208D94A
:103E8000206821188B42F3D119685B6809182160FA
:103E9000EEE71A005B68002B01D0A342F9D9116844
:103EA0005018A0420BD120680918501811608342A5
:103EB000E0D118685B68411811605360DAE7A042EE
:103EC00002D90C232B60D5E7206821188B4203D13F
:103ED00019685B680918216063605460CAE7C046CE
:103EE000BCAA012082B0002900D101A9101E06D071
:103EF000002B06D013780B601078431E984102B057
:103F0000704702204042FAE770B5C56906000C0010
:103F1000002D0ED11020FDF7AFFE021EF06104D17E
:103F20006B21194B194801F029FB4560856005603C
:103F3000C560F569EB68002B13D0F369A200DB685C
:103F40009B181868002818D101210D00A5406A1D92
:103F50003000920001F030FB00280CD044608560F6
:103F60000DE021220421300001F026FBF369E86016
:103F7000DB68002BE1D1002070BD02681A600023CD
:103F80000361C360F8E7C04635810208B5810208C5
:103F900070B5C66905000C00002E0ED11020FDF78B
:103FA0006BFE021EE86104D18F21094B094801F024
:103FB000E5FA466086600660C660002C07D0EB69B3
:103FC0006268DB6892009B181A6822601C6070BDF2
:103FD00035810208B5810208F7B50F0001900C0089
:103FE0001E0000200D6914373B68013099B251431F
:103FF0001B0C534389190E0C9B191E0C89B21B0410
:104000005B1808C78542EFDC002E22D0A368AB42C4
:1040100019DC616801980131FFF776FF071E05D1B1
:104020003A00BA210C4B0D4801F0A8FA2100226990
:104030000C31023292000C30FFF78CF8210001980D
:10404000FFF7A6FF3C002B1D9B00E31801355E60C7
:1040500025612000FEBDC046A4810208B58102088A
:104060008022030052020020934201D21B04103030
:1040700080225204934201D208301B028022520552
:10408000934201D204301B018022D205934201D217
:1040900002309B00002B03DB0130134200D12020B3
:1040A00070470368010007221800104013420DD02A
:1040B000063A0020134205D10230034203D0D34018
:1040C00010000B6070479B080B60FBE79AB2002A58
:1040D00001D110201B0CDAB2002A01D108301B0AD2
:1040E0001A0701D104301B099A0701D102309B083D
:1040F000DA07E9D401305B08E6D12020E2E70000CE
:1041000010B50C000121FFF7FFFE002807D1462162
:10411000054C0200054B2000FF3101F02FFA01236E
:104120004461036110BDC046B5810208A481020844
:10413000F0B514000A6923690D0089B09A4202DBC8
:1041400023000C001D0027692E696168BB190093CC
:10415000A368BA19934200DA0131FFF7D5FE84460D
:10416000002806D1B1216246444B4548490001F080
:1041700005FA0200BB1914329B00D31801930021E9
:1041800013000198834228D32300BF001433049303
:104190001435DB19B6000293AB190793042305937A
:1041A000230002991533994205D30C1B153CA40832
:1041B0000134A3000593079B9D4210D3009B002B65
:1041C00005DD019B043B01931B68002B52D0634625
:1041D0006046009A1A6109B0F0BD02C3D1E72C68AD
:1041E000A4B2002C1FD000231700049E039308CE16
:1041F000396806936B461B8B88B263431B18039880
:10420000090C1B180698000C60434018190C411843
:10421000080C9BB209041943029B039002C7B342E6
:10422000E5D8059BD0502C68240C20D0002110002C
:104230001368049E03913168076889B261433F0C9B
:10424000C919039F9BB2C9190F041F43076080CE91
:1042500043683F0C67439BB2090CFB185B18190CB1
:10426000039102990430B142E5D8059953500435C1
:104270000432A0E7009B013B00939FE7A481020862
:10428000B5810208F7B50323150007000E001A4098
:104290001D4208D02549013A9200525800233100AE
:1042A000FFF79AFE0600AD103DD0FC69002C0FD13F
:1042B0001020FDF7E1FC021EF86105D1B4211C4B72
:1042C0001C48FF3101F05AF9446084600460C46006
:1042D000FB699C680193002C08D138001649FFF750
:1042E0000FFF019B040098600023036001231D421F
:1042F0000AD0310022003800FFF71AFF3100019088
:104300003800FFF745FE019E6D100CD02068002894
:1043100007D1220021003800FFF70AFF00232060A8
:1043200003600400E2E73000FEBDC0463C850208A1
:1043300035810208B581020871020000F0B50C0059
:1043400016002369571185B0FB18019301330093C0
:104350004968A3680290009A934210DB0298FFF725
:10436000D3FD0023010005001A00143198420CD13E
:10437000EF212A00254B2648490001F0FFF80131C2
:104380005B00E8E798000A500133BB42FADBFB43CD
:10439000DB171F40BF0023001F20C9193700226907
:1043A000143392009A180740064229D00130C01BEE
:1043B00003908C4600201E68BE400643604640C005
:1043C0008446039E01CBF0409A42F4D8260015366D
:1043D0000423B24204D3131B153B9B0801339B00FB
:1043E000C850002802D0019B02330093009B029822
:1043F000013B21002B61FFF7CBFD280005B0F0BD8C
:1044000001CB01C19A42FBD8F0E7C046A481020863
:10441000B581020830B50B6904690200E01A9C42BC
:104420000FD114329B0014311400C918D218043A69
:10443000043915680B689D4204D001209D4200D2CA
:10444000023830BD9442F2D3FBE70000F0B50C0017
:1044500087B00090110020001700FFF7DBFF051E5A
:1044600010D101000098FFF74FFD021E04D1404B10
:104470004048414901F082F8012345610361100081
:1044800007B0F0BD0026B04203DA23003C001F0055
:10449000013661680098FFF737FD021E03D1344BE7
:1044A00034483649E6E72369143400939B00E31847
:1044B000210001943C0002933B6914349B00E318F3
:1044C00003930300C6608C460020143304930593C5
:1044D000634620CBA9B20E009C4608CC2D0C99B2A5
:1044E000711A09181B0C0814EB1A1B18181489B23E
:1044F0001B041943059B02C30593039BA342E7D802
:104500003900039C153104238C4204D3E31B153B73
:104510009B0801339B000199CD1804992E00CB18FC
:104520001F0002998E4211D3029CE91E00208C428A
:1045300004D321000331491B890888001B18043B60
:104540001968002910D0009B136198E7844602CEB9
:1045500088B2604400140C0C04196144201489B220
:104560002404214302C7DCE7009901390091E6E702
:10457000A4810208B581020837020000450200004C
:10458000F7B5012116001F00FFF7BEFC041E05D180
:104590002200254B2548264900F0F0FF3B037D0013
:1045A0001B0B6D0D02D08022520313430193002E8A
:1045B00025D068460096FFF774FD019B00990028FE
:1045C0001BD020221E00121A96403200C3400A431C
:1045D00062610193019EA661731E9E4101362661B0
:1045E000002D14D03526134BED18089B2D181D6097
:1045F000099B361A1E602000FEBD6161EAE701A832
:10460000FFF74FFD019B012663612030E7E70A4B6E
:10461000C018089B1860094BF3189B00E3185869F1
:10462000FFF71EFD7601E3E7A4810208B5810208C9
:104630000F030000CDFBFFFFCEFBFFFFFFFFFF3F9F
:104640000B1F1B68181F002B01DA0B58C01870478E
:104650000300081E05D0FF2A04D98A2201201A600F
:104660004042704701200A70FBE70000F0B58E68F9
:1046700085B01F000C000B6802900392BE4230D838
:104680000C21625E9021C9000A4228D003202169D2
:104690005B1A0193636943430198DD0FED187B1C9E
:1046A0001B186D10AB4200D91D00520528D52900FA
:1046B0000298FDF70DFB061E2CD0019A2169FEF72A
:1046C00049FDA289184B1A4080231343A381019B03
:1046D0002661F61826603E006561ED1AA560BE42AF
:1046E00000D93E00320003992068FEF7D1FB00207C
:1046F000A3689B1BA36023689B19236005B0F0BDD2
:104700002A000298FDF774FB061EE0D12169029889
:10471000FFF79EFB0C230120029A40421360A289FE
:1047200034331343A381E9E77FFBFFFFF0B5A1B06A
:1047300003901D008B890F0016001B0611D50B6915
:10474000002B0ED14021FDF7C3FA386038610028F4
:1047500005D10C23039A136001204042CFE040238F
:104760007B61002308AC6361203363761033A3764A
:10477000079535002B78002B01D0252B48D1AB1B9A
:104780000593B5420BD0320039000398FFF76EFF56
:10479000013000D1AEE06369059A9B1863612B7804
:1047A000002B00D1A6E0012200235242626004A93E
:1047B000543252186E1C2360E360A3601370A3652B
:1047C000544B0522180031780593FEF7B8FC751C90
:1047D00000281FD12268D30604D5532304A95B18EF
:1047E00020211970130704D5532304A95B182B212A
:1047F000197033782A2B16D0350000210A20E3687F
:104800002A786E1C303A092A50D9002911D117E0B4
:104810000135AFE7059B2268C01A0123834013438B
:104820002E002360CCE7079B191D1B680791002B06
:1048300001DB0B9304E05B42E3600223134323603C
:104840002B782E2B0CD16B782A2B34D1079B023579
:104850001A1D1B680792002B01DA01235B420993A2
:104860002D4E032230002978FEF769FC002806D07F
:104870004023801B8340226801351343236029783D
:10488000062226486E1C2176FEF759FC002838D0F7
:10489000234B002B22D10722079B07339343083376
:1048A00007936369049A9B18636162E74343350089
:1048B00001219B18A4E700230A2019000135636039
:1048C0002A786E1C303A092A03D9002BC8D00991E6
:1048D000C6E74143350001238918F1E707AA009292
:1048E00021003A000F4B0398FDF784FC0490049BD1
:1048F0000133D6D1BB890D985B0600D52CE721B0DA
:10490000F0BD07AA009221003A00064B0398FDF77C
:104910001FFFEBE70E8202081482020818820208C9
:10492000F52102086D46020870B514004B1C03D136
:1049300001256D42280070BD938920229343626B4C
:10494000A381CEB26368CDB2002A10D0A26B9A4286
:1049500007DD2368013B23601E70636801336360D9
:10496000E8E7210000F09AFD0028F2D0E0E7216995
:104970002268002907D0914205D2511E0878A8422A
:1049800001D12160EAE723642300443363630323F6
:10499000A36323004633E2631E7023600123DEE736
:1049A00010B50C00496B00290ED023004433994206
:1049B00001D0FFF74DFA0020236C606363608342EF
:1049C00002D0E36B236010BD236901202360002324
:1049D000A289636020331343A3814042F3E70000C0
:1049E000F0B5AB4CA5440C0000210090BE204691D0
:1049F000479103A94891A749400043AD2950A649D2
:104A0000043043AD295002931678002E00D13CE1CA
:104A100008230820A14D571CA95D0B4001421DD061
:104A200006006368002B0FDD23681A78AA5C324207
:104A300001D13A00E8E7479A0133013247926268B0
:104A40002360013A6260ECE7C02243AB52002100D0
:104A50009B58009898470028E6D0EAE7252E62D1B7
:104A60004593439353782A2B02D11A3B4393971CC7
:104A70003D000A2229786F1C0B00303B092B1FD9FF
:104A8000874B032218000193FEF759FB002807D03B
:104A9000019B3D00C01A01238340439A1343439373
:104AA0002B786F1C782B06D8572B10D8252B3AD093
:104AB00034D8002B55D0032349930733449369E03E
:104AC000459B3D005343303B5B184593D2E71800AC
:104AD00058382028EFD8EBF73DFC4B00EEFFEEFFF7
:104AE0007D00EEFFEEFFEEFFEEFFEEFFEEFFEEFFCE
:104AF00088007B00240024002400EEFF5500EEFF18
:104B0000EEFFEEFFEEFF900059004700EEFFEEFFD4
:104B10008E00EEFF7B00EEFFEEFF4B00453B022BCD
:104B2000C9D8052335E06368002B0DDD23681A78AA
:104B3000B24200D0A9E0013362682360479B013A8A
:104B400001336260479374E7C02343AA5B002100EE
:104B5000D358009898470028E8D04698002800D0FD
:104B60008BE0012040428CE0202243990A4343928B
:104B70008022439992000A434392102244926E2B62
:104B800002D905E000234493032302E00823449361
:104B9000042349936368002B3EDD439B5B0608D4E6
:104BA000C0260825760023683C491A788A5C2A4288
:104BB0003CD1499B022B4CDC2200009802AB43A95C
:104BC00000F0B6F9012860D0022800D031E7C4E730
:104BD0000A22D3E7390003A800F027FC4023439AB8
:104BE0000700134343930123D3E74023439A13431E
:104BF00043930023CDE70223CBE7439AD30600D5A6
:104C000017E7029B4799181D02901B68D50701D52D
:104C100019800EE719600CE7C02343AA5B0021004E
:104C2000D358009898470028B7D096E7479A0132A2
:104C300047926268013A6260002A02DD0133236014
:104C4000B1E743AB21009B59009898470028AAD0B0
:104C500083E7042B06DC2200009802AB43A900F096
:104C6000C7F9AFE70F4B002B00D1E2E62200009816
:104C700002AB43A900E000BFA4E7A3895B0600D50F
:104C80006FE7A5239B009D44F0BD4698F9E7C04619
:104C90006CFDFFFF29490208A14902083984020876
:104CA0001482020800000000936810B5013B936075
:104CB000002B04DA9469A34207DB0A2905D01368A4
:104CC000581C10601970080010BDFEF733F8010081
:104CD000F9E7F8B506000F001400D518AC4201D171
:104CE000002007E021783A003000FFF7DDFF0134B3
:104CF000431CF3D1F8BD0000F0B5A1B00F001500C2
:104D00001E000390002804D0036A002B01D1FDF798
:104D1000BBFE7B6EDB0705D4BB899B0502D4B86D57
:104D2000FEF703FABB891B0702D53B69002B13D1A1
:104D300039000398FEF740F800280DD07B6EDB07A2
:104D400003D50120404221B0F0BDBB899B05F8D4BA
:104D5000B86DFEF7EBF9F4E7002308AC636120338C
:104D600063761033A37607962E003378002B01D09C
:104D7000252B48D1731B0593AE420BD02A00390076
:104D80000398FFF7A6FF013000D1AEE06369059AF2
:104D90009B1863613378002B00D1A6E00122002329
:104DA0005242626004A954325218751C2360E360B9
:104DB000A3601370A365594B052218002978059349
:104DC000FEF7BDF96E1C00281FD12268D30604D55A
:104DD000532304A95B1820211970130704D553230A
:104DE00004A95B182B2119702B782A2B16D02E00C2
:104DF00000210A20E3683278751C303A092A50D91C
:104E0000002911D117E00136AFE7059B2268C01ACF
:104E100001238340134335002360CCE7079B191D12
:104E20001B680791002B01DB0B9304E05B42E360FE
:104E300002231343236033782E2B0CD173782A2B53
:104E400034D1079B02361A1D1B680792002B01DA2A
:104E500001235B420993324D032228003178FEF78B
:104E60006EF9002806D04023401B8340226801369B
:104E700013432360317806222A48751C2176FEF7F9
:104E80005EF9002840D0284B002B22D10722079B37
:104E900007339343083307936369049A9B1863614C
:104EA00062E743432E0001219B18A4E700230A2058
:104EB0001900013663603278751C303A092A03D92B
:104EC000002BC8D00991C6E741432E000123891861
:104ED000F1E707AA009221003A00144B0398FDF76E
:104EE00089F90490049B0133D6D17B6EDB0705D48E
:104EF000BB899B0502D4B86DFEF718F9BB895B0628
:104F000000D51EE70D981EE707AA009221003A007F
:104F1000064B0398FDF71CFCE3E7C0460E8202082F
:104F20001482020818820208F5210208D34C0208F4
:104F3000F7B515008A680C000190002A04D18A692F
:104F4000002A17D10132A2602268D20603D41A685F
:104F5000111D196017680026A069002816D00128C5
:104F60000BD12B6862691B78D35C002B0ED1002E0D
:104F70003BD029E001225242E5E7022824D12B68E8
:104F80001A4A1B78D35C082213421DD110222368D1
:104F90000136134203D12B681B783B7001372A6816
:104FA0006B6801322A60A268013B013A6B60A26023
:104FB000002A09D0002BCFDCC0235B002900E35876
:104FC000019898470028C7D0226810231100194083
:104FD0001A4206D1E3680133E360A369002B00D0D5
:104FE0003970002023699B192361FEBD39840208B2
:104FF000F0B58BB00193784B1600049007AAA1CBB3
:10500000A1C2764A8B690C000592032B01D1744B27
:105010000593AE220020A3685200591E03909142CE
:1050200005D95E3BFF3B03935E23FF33A360230060
:105030001C330093D023002722681B0113432360F5
:10504000009B0293336807A81978BB000222185806
:10505000FEF775F8002829D0012F5ED16368002B78
:1050600006D1083322686360F933FF3313432360AA
:1050700023685C4A13402360A3685A1EA260002B79
:1050800014D033685A1C32601B78029A137073680C
:10509000551C013B7360002B07DCC0235B00310013
:1050A000E3580498984700287ED102950137032FD2
:1050B000C8D16368002B01D10A336360002763689D
:1050C00049496069C91A00F0B0F9029DA3682068D7
:1050D0000293002B3FD0316863690A789B5C002BF8
:1050E00039D0302A28D180231B01184224D0039BB9
:1050F0000137002B05D01A00029B013A01330392BD
:10510000A3607368013B7360002B1CDD33680133BF
:105110003360A368013BA360D8E7022FACD1C02362
:1051200080212268DB00134089008B42C1D110230B
:105130006360F03313439EE72C4B034023600B78EE
:105140002B700135DDE7C0235B003100E358049884
:1051500098470028DDD02368DB050ED5009B9D42D3
:1051600007D9BE23013D5B0032002978E35804983B
:105170009847009B01209D4229D0216810230A00F6
:105180001A4019421CD12A70636800990498059E40
:10519000B047019B22681B68910607D501991A1D2B
:1051A0000A601B68186008E00027D4E7191DD607BD
:1051B0000FD5019A11601B681880E3680133E36022
:1051C0000020009BED1A2369ED195B1923610BB0D8
:1051D000F0BD019A1160E4E7105902088920020825
:1051E000651F0208FFFAFFFF2F820208FFF6FFFF8C
:1051F000F7B50C228B5E05000C001A0756D44A68DE
:10520000002A02DC0A6C002A4EDDE76A002F4BD030
:10521000002280202E682A601A004001216A024084
:10522000034233D0626DA3895B0706D56368D21A47
:10523000636B002B01D0236CD21A00232800E76A8D
:10524000216AB847A289431C06D129681D2946D87E
:10525000294BCB40DB0742D50023636023692360E1
:10526000D20405D5431C02D12B68002B00D1606508
:10527000616B2E60002917D023004433994202D07D
:105280002800FEF7E5FD002363630DE001232800FD
:10529000B8470200431CC6D12B68002BC3D01D2B7E
:1052A00001D0162B1AD12E6000201EE00E69002EB0
:1052B000FAD00F680E60BA1B019200229B0700D142
:1052C0004A69A260019B002BEEDDA36A32001F0039
:1052D0002800019B216AB847002807DCA2894023E7
:1052E000012013431BB2A3814042FEBD019B36182F
:1052F0001B1A0193E6E7C046010040200B6970B518
:1053000005000C00002B02D10025280070BD0028EC
:1053100004D0036A002B01D1FDF7B6FB0C22A35E7B
:10532000002BF1D0626ED20704D49B0502D4A06D8D
:10533000FDF7FBFE28002100FFF75AFF636E050012
:10534000DB07E2D4A3899B05DFD4A06DFDF7EEFE59
:10535000DBE7000070B50E001D000E23C95E1400CF
:1053600096B000290CDAB2898023110019401A4244
:1053700014D18023DB0000202960236016B070BDAB
:105380006A4600F0D7F80028EDDBF02301991B02F4
:105390001940044BC9184B425941EAE70021402308
:1053A000E9E7C04600E0FFFFF0B502268B89050063
:1053B0000C0085B0334207D02300473323602361BC
:1053C0000123636105B0F0BD03AB02AAFFF7C2FF82
:1053D000029F019039002800FCF77AFC002808D1D0
:1053E0000C22A35E9A05EDD4032293431E43A681AB
:1053F000E2E78023A28920601343A381039B2061FD
:105400006761002B0CD028000E23E15E00F0A4F8A9
:10541000002805D00323A2899A43023B1343A381AA
:10542000A389019A1343A381CCE770B50B780400DC
:105430005E2B19D04D1C00212200601CFF30117022
:1054400001328242FBD1681E002B26D001264E403D
:105450002800E6540178451C2D2909D05D291BD070
:1054600000291AD00B00F3E74B788D1C0121E3E7EC
:1054700042785D2AF6D09342F4DC19000230013103
:1054800066548A42FBDC591C934202DB00228B18D3
:10549000E0E7D21A013AFAE7280070BD0B00F7B531
:1054A0004D6B44330C009D421CD18026F600310028
:1054B000FCF70EFC002802D101204042FEBD230073
:1054C0006063A66346331A78104BC25423004533F9
:1054D0001A780F4BC2542A780E4BC254C018206061
:1054E0000020EBE78E6B290073001A000193FCF794
:1054F0007FFC051EE0D08719010032003800FDF75F
:1055000029FE019B27606563A363E9E7FF030000B1
:10551000FE030000FD030000C9B20378002B04D095
:105520008B4200D170470130F7E74B425941494265
:105530000840F7E7002370B5064D0400080011008D
:105540002B60EDF7E7FF431C03D12B68002B00D045
:10555000236070BDFCAB0120002370B5064D040034
:1055600008002B60EDF7DBFF431C03D12B68002BF9
:1055700000D0236070BDC046FCAB01207FB5140095
:105580001A00094B05001B680E00D868074B002C59
:1055900001D1074B1C000749019302942B00009690
:1055A00000F038F800F046F88C0200203A82020839
:1055B000F57202084782020870B50B0C150C002B1F
:1055C0001ED1002D0CD189B294B24C432100FCF7BE
:1055D0007FFB051E1BD022000021FDF76BFC16E0AF
:1055E0002B1C0C1C89B292B24A439BB2A1B2594304
:1055F000140C0C19230C07D1240492B21443E5E7D0
:10560000002D01D1141CEDE70C23002503602800B8
:1056100070BD00000EB417B5054C05AB04CB0100FE
:1056200020680193FFF768FB1EBC08BC03B0184755
:105630008C020020062010B500F02CF80120EDF7B8
:1056400046FF70B504000D001F2904D9162303601E
:105650000120404270BDC36B002B04D08A009B1810
:105660001A68002A08D1200000F030F82A00010052
:10567000200000F019F8EDE7012A09D0511C03D1F0
:10568000162303600120E5E70021280019609047F8
:105690000020DFE710B5034B01001868FFF7D1FFCA
:1056A00010BDC0468C020020002370B5064D0400DA
:1056B000080011002B60EDF702FF431C03D12B689B
:1056C000002B00D0236070BDFCAB012010B5EDF7BE
:1056D000F4FE10BDF8B504000D0000F021F8220022
:1056E00006000F002B0020002900EDF79FFB00288B
:1056F00013D10022002320002900EAF7CBFF002865
:105700000BD0FDF7E7FC21230022036000231000EB
:105710001900ECF761F806000F0030003900F8BD01
:10572000F0B50A000D006B4904000300080087B0C3
:105730002840884211D122002B0020002900ECF7DC
:1057400085FC02000B0020002900EBF77FFC040021
:105750000D002000290007B0F0BD002D11DC69000C
:1057600049082143F5D00020854210D022002B00AB
:1057700020002900ECF750FF02000B00ECF72CF89A
:10578000E5E7281515D180240021640307E0DA0A33
:1057900015385B05002AFAD0F5E7520001312242A4
:1057A000FBD04C1E001B20241D00641AE5408B40DA
:1057B0002A434949120344188021120B490311431B
:1057C000C00703D4DA0F490051185B0000256210AE
:1057D000490080240592DA0F5218162029005B0038
:1057E000A4030E19964202DC3119921B2D19DE0F0B
:1057F0005200013892195B0064080028F1D120267C
:105800008027040004963F063E18B4468A4202DC14
:1058100014D19E4212D860466646C0190091002EEF
:1058200003DAC643F60F8E190096521A6345894172
:105830004942521A61465B1A0099E419DE0F520080
:105840009219049E5B00013E7F080496002EDBD176
:105850001A431FD0214E224F306871683A687B6826
:10586000009201933268736802920393009A019B3D
:10587000ECF7D2FE02000B0002980399EAF714FF3E
:10588000002807D0306871683A687B68671C0CD1C3
:10589000049C0135134A6B109B18059AED076408A8
:1058A000120525432800D11851E7EBF7CFFB7768A5
:1058B000366802000B0030003900EAF7EBFE0028E2
:1058C00004D0023463426341ED18E3E7012301345D
:1058D0009C43DFE70000F07F01FCFFFF40860208E9
:1058E000388602080000E03FF8B5C046F8BC08BCA6
:1058F0009E467047F8B5C046F8BC08BC9E46704747
:1059000001B40248844601BC604700BFDD020020AC
:10591000318202083482020837820208C60A01086E
:10592000F2090108DC090108580A0108DC0901082C
:105930008C0A0108DC090108580A0108F20901086B
:10594000F20901088C0A0108580A0108C80901086F
:10595000C8090108C8090108960A0108F2090108E6
:10596000F2090108DC090108320B0108DC09010811
:105970008C0A0108DC090108320B0108F209010850
:10598000F20901088C0A0108320B0108C809010854
:10599000C8090108C80901080C1A0108CA18010839
:1059A000A818010894180108A8180108AE190108E0
:1059B000A818010894180108CA180108CA18010893
:1059C000AE190108941801088C1801088C180108F8
:1059D0008C180108D0190108486172644661756C21
:1059E000740D00696E69745461736B0049444C45D1
:1059F00000546D725100546D7220537663005B61E8
:105A000070705F696E69745D204661696C656420C1
:105A1000746F20696E697469616C697A652062735C
:105A2000705F6374726C2100437573746F6D2F55D2
:105A30007365722F6170702E63005B6170705F69B7
:105A40006E69745D204661696C656420746F2069BD
:105A50006E697469616C697A6520636D645F636FF8
:105A60006E736F6C6521005B6170705F696E697445
:105A70005D204661696C656420746F20696E69748D
:105A800069616C697A6520686F73745F6C696E6BAD
:105A90005F6170702100617070005B6170705F69A0
:105AA0006E69745D204661696C656420746F206363
:105AB0007265617465207461736B21005B61707045
:105AC0005F696E69745D206F6B2120766572736902
:105AD0006F6E3A2025732E00302E312E370061690B
:105AE0006E25753A206C6576656C3D25640D0A005F
:105AF0004D5334313930384D206C656E73207465E8
:105B00007374202863616C6C20696E6974202D3E6B
:105B100020636667202D3E20697269732F7A6F6F4C
:105B20006D2F666F637573293A0D0A0020206C652E
:105B30006E7320696E69747C6465696E69740D0AA0
:105B40000020206C656E7320636667205B616C6C5F
:105B50007C697269737C6D6F746F725D2020202088
:105B6000203A206C6F61642064656661756C7473A3
:105B7000202864656661756C743A20616C6C290D2F
:105B80000A0020206C656E73207374617465202098
:105B90002020202020202020202020202020202005
:105BA00020203A20697269732F7A6F6F6D2F666FAC
:105BB000637573207374617465202B20706F736933
:105BC00074696F6E730D0A0020206C656E73206916
:105BD0007269732072756E7C73746F707C6164631C
:105BE0007C746774203C302D313032333E0D0A0016
:105BF00020206C656E73207A6F6F6D7C666F6375A5
:105C0000732072756E203C7070733E203C6D69632A
:105C1000726F5F73746570733E202020282B203DC7
:105C20003E206D61782C202D203D3E206D696E292F
:105C30000D0A0020206C656E73207A6F6F6D7C6694
:105C40006F63757320616273203C7070733E203CFB
:105C5000706F736974696F6E3E20202020202028A9
:105C60006162736F6C7574653B206E656564207A44
:105C700065726F2C206C696D69747320696620638E
:105C80006F6E66696775726564290D0A0020206C65
:105C9000656E73207A6F6F6D7C666F6375732073AA
:105CA000746F700D0A0020206C656E73207A6F6F20
:105CB0006D7C666F6375732077616974205B7469AE
:105CC0006D656F75745F6D735D202020202020202E
:105CD000202864656661756C742035303030290D7C
:105CE0000A0020206C656E73207A6F6F6D7C666F82
:105CF00063757320727A205B74696D656F75745F6C
:105D00006D735D202020202020202020203A20615B
:105D100073796E63207265736574207A65726F2083
:105D20002864656661756C7420776169742031320E
:105D30003073290D0A0020206C656E73207A6F6F16
:105D40006D7C666F637573206C696D203C6D696E48
:105D50003E203C6D61783E20202020202020202005
:105D6000203A20706F736974696F6E206C696D6979
:105D7000747320666F722072657365740D0A00205B
:105D8000206C656E73207069205B7A6F6F6D7C6626
:105D90006F6375735D20202020202020202020208C
:105DA00020202020202020203A207265616420508D
:105DB00049206C6576656C2028313D484947482C60
:105DC00020303D4C4F57290D0A00686C20E280942A
:105DD00020686F73745F6C696E6B207465737420D8
:105DE00028555341525432202D3E204C696E75780F
:105DF0002C2070656572206D7573742068616E6407
:105E00006C652050494E472F4543484F293A0D0AAB
:105E1000002020686C20202020202020202020200E
:105E20002020203A2068656C700D0A002020686CE4
:105E300020737420202020202020202020203A20A1
:105E400068616E646C657220696E69742073746138
:105E50007475730D0A002020686C2070696E6720CD
:105E60005B2D6E203C4E3E5D205B2D69203C6D73AA
:105E70003E5D205B2D74203C74696D656F75745FA9
:105E80006D733E5D203A2073696E676C65206279A0
:105E90002064656661756C743B207072696E742055
:105EA0006D696E2F6176672F6D6178205254540DA5
:105EB0000A002020686C206563686F203C74657858
:105EC000743E20203A2052455155455354204543B5
:105ED000484F2028737061636573204F4B290D0A6A
:105EE000002020686C20657674205B746578745D92
:105EF0002020203A204556454E5420636D643D4590
:105F000043484F2C2077616974204556454E545FB5
:105F100041434B0D0A0048494748004C4F57006C1D
:105F2000656E733A2070695F25733D2564202825CE
:105F300073290020286E6F7420696E697469616C22
:105F4000697A6564290D0A002C20636C65617220F2
:105F50006174206D6178282B290D0A002C2073684C
:105F600061646564206174206D696E282D290D0AB5
:105F7000002C20636C656172206174206D696E284D
:105F80002D290D0A002C20736861646564206174FA
:105F9000206D6178282B290D0A0028656D707479B1
:105FA000290D0A00256300220D0A002530325820F1
:105FB000002E2E2E0022006865782025753A2000DC
:105FC0007274633A206765742074696D6520666138
:105FD000696C65640D0A007274633A206765742009
:105FE00064617465206661696C65640D0A005254D1
:105FF000433A203230253032642D253032642D254D
:1060000030326420253032643A253032643A25300B
:10601000326420285765656B4461793A2564290DFF
:106020000A00736574007274633A20696E76616C5D
:1060300069642C20757365205959204D4D204444C6
:10604000204848204D4D2053532057202859593A75
:10605000302D39392C204D3A312D31322C20443A13
:10606000312D33312C20483A302D32332C204D3A0B
:10607000302D35392C20533A302D35392C20573AD4
:10608000312D37290D0A007274633A20736574202C
:1060900074696D65206661696C65640D0A007274CF
:1060A000633A207365742064617465206661696C6D
:1060B00065640D0A007274633A2073657420746F0E
:1060C000203230253032642D253032642D25303297
:1060D0006420253032643A253032643A2530326407
:1060E00020285765656B4461793A2564290D0A00BB
:1060F00073657474696D65007274633A20696E76B5
:10610000616C69642074696D652C20757365204825
:1061100048204D4D2053532028323468290D0A0061
:106120007274633A2074696D652073657420746FAE
:1061300020253032643A253032643A253032640DFD
:106140000A0073657464617465007274633A20694F
:106150006E76616C696420646174652C207573656A
:10616000205959204D4D2044442057202859593A50
:10617000302D39392C204D3A312D31322C20443AF2
:10618000312D33312C20573A312D37290D0A007229
:1061900074633A20646174652073657420746F20A1
:1061A0003230253032642D253032642D2530326472
:1061B00020285765656B4461793A2564290D0A00EA
:1061C00055736167653A0D0A0020207274632020C0
:1061D00020202020202020202020202020202020BF
:1061E0002020202020202020202020202020203A95
:1061F0002073686F772063757272656E74205254D5
:106200004320646174652F74696D650D0A00202058
:1062100072746320736574205959204D4D20444495
:10622000204848204D4D2053532057202020202027
:10623000202020203A207365742066756C6C2052F3
:10624000544320646174652F74696D652F776565AB
:106250006B6461790D0A0020207274632073657489
:1062600074696D65204848204D4D205353202020EF
:10627000202020202020202020202020203A2073B1
:106280006574205254432074696D65206F6E6C797B
:106290002028323468290D0A00202072746320738C
:1062A000657464617465205959204D4D2044442023
:1062B0005720202020202020202020202020203A8D
:1062C0002073657420525443206461746520262035
:1062D0007765656B646179206F6E6C790D0A0020BB
:1062E000206C6564203C6E6561727C6661727C77AF
:1062F000327C77317C6972313E205B647574792021
:10630000302D3130305D0D0A006E656172006661BE
:106310007200773200773100697231006C65643A3F
:1063200020696E76616C6964206C6564206E616DB5
:10633000652C20757365206E6561727C6661727C68
:1063400077327C77317C6972310D0A006C65643A72
:1063500020257320647574793D25750D0A006C65E0
:10636000643A2025732073657420647574793D2523
:10637000752C207265743D25640D0A006972637581
:10638000743A2073746174653D25750D0A002020F0
:106390006972637574205B307C315D202020202081
:1063A000202020202020202020203A206765742FE4
:1063B0007365742049522D4355542073746174657C
:1063C0000D0A0069726375743A207365742025752F
:1063D0002C207265743D25640D0A0066616E3A20BA
:1063E000647574793D25750D0A00202066616E2064
:1063F0005B6475747920302D3130305D2020202091
:106400002020202020203A206765742F7365742097
:1064100066616E20647574792028494F206F6E2F55
:106420006F6666290D0A0066616E3A2073657420F6
:10643000647574793D25752C207265743D25640D55
:106440000A00686561743A20647574793D25750D9C
:106450000A00202068656174205B647574792030BF
:106460002D3130305D2020202020202020203A2097
:106470006765742F73657420686561746572206444
:106480007574792028494F206F6E2F6F6666290D2D
:106490000A00686561743A207365742064757479C4
:1064A0003D25752C207265743D25640D0A007261CE
:1064B0006461723A2073746174653D25750D0A003C
:1064C00020207261646172205B307C315D2020206D
:1064D0002020202020202020202020203A20676516
:1064E000742F73657420726164617220656E6162DD
:1064F0006C650D0A0072616461723A2073657420E4
:1065000025752C207265743D25640D0A00202061DC
:106510006F7574203C307C313E205B307C315D20D7
:106520002020202020202020203A206765742F730F
:10653000657420616C61726D206F7574302F310D40
:106540000A00616F757425753A2073746174653D36
:1065500025750D0A00616F757425753A2073657491
:106560002025752C207265743D25640D0A002020BD
:10657000776F7574203C307C313E205B307C315D20
:1065800020202020202020202020203A2067657411
:106590002F7365742057696567616E64206F757429
:1065A000302F310D0A00776F757425753A2073749A
:1065B0006174653D25750D0A00776F757425753A10
:1065C000207365742025752C207265743D25640D3B
:1065D0000A0070643A20766F6C746167653D2575BA
:1065E000206D562C2076616C75653D252E33662016
:1065F0006C75780D0A0074656D703A20766F6C7456
:106600006167653D2575206D562C2076616C75653A
:106610003D252E336620430D0A00202061696E203F
:106620003C307C313E2020202020202020202020B3
:106630002020202020203A207265616420616C6156
:10664000726D20696E302F31206C6576656C0D0A95
:1066500000202061696E203C307C313E20726567ED
:10666000697374657220202020202020203A207237
:10667000656769737465722063616C6C6261636BDA
:1066800020666F7220616C61726D20696E302F31EF
:106690000D0A0072656769737465720061696E2521
:1066A000753A2072656769737465722063616C6CFA
:1066B0006261636B2C207265743D25640D0A007263
:1066C000657365745F736F633A207265743D25640A
:1066D0000D0A007265626F6F743A206E6F770D0A53
:1066E00000626F6F745F6F74613A20736574206627
:1066F0006C61673D312072633D25642C20726562B8
:106700006F6F742E2E2E0D0A003F006F74615F694B
:106710006E666F3A2072633D25640D0A0020206D7D
:10672000616769633D30782530386C5820626F6F3F
:10673000745F796D6F64656D5F666C61673D256C34
:106740007520696E666F5F63726333323D30782502
:1067500030386C580D0A002020736C6F74303A206A
:106760007374617475733D257320766572696679FB
:106770005F636F756E743D256C7520666C61736820
:106780005F747970653D256C7520616464723D307D
:10679000782530386C582073697A653D256C750D05
:1067A0000A006C656E733A20696E697420726574B4
:1067B0003D25640D0A006465696E6974006C656E40
:1067C000733A206465696E697420646F6E650D0AA2
:1067D0000063666700616C6C006C656E733A2069DB
:1067E00072697320636667207265743D25640D0AC3
:1067F000006C656E733A2063666720616C6C207272
:1068000065743D25640D0A0069726973006C656EDC
:10681000733A206366672069726973207265743DFC
:1068200025640D0A006D6F746F72006C656E733AAB
:1068300020636667206D6F746F72207265743D25EA
:10684000640D0A006C656E733A2063666720756E8E
:106850006B6E6F776E20272573272C20757365204C
:10686000616C6C7C697269737C6D6F746F720D0AF8
:10687000007374617465006C656E733A20697269A7
:10688000733D2573207A6F6F6D3D257320666F63AE
:1068900075733D257320706F735F7A3D256420709A
:1068A0006F735F663D25640D0A006C656E733A2058
:1068B0007A6F6F6D5F727A5F646F6E653D256420DD
:1068C000666F6375735F727A5F646F6E653D256492
:1068D0000D0A007A6F6F6D00666F637573007069E3
:1068E000006C656E733A20697269732072756E7CF4
:1068F00073746F707C6164637C746774203C302DAA
:10690000313032333E0D0A0072756E006C656E7365
:106910003A20697269732072756E207265743D2524
:10692000640D0A006C656E733A2069726973207396
:10693000746F70207265743D25640D0A0061646394
:10694000006C656E733A2069726973206164633DFF
:1069500025750D0A00746774006C656E733A2069C2
:1069600072697320746774203C302D313032333EAD
:106970000D0A006C656E733A206972697320746742
:10698000743D2575207265743D25640D0A006C65A3
:106990006E733A206972697320756E6B6E6F776ED5
:1069A00020737562636D640D0A006C656E733A2026
:1069B0007A6F6F6D2072756E7C6162737C73746F19
:1069C000707C776169747C727A7C6C696D202E2E84
:1069D0002E0D0A006C656E733A207A6F6F6D20720F
:1069E000756E203C7070733E203C6D6963726F5F02
:1069F00073746570733E0D0A006C656E733A207A8D
:106A00006F6F6D2072756E207070733D25752073E9
:106A1000746570733D256C64207265743D25640D4A
:106A20000A00616273006C656E733A207A6F6F6D55
:106A300020616273203C7070733E203C706F7369FC
:106A400074696F6E3E0D0A006C656E733A207A6F42
:106A50006F6D20616273207070733D257520706FBB
:106A6000733D256C64207265743D25640D0A006CCD
:106A7000656E733A207A6F6F6D2073746F70207239
:106A800065743D25640D0A0077616974006C656E5C
:106A9000733A207A6F6F6D207761697420256C7569
:106AA000206D73207265743D25640D0A00727A00B2
:106AB0006C656E733A207A6F6F6D20727A207175F3
:106AC000657565207265743D25640D0A006C656E00
:106AD000733A207A6F6F6D20727A20776169742023
:106AE0007265743D256420706F733D25640D0A0046
:106AF0006C696D006C656E733A207A6F6F6D206CF7
:106B0000696D203C6D696E3E203C6D61783E0D0ADA
:106B1000006C656E733A207A6F6F6D206C696D2022
:106B2000256C6420256C64207265743D25640D0A13
:106B3000006C656E733A207A6F6F6D20756E6B6EA8
:106B40006F776E20737562636D640D0A006C656EFD
:106B5000733A20666F6375732072756E7C61627321
:106B60007C73746F707C776169747C727A7C6C69F9
:106B70006D202E2E2E0D0A006C656E733A20666F06
:106B80006375732072756E203C7070733E203C6D8F
:106B90006963726F5F73746570733E0D0A006C6594
:106BA0006E733A20666F6375732072756E20707015
:106BB000733D25752073746570733D256C64207278
:106BC00065743D25640D0A006C656E733A20666F2E
:106BD00063757320616273203C7070733E203C705B
:106BE0006F736974696F6E3E0D0A006C656E733A5F
:106BF00020666F63757320616273207070733D252A
:106C00007520706F733D256C64207265743D25643A
:106C10000D0A006C656E733A20666F63757320739E
:106C2000746F70207265743D25640D0A006C656E8A
:106C3000733A20666F637573207761697420256CE1
:106C400075206D73207265743D25640D0A006C65B6
:106C50006E733A20666F63757320727A2071756562
:106C60007565207265743D25640D0A006C656E7350
:106C70003A20666F63757320727A20776169742099
:106C80007265743D256420706F733D25640D0A00A4
:106C90006C656E733A20666F637573206C696D2046
:106CA0003C6D696E3E203C6D61783E0D0A006C655E
:106CB0006E733A20666F637573206C696D20256C66
:106CC0006420256C64207265743D25640D0A006C97
:106CD000656E733A20666F63757320756E6B6E6FA9
:106CE000776E20737562636D640D0A006F6B004EE2
:106CF000554C4C2028696E6974206661696C656426
:106D00003F2900686C3A2068616E646C65723D25AD
:106D1000730D0A00686C3A206E6F7420696E697496
:106D200069616C697A65640D0A0070696E67002D8F
:106D30006E002D69002D7400686C3A2070696E67D2
:106D40002061726773206572726F722C2075736593
:106D50003A20686C2070696E67205B2D6E203C4E77
:106D60003E5D205B2D69203C6D733E5D205B2D7484
:106D7000203C74696D656F75745F6D733E5D0D0ABF
:106D800000686C3A2070696E67205B256C752F2552
:106D90006C755D206572723D2564207274743D25AA
:106DA0006C75206D730D0A00686C3A2070696E670F
:106DB000205B256C752F256C755D204F4B2C207545
:106DC00033323D30782530386C582028256C7529B1
:106DD0002C207274743D256C75206D730D0A00684B
:106DE0006C3A2070696E67205B256C752F256C7579
:106DF0005D204F4B2C206C656E3D25752C207274E8
:106E0000743D256C75206D730D0A00686C3A207016
:106E1000696E672073746174732073656E743D25A9
:106E20006C75206F6B3D256C75206C6F73733D2501
:106E30006C75206D696E2F6176672F6D61783D25C9
:106E40006C752F256C752F256C75206D730D0A00E0
:106E5000686C3A2070696E67207374617473207374
:106E6000656E743D256C75206F6B3D30206C6F73C3
:106E7000733D256C750D0A006563686F00686C3A98
:106E8000206563686F203C746578743E0D0A006865
:106E90006C3A206563686F206572723D25640D0A47
:106EA00000686C3A206563686F204F4B2C206C653E
:106EB0006E3D25753A200065767400686C3A206551
:106EC0007674206572723D25640D0A00686C3A2064
:106ED000657674204F4B20284556454E54202B2074
:106EE0004556454E545F41434B290D0A006E6F7461
:106EF00020696E6974656400384E3100525334382D
:106F00003520746573742028555341525433293AFF
:106F10000D0A00202072733438352073740D0A0076
:106F20002020727334383520696E6974205B626189
:106F300075645D205B63666728384E31295D0D0AF4
:106F40000020207273343835206465696E69740DD1
:106F50000A0020207273343835207478203C746520
:106F600078743E0D0A002020727334383520727810
:106F7000205B74696D656F75745F6D735D205B6D0B
:106F800061785F6C656E5D0D0A0020207273343885
:106F9000352074787278203C74696D656F75745F04
:106FA0006D733E203C746578743E0D0A0072733434
:106FB00038353A2025730D0A0072733438353A207B
:106FC000696E697420626175643D256C7520636625
:106FD000673D2573207265743D25640D0A00727348
:106FE0003438353A206465696E6974207265743D81
:106FF00025640D0A0074780072733438353A2074B1
:1070000078203C746578743E0D0A0072733438350C
:107010003A207478206C656E3D2575207265743D4C
:1070200025640D0A0072733438353A207278207264
:1070300065743D25640D0A0072733438353A207248
:1070400078206C656E3D2575206865783A2000745F
:107050007872780072733438353A207478727820F8
:107060003C74696D656F75745F6D733E203C74652B
:1070700078743E0D0A0072733438353A2074787291
:1070800078207265743D25640D0A007273343835BA
:107090003A20747872782072785F6C656E3D257541
:1070A000206865783A200072733438353A20756E5E
:1070B0006B6E6F776E20737562636D640D0A004EA0
:1070C0004F5F4346470053544F505045440052557C
:1070D0004E4E494E470052455345545F5A45524F14
:1070E000004552524F5200494E56414C49440044CB
:1070F0004F574E4C4F4144494E4700554E5645520E
:10710000494649454400414354495645004241439C
:107110004B5550005B686F73745F6C696E6B5D20DC
:1071200045565F414C41524D5F494E206572723D5C
:1071300025642063683D2575204C3D257500437509
:1071400073746F6D2F557365722F686F73745F6CF6
:10715000696E6B5F6170702E63005B686F73745F44
:107160006C696E6B5D2055534152543220737075BB
:1071700072696F7573206572726F722063616C6CD7
:107180006261636B2028636F64653D30292C206B3E
:107190006565702052582072756E6E696E67005B6F
:1071A000686F73745F6C696E6B5D20555341525408
:1071B00032206F76657272756E20284F5245292CE9
:1071C00020717569636B207265636F7665722C2020
:1071D000636F64653D256C75005B686F73745F6CED
:1071E000696E6B5D20555341525432206572726F47
:1071F000722C20636F64653D256C75005B686F734E
:10720000745F6C696E6B5D2045565F4C454E532034
:107210006572723D2564206576743D256C7520721B
:1072200065743D25640025642E25642E2564005B6D
:10723000686F73745F6C696E6B5D2045565F525367
:107240003438355F5258206572723D2564206C6574
:107250006E3D257500686C5F756172743200686CF4
:107260005F706F6C6C005B686F73745F6C696E6BE2
:107270005F6170705D20696E6974204F4B2100253D
:107280003032580D0A002573204F757470757420C4
:107290002575206461746128686578293A0D0A00B3
:1072A0002563205B25733A25645D2D3E2025730DF3
:1072B0000A006E65353033406D63750025733A20E2
:1072C000001B5B441B5B50001B5B43001B5B4400CB
:1072D0001B5B324B0D000D0A496E70757420706196
:1072E00072616D6574657220636F756E74203E20E7
:1072F0002564210D0A00636D64202573206E6F7470
:1073000020696D706C656D656E7465642E0D0A0084
:107310000D0A63616E27742066696E6420636D6474
:107320002025732E0D0A000D0A6C696E6520746F9E
:107330006F206C6F6E67210D0A001B5B2564400097
:107340002D2D2D2D2D2D2D2D2D2D2D2D2D2D2D2D6D
:107350002D2D2D2D2D2D2D2D2D2D2D2D2D2D2D2D5D
:107360002D2D2D2D2D2D2D2D2D2D2D2D0D0A0025C5
:107370002D313073202025730D0A00257320001B4A
:107380005B256444001B5B324A001B5B303B30488A
:10739000002D68002D700073686F77207468697322
:1073A0002068656C7000636C656172207363726540
:1073B000656E007274630073686F772F7365742055
:1073C0005254432074696D65007465737420616E56
:1073D0006420636F6E74726F6C204C454473006957
:1073E0007263757400746573742049522D4355544B
:1073F00020636F6E74726F6C0066616E00746573EB
:10740000742066616E20636F6E74726F6C006865C5
:1074100061740074657374206865617465722063BB
:107420006F6E74726F6C0072616461720074657368
:107430007420726164617220656E61626C650061C6
:107440006F7574007465737420616C61726D206F68
:1074500075747075747300776F75740074657374E8
:107460002057696567616E64206F757470757473F9
:1074700000706400726561642050442041444320E0
:1074800076616C75650074656D700072656164206D
:1074900054454D50204144432076616C7565006130
:1074A000696E007265616420616C61726D20696E45
:1074B000707574730072657365745F736F630072C7
:1074C0006573657420536F4320706F776572007227
:1074D00065626F6F74204D435500626F6F745F6F0C
:1074E00074610073657420626F6F7420796D6F64CE
:1074F000656D2074616720616E64207265626F6FD4
:1075000074006F74615F696E666F007072696E748B
:10751000204F5441207265636F726420696E666FFC
:10752000006C656E73004D5334313930384D206C2A
:10753000656E732064726976657220746573740079
:10754000686C00686F73745F6C696E6B2055534193
:1075500052543220686F73742074657374007273B0
:10756000343835005253343835285553415254334A
:107570002920647269766572207465737400727371
:107580003438355F7278005B6D7334313930386D63
:107590005D20506F736974696F6E206C696D6974DA
:1075A0002065786365656465643A20746172676517
:1075B000743D256C642C206D696E3D256C642C2017
:1075C0006D61783D256C6400437573746F6D2F4356
:1075D0006F6D706F6E656E74732F6D7334313930EB
:1075E000386D2F6D7334313930386D2E63005B6D1B
:1075F0007334313930386D5D204D6F746F72207384
:107600007461727465643A20747970653D25642CE8
:1076100020696E7463743D25642C206C6F61645F17
:107620007073756D3D256325642C20756E6C6F61DC
:10763000645F7073756D3D25632564005B6D733405
:10764000313930386D5D20617070206E6F746966FD
:10765000792071756575652066756C6C2C20657672
:10766000656E74203078256C782064726F70706558
:1076700064005B6D7334313930386D5D2052657351
:1076800065742061626F727465642062792075731D
:1076900065722073746F70005B6D733431393038EC
:1076A0006D5D205265736574207A65726F20666126
:1076B000696C65643A202564005B6D733431393040
:1076C000386D5D205265736574207A65726F206332
:1076D0006F6D706C65746564005A6F6F6D00466FF6
:1076E000637573005B6D7334313930386D5D2046DE
:1076F0006F637573206D6F746F722074696D656F41
:1077000075742028256C75206D73292C20666F7286
:1077100063652073746F70005B6D7334313930387A
:107720006D5D205A6F6F6D206D6F746F722074697C
:107730006D656F75742028256C75206D73292C205C
:10774000666F7263652073746F70005B6D733431A4
:107750003930386D5D205265736574207A65726FBB
:10776000206661696C65643A20696E76616C696453
:10777000206C696D697420636F6E66696720286D7F
:10778000696E3D256C642C206D61783D256C642903
:10779000005B6D7334313930386D5D205A6F6F6D19
:1077A0002072657365743A2050493D484947482026
:1077B00028636C656172206174206D61782B292CBF
:1077C00020706F733D256C642C20736C6F77206381
:1077D000617074757265005B6D7334313930386D6A
:1077E0005D205A6F6F6D2072657365743A20504941
:1077F0003D4C4F5720287368616465206174206D8B
:10780000696E2D292C20706F733D256C642C2066C9
:10781000617374206578697420746F20636C65618E
:1078200072005B6D7334313930386D5D20466F63A3
:1078300075732072657365743A2050493D48494715
:10784000482028636C656172206174206D696E2D1B
:10785000292C20706F733D256C642C20736C6F771E
:107860002063617074757265005B6D7334313930FB
:10787000386D5D20466F6375732072657365743A69
:107880002050493D4C4F5720287368616465206142
:1078900074206D61782B292C20706F733D256C64EA
:1078A0002C2066617374206578697420746F20637E
:1078B0006C656172005B6D7334313930386D5D20F9
:1078C000466F63757320737465702075706461749E
:1078D00065206661696C6564005B6D7334313930B5
:1078E000386D5D20466F63757320636F6D706C65D6
:1078F000746564005B6D7334313930386D5D205AC6
:107900006F6F6D207374657020757064617465208D
:107910006661696C6564005B6D7334313930386D54
:107920005D205A6F6F6D20636F6D706C6574656458
:10793000005B6D7334313930386D5D2025732066FE
:10794000617374206578697420746F2050493D48D4
:107950004947483A206D6963726F5F73746570734D
:107960003D256C64005B6D7334313930386D5D20BA
:1079700050492072656C656173656420746F20489E
:1079800049474820647572696E6720666173742088
:1079900065786974005B6D7334313930386D5D2002
:1079A00050492072656C656173656420746F20486E
:1079B00049474820617420656E64206F66206661C7
:1079C00073742065786974005B6D733431393038B5
:1079D0006D5D205265736574207A65726F206661F3
:1079E000696C65643A205049207374696C6C204C52
:1079F0004F572061667465722066617374206578E4
:107A00006974005B6D7334313930386D5D202573D6
:107A100020736C6F772063617074757265202868BD
:107A20006F6D652065646765293A206D6963726FC3
:107A30005F73746570733D256C64005B6D733431E6
:107A40003930386D5D2050492066616C6C696E6715
:107A5000206564676520647572696E6720736C6F5A
:107A6000772063617074757265005B6D73343139B2
:107A700030386D5D205265736574207A65726F20B1
:107A80006661696C65643A205049206E657665725E
:107A900020747269676765726564206F6E20736C0D
:107AA0006F772063617074757265005B6D7334313C
:107AB0003930386D5D20506F727420696E697420A2
:107AC0006661696C65643A202564005B6D733431CE
:107AD0003930386D5D204661696C656420746F20B3
:107AE000637265617465206D6F746F722074617369
:107AF0006B005B6D7334313930386D5D20466169E0
:107B00006C656420746F20637265617465206972AE
:107B100069732074696D6572005B6D73343139303F
:107B2000386D5D20496E697469616C697A656400BD
:107B30005B6D7334313930386D5D205A6F6F6D2055
:107B40007265736574207A65726F207265717565F0
:107B500073746564005B6D7334313930386D5D204A
:107B6000466F637573207265736574207A65726FF2
:107B700020726571756573746564005B6D73343173
:107B80003930386D5D204465696E697469616C696E
:107B90007A6564005B6D7334313930386D5D205A1D
:107BA000462073796E6320737461727465643A2041
:107BB0007A6F6F6D3D2563256C754025752C2066A9
:107BC0006F6375733D2563256C75402575006D7376
:107BD00034313930386D5F74696D6572006D73349E
:107BE000313930386D5F7461736B005B636F6E7336
:107BF0006F6C655F7461736B5D20554152542065F5
:107C000072726F7228256429206F722073746174F8
:107C1000757328256429206572726F72210043757F
:107C200073746F6D2F436F6D706F6E656E74732F0D
:107C3000636D645F636F6E736F6C652F636D645FFC
:107C4000636F6E736F6C652E63005B636F6E736F33
:107C50006C655F696E69745D204661696C6564205E
:107C6000746F20637265617465206576656E74203B
:107C700067726F757021005B636F6E736F6C655F09
:107C8000696E69745D204661696C656420746F205B
:107C90007265636569766520646174612100636F54
:107CA0006E736F6C655F7461736B005B636F6E7393
:107CB0006F6C655F696E69745D204661696C6564AF
:107CC00020746F2063726561746520636F6E736FDB
:107CD0006C65207461736B21005B636F6E736F6CF6
:107CE000655F696E69745D204F4B21005B636F6E49
:107CF000736F6C655F707574735D204661696C6548
:107D00006420746F207472616E736D697420646195
:107D10007461287374617475733A20256429210095
:107D20005B636F6E736F6C655F707574735D204617
:107D300061696C656420746F207761697420666F77
:107D40007220545820636F6D706C657465210072E9
:107D50006973696E670066616C6C696E67005B626F
:107D600073705F6374726C5F7461736B5D20414C00
:107D700041524D5F494E3020257300437573746F37
:107D80006D2F436F6D706F6E656E74732F627370BD
:107D90005F6374726C2F6273705F6374726C2E63B6
:107DA000005B6273705F6374726C5F7461736B5DB0
:107DB00020414C41524D5F494E31202573005B629A
:107DC00073705F6374726C5F726561645F6164633A
:107DD0005D20414443206572726F722830782530EF
:107DE00038582921005B6273705F6374726C5F7234
:107DF0006561645F6164635D2041444320636F6D2E
:107E0000706C6574652074696D656F757421005BB5
:107E10006273705F6374726C5D20564444412866DF
:107E2000726F6D2056524546494E5429207E2025BA
:107E30006C75206D56005B6273705F6374726C5D6D
:107E40002056524546494E54205644444120696EBE
:107E500076616C69642028256C75206D56292C206C
:107E60007573696E67204253505F4144435F5245CA
:107E7000465F564F4C544147455F4D563D25640083
:107E80005B6273705F6374726C5D2048414C5F414C
:107E9000444345785F43616C6962726174696F6ED7
:107EA0005F5374617274206661696C6564206166F9
:107EB0007465722041444320726573746F7265006B
:107EC0005B6273705F6374726C5F696E69745D206E
:107ED0004661696C656420746F20637265617465C6
:107EE000206576656E742067726F7570210062730D
:107EF000705F6374726C005B6273705F6374726C4A
:107F00005F696E69745D204661696C656420746F99
:107F100020637265617465207461736B21005B621C
:107F200073705F6374726C5F696E69745D206F6BF0
:107F300021005B4F54415D5B455D207265636F724C
:107F4000645F6C6F61643A20666C6173682072656F
:107F50006164206661696C65640D005B4F54415D2E
:107F60005B455D20666C6173685F65726173655F18
:107F7000736C6F743A206572617365206661696C19
:107F8000656420747970653D256C75206164647248
:107F90003D256C752073697A653D256C750D0A0069
:107FA0005B4F54415D5B455D207265636F72645F3A
:107FB00073746F72653A20666C61736820657261D4
:107FC0007365206661696C65640D005B4F54415DAB
:107FD0005B455D207265636F72645F73746F726579
:107FE0003A20666C617368207772697465206661F7
:107FF000696C65640D005B4F54415D5B455D206FAE
:1080000074615F6D6F64756C655F696E69743A2049
:108010006D697373696E6720636F6E66696720664A
:10802000756E6374696F6E20706F696E74657273BC
:108030000D005B4F54415D5B455D206F74615F6176
:1080400070705F6D61726B5F766572696669656499
:108050003A206E6F20554E564552494649454420B8
:108060006F746120736C6F740D005B4F54415D5BE6
:10807000455D206F74615F6170705F6D61726B5FF1
:1080800076657269666965643A207265636F7264C9
:108090005F73746F7265206661696C65640D00665C
:1080A0006C6173682070726F6772616D20696E76A3
:1080B000616C696420302D3E312061742025303898
:1080C0006C780D0A00666C6173682070726F67725D
:1080D000616D206661696C656420617420253038AB
:1080E0006C780D0A006F74615F7265626F6F740067
:1080F000494E4600696E66004E414E006E616E004C
:1081000030313233343536373839414243444546CD
:108110000030313233343536373839616263646563
:108120006600504F53495800496E66696E6974790C
:10813000004E614E005245454E54206D616C6C6F8F
:108140006320737563636565646564002F62756998
:108150006C642F676E752D746F6F6C732D666F7204
:108160002D73746D33325F31332E332E72656C3163
:108170002E32303234303932362D313731352F739B
:1081800072632F6E65776C69622F6E65776C6962BA
:108190002F6C6962632F7374646C69622F64746FEF
:1081A000612E630042616C6C6F632073756363655D
:1081B00065646564002F6275696C642F676E752D48
:1081C000746F6F6C732D666F722D73746D33325FC5
:1081D00031332E332E72656C312E323032343039D9
:1081E00032362D313731352F7372632F6E65776CD0
:1081F00069622F6E65776C69622F6C6962632F7399
:1082000074646C69622F6D707265632E6300232D38
:10821000302B2000686C4C0065666745464700417E
:108220002D46612D66383930313233343536375D7D
:10823000002B2D003030007858002C2066756E63BE
:1082400074696F6E3A2000617373657274696F6E42
:108250002022257322206661696C65643A20666974
:108260006C6520222573222C206C696E65202564A4
:10827000257325730A000000E3590208000000007E
:1082800000000000000000000000000000040000EA
:1082900018000000000000000000000000000000C6
:1082A00000000000000000000000000001000000CD
:1082B00002000000030000000400000000000000B5
:1082C00000000000000000000000000000000000AE
:1082D000000000000000000000000000010000009D
:1082E000020000000300000004000000060000007F
:1082F0000700000008000000090000000100020063
:108300000400060008000A000C00100020004000D5
:1083100080000001080402040801010101010103B9
:1083200007010000BF700208C6700208CE70020884
:10833000D6700208E1700208E7700208EF700208C8
:10834000FB700208067102080D7102085444495777
:1083500045464E006DD60108F1D4010811D7010839
:1083600069D40108F5D30108D9D30108BDD30108A8
:1083700089D3010859D3010805D30108030014006B
:108380000A1E0207010300C8C800000316C8C8007F
:1083900000000000020200000230000F060600018B
:1083A000000007004C8004000005000000000000F1
:1083B000000000000000800000000100000100003B
:1083C000000C00040400000018060020180600201D
:1083D000CC050020CC050020CC0500204F54415492
:1083E000030000000000000001080000070000007A
:1083F00000000000000000000000000000E0000895
:10840000000000080000000000000000000008005C
:108410000000000000000000000800000000000054
:1084200000000000F11602080D1A020819180208CF
:10843000E51702089917020800202020202020209C
:108440002020282828282820202020202020202004
:108450002020202020202020208810101010101014
:108460001010101010101010100404040404040460
:1084700004040410101010101010414141414141FA
:1084800001010101010101010101010101010101DC
:1084900001010101101010101010424242424242EC
:1084A00002020202020202020202020202020202AC
:1084B0000202020210101010200000000000000054
:1084C00000000000000000000000000000000000AC
:1084D000000000000000000000000000000000009C
:1084E000000000000000000000000000000000008C
:1084F000000000000000000000000000000000007C
:10850000000000000000000000000000000000006B
:10851000000000000000000000000000000000005B
:10852000000000000000000000000000000000004B
:108530000000000000000000000000000500000036
:10854000190000007D0000000080E03779C341433E
:10855000176E05B5B5B89346F5F93FE9034F384DA9
:10856000321D30F94877825A3CBF737FDD4F157555
:10857000000000000000F03F000000000000244068
:1085800000000000000059400000000000408F4043
:10859000000000000088C34000000000006AF840AE
:1085A0000000000080842E4100000000D0126341D2
:1085B0000000000084D797410000000065CDCD4148
:1085C000000000205FA00242000000E87648374229
:1085D000000000A2941A6D42000040E59C30A242C7
:1085E0000000901EC4BCD64200003426F56B0C433C
:1085F0000080E03779C3414300A0D88557347643E3
:1086000000C84E676DC1AB43003D9160E458E14343
:10861000408CB5781DAF154450EFE2D6E41A4B44B8
:1086200092D54D06CFF08044F64AE1C7022DB544FD
:10863000B49DD9794378EA4459F3F8C21F6EA50175
:10864000000000000000F03F5081FE7F01000000AC
:10865000E9020108C10201080024F400AAAAAAAA9A
:1086600001000000040000009173020894730208E6
:10867000356D0208A173020841DA010897730208F8
:10868000AF7802084DDA0108A6730208B373020836
:1086900061B20108B77302081379020841B50108F5
:1086A000C9730208DF73020811B60108E5730208F6
:1086B000F973020865B60108FD7302080E7402081A
:1086C000B9B6010813740208277402080DB701082F
:1086D0002D7402083F74020861B70108447402084F
:1086E00057740208D9B701085C7402087174020853
:1086F00051B80108747402088674020875B801083C
:108700008B7402089F74020899B80108A3740208C8
:10871000B574020825B90108BF740208FB74020889
:108720003DB90108CF740208DA74020869B901087A
:10873000E374020802750208A1B901080B7502086A
:108740002175020829BA0108267502084075020839
:1087500059C00108437502085E7502080DC401087E
:108760006475020801000000E40C00000000000035
:1087700003000000C0AA0120430000000000000028
:1087800000000000000000000000000000000000E9
:108790000000000000000000430000000000000096
:1087A00000000000000000000000000000000000C9
:1087B0000000000000000000430000000000000076
:1087C00000000000000000000000000000000000A9
:1087D0000000000000000000430000000000000056
:1087E0000000000000000000000000000000000089
:1087F0000000000000000000430000000000000036
:108800000000000000000000000000000000000068
:108810000000000000000000430000000000000015
:108820000000000000000000000000000000000048
:1088300000000000000000004300000000000000F5
:108840000000000000000000000000000000000028
:10885000000000000000000051460208E53E02084A
:108860000000000038840208B35F0208F5720208B5
:10887000F5720208F5720208F5720208F572020834
:10888000F5720208F5720208F5720208F572020824
:10889000FFFFFFFFFFFFFFFFFFFFFFFFFFFF0000E6
:1088A000010041534349490000000000000000005E
:1088B00000000000000000000000000000000000B8
:1088C000000041534349490000000000000000003F
:1088D0000000000000000000000000000000000098
:1088E000000000009002002000000000C0AA01204B
:1088F00028AB012090AB0120000000000000000028
:108900000000000000000000000000000000000067
:108910000000000000000000000000000000000057
:108920000000000000000000000000000000000047
:108930000000000080220C4B30B55C69D20222435B
:108940005A61EFF3108272B64C1CFF34401A0D6866
:1089500045500431A142FAD1C02189021869084268
:0C896000FCD182F3108830BD00200240E2
:00000001FF
